tokens,words,graphemes,bytes,tokenizer,language
25,15,88,88,gpt2,eng
44,36,225,225,gpt2,eng
31,28,166,166,gpt2,eng
60,50,315,315,gpt2,eng
37,29,175,175,gpt2,eng
29,20,130,130,gpt2,eng
10,8,35,35,gpt2,eng
24,21,128,128,gpt2,eng
15,10,67,67,gpt2,eng
15,12,81,81,gpt2,eng
27,24,166,166,gpt2,eng
29,23,150,150,gpt2,eng
30,24,133,133,gpt2,eng
32,28,175,175,gpt2,eng
41,33,213,213,gpt2,eng
45,39,254,254,gpt2,eng
42,34,195,197,gpt2,eng
25,18,117,117,gpt2,eng
29,24,157,157,gpt2,eng
58,42,275,277,gpt2,eng
18,14,95,95,gpt2,eng
14,11,79,79,gpt2,eng
37,22,187,187,gpt2,eng
40,31,191,193,gpt2,eng
28,24,151,151,gpt2,eng
18,16,107,108,gpt2,eng
23,19,131,131,gpt2,eng
33,27,190,190,gpt2,eng
27,16,109,109,gpt2,eng
13,12,69,69,gpt2,eng
51,40,251,255,gpt2,eng
49,42,253,253,gpt2,eng
29,24,136,136,gpt2,eng
27,23,152,152,gpt2,eng
13,11,72,72,gpt2,eng
18,14,91,91,gpt2,eng
39,34,190,190,gpt2,eng
24,19,115,115,gpt2,eng
19,15,91,91,gpt2,eng
14,10,60,60,gpt2,eng
24,21,112,112,gpt2,eng
23,11,72,72,gpt2,eng
33,21,128,128,gpt2,eng
27,19,128,128,gpt2,eng
28,22,120,120,gpt2,eng
32,25,143,143,gpt2,eng
27,24,125,125,gpt2,eng
22,19,96,96,gpt2,eng
19,16,100,100,gpt2,eng
27,22,146,146,gpt2,eng
14,11,61,61,gpt2,eng
30,27,149,149,gpt2,eng
26,25,138,138,gpt2,eng
27,26,151,151,gpt2,eng
41,35,230,232,gpt2,eng
37,29,195,195,gpt2,eng
39,34,204,204,gpt2,eng
33,28,194,194,gpt2,eng
19,18,136,136,gpt2,eng
12,11,60,60,gpt2,eng
28,25,133,133,gpt2,eng
19,18,111,111,gpt2,eng
33,29,156,156,gpt2,eng
34,29,185,185,gpt2,eng
24,21,133,133,gpt2,eng
26,20,103,103,gpt2,eng
26,15,107,107,gpt2,eng
24,18,100,100,gpt2,eng
27,19,114,114,gpt2,eng
31,25,157,157,gpt2,eng
22,20,107,107,gpt2,eng
47,36,220,220,gpt2,eng
37,29,196,196,gpt2,eng
50,44,255,255,gpt2,eng
37,31,186,186,gpt2,eng
31,25,162,162,gpt2,eng
35,29,189,189,gpt2,eng
22,19,120,120,gpt2,eng
13,8,56,56,gpt2,eng
31,23,160,160,gpt2,eng
23,18,116,116,gpt2,eng
20,16,90,90,gpt2,eng
22,17,107,107,gpt2,eng
33,25,148,148,gpt2,eng
14,12,60,60,gpt2,eng
24,17,117,117,gpt2,eng
43,33,176,176,gpt2,eng
26,23,150,150,gpt2,eng
23,19,122,122,gpt2,eng
27,24,133,133,gpt2,eng
30,24,124,124,gpt2,eng
22,21,119,119,gpt2,eng
31,28,140,140,gpt2,eng
11,9,58,58,gpt2,eng
28,23,139,139,gpt2,eng
20,15,101,101,gpt2,eng
21,19,125,125,gpt2,eng
34,16,118,118,gpt2,eng
25,21,121,121,gpt2,eng
26,21,124,124,gpt2,eng
17,14,74,74,gpt2,eng
42,32,189,189,gpt2,eng
34,25,154,154,gpt2,eng
11,10,65,65,gpt2,eng
20,19,99,99,gpt2,eng
20,16,100,100,gpt2,eng
13,12,67,67,gpt2,eng
37,33,201,201,gpt2,eng
50,36,216,216,gpt2,eng
18,13,79,79,gpt2,eng
25,13,94,94,gpt2,eng
15,14,70,70,gpt2,eng
14,13,70,70,gpt2,eng
17,13,80,80,gpt2,eng
31,28,202,202,gpt2,eng
27,22,143,143,gpt2,eng
31,28,169,169,gpt2,eng
29,23,130,131,gpt2,eng
14,11,64,64,gpt2,eng
35,28,164,164,gpt2,eng
41,27,161,162,gpt2,eng
39,31,184,184,gpt2,eng
16,14,94,94,gpt2,eng
16,13,63,63,gpt2,eng
21,20,107,107,gpt2,eng
30,27,155,155,gpt2,eng
11,10,55,55,gpt2,eng
31,24,163,163,gpt2,eng
25,20,109,109,gpt2,eng
19,13,96,96,gpt2,eng
25,19,113,115,gpt2,eng
33,32,207,207,gpt2,eng
32,30,173,173,gpt2,eng
19,13,85,85,gpt2,eng
23,14,74,74,gpt2,eng
19,16,95,95,gpt2,eng
14,10,57,57,gpt2,eng
21,19,113,113,gpt2,eng
17,14,97,97,gpt2,eng
25,19,118,118,gpt2,eng
28,25,145,145,gpt2,eng
36,29,179,179,gpt2,eng
20,18,112,112,gpt2,eng
22,18,93,93,gpt2,eng
24,21,99,99,gpt2,eng
35,23,172,172,gpt2,eng
24,17,123,123,gpt2,eng
24,21,121,121,gpt2,eng
21,19,107,107,gpt2,eng
19,16,84,84,gpt2,eng
29,22,142,142,gpt2,eng
37,26,163,163,gpt2,eng
34,27,147,147,gpt2,eng
27,23,126,126,gpt2,eng
21,19,136,136,gpt2,eng
27,25,140,140,gpt2,eng
39,38,202,202,gpt2,eng
20,18,95,95,gpt2,eng
30,24,126,126,gpt2,eng
19,17,104,104,gpt2,eng
16,14,77,77,gpt2,eng
63,52,327,327,gpt2,eng
37,29,189,189,gpt2,eng
23,20,120,120,gpt2,eng
10,8,62,62,gpt2,eng
44,40,228,228,gpt2,eng
30,25,177,177,gpt2,eng
30,20,127,127,gpt2,eng
32,31,183,183,gpt2,eng
23,19,109,109,gpt2,eng
30,23,132,132,gpt2,eng
16,11,73,73,gpt2,eng
13,11,71,71,gpt2,eng
22,15,117,117,gpt2,eng
37,26,153,153,gpt2,eng
16,11,79,79,gpt2,eng
33,25,149,149,gpt2,eng
24,18,97,97,gpt2,eng
15,9,56,56,gpt2,eng
20,18,88,88,gpt2,eng
26,21,122,122,gpt2,eng
17,11,68,68,gpt2,eng
25,21,143,143,gpt2,eng
32,21,120,120,gpt2,eng
40,31,163,163,gpt2,eng
27,21,139,139,gpt2,eng
16,10,66,66,gpt2,eng
25,18,129,129,gpt2,eng
26,14,92,92,gpt2,eng
33,25,136,136,gpt2,eng
24,21,122,122,gpt2,eng
29,21,155,155,gpt2,eng
30,26,170,170,gpt2,eng
52,46,256,256,gpt2,eng
19,14,77,77,gpt2,eng
16,14,98,98,gpt2,eng
44,35,198,198,gpt2,eng
56,49,327,327,gpt2,eng
20,18,110,110,gpt2,eng
20,18,102,102,gpt2,eng
41,29,188,188,gpt2,eng
37,21,159,159,gpt2,eng
35,22,143,143,gpt2,eng
53,28,197,197,gpt2,eng
31,25,155,155,gpt2,eng
37,27,165,165,gpt2,eng
21,18,106,106,gpt2,eng
29,24,176,176,gpt2,eng
24,17,105,105,gpt2,eng
12,11,87,87,gpt2,eng
17,15,83,83,gpt2,eng
22,20,143,143,gpt2,eng
13,12,75,75,gpt2,eng
23,16,84,84,gpt2,eng
25,21,125,125,gpt2,eng
28,26,153,153,gpt2,eng
14,12,71,71,gpt2,eng
22,19,117,117,gpt2,eng
24,19,115,117,gpt2,eng
23,21,124,124,gpt2,eng
11,10,73,73,gpt2,eng
16,14,88,88,gpt2,eng
24,22,122,122,gpt2,eng
20,17,101,101,gpt2,eng
12,9,64,64,gpt2,eng
16,15,78,78,gpt2,eng
23,22,125,125,gpt2,eng
21,20,93,93,gpt2,eng
25,20,106,106,gpt2,eng
18,16,89,89,gpt2,eng
19,10,56,56,gpt2,eng
25,14,95,95,gpt2,eng
48,24,163,163,gpt2,eng
17,10,56,56,gpt2,eng
44,27,163,163,gpt2,eng
32,15,102,102,gpt2,eng
31,24,172,172,gpt2,eng
30,21,153,153,gpt2,eng
20,19,109,109,gpt2,eng
23,16,90,90,gpt2,eng
33,28,156,156,gpt2,eng
25,21,130,130,gpt2,eng
25,18,102,104,gpt2,eng
20,17,81,81,gpt2,eng
25,21,125,125,gpt2,eng
15,13,71,71,gpt2,eng
25,20,112,112,gpt2,eng
64,52,282,282,gpt2,eng
35,28,158,158,gpt2,eng
26,16,111,111,gpt2,eng
33,27,153,153,gpt2,eng
20,18,110,110,gpt2,eng
27,21,140,140,gpt2,eng
10,8,56,56,gpt2,eng
14,13,77,77,gpt2,eng
29,26,144,144,gpt2,eng
23,19,118,118,gpt2,eng
22,20,125,125,gpt2,eng
20,16,100,100,gpt2,eng
25,20,130,130,gpt2,eng
27,22,115,115,gpt2,eng
19,17,103,103,gpt2,eng
16,12,63,63,gpt2,eng
15,14,57,57,gpt2,eng
22,21,127,127,gpt2,eng
40,35,184,184,gpt2,eng
29,21,135,135,gpt2,eng
35,29,153,153,gpt2,eng
19,15,92,92,gpt2,eng
28,15,97,97,gpt2,eng
24,18,125,125,gpt2,eng
36,29,168,168,gpt2,eng
16,11,67,67,gpt2,eng
17,12,90,90,gpt2,eng
33,28,137,137,gpt2,eng
72,46,278,279,gpt2,eng
36,29,148,148,gpt2,eng
13,11,71,71,gpt2,eng
28,23,134,134,gpt2,eng
30,16,98,98,gpt2,eng
19,14,100,100,gpt2,eng
19,17,93,93,gpt2,eng
11,9,59,59,gpt2,eng
21,20,120,120,gpt2,eng
17,12,76,76,gpt2,eng
14,9,69,69,gpt2,eng
16,13,81,81,gpt2,eng
24,22,135,135,gpt2,eng
25,23,155,155,gpt2,eng
28,24,150,150,gpt2,eng
28,24,150,150,gpt2,eng
30,24,143,143,gpt2,eng
22,21,130,130,gpt2,eng
30,29,163,163,gpt2,eng
27,23,150,150,gpt2,eng
35,25,182,182,gpt2,eng
36,29,208,208,gpt2,eng
19,13,86,86,gpt2,eng
12,8,41,41,gpt2,eng
27,24,152,152,gpt2,eng
19,13,98,98,gpt2,eng
18,14,96,96,gpt2,eng
28,23,142,142,gpt2,eng
27,21,122,122,gpt2,eng
27,19,132,132,gpt2,eng
18,12,89,89,gpt2,eng
29,13,78,78,gpt2,eng
18,16,105,105,gpt2,eng
18,13,82,82,gpt2,eng
24,21,129,129,gpt2,eng
15,9,52,52,gpt2,eng
15,14,81,81,gpt2,eng
19,15,106,106,gpt2,eng
24,19,107,107,gpt2,eng
17,12,76,78,gpt2,eng
22,17,100,100,gpt2,eng
19,17,104,104,gpt2,eng
23,18,107,107,gpt2,eng
19,13,102,102,gpt2,eng
9,7,43,43,gpt2,eng
38,29,162,162,gpt2,eng
40,23,150,150,gpt2,eng
29,25,140,140,gpt2,eng
35,30,190,190,gpt2,eng
23,20,108,108,gpt2,eng
36,33,190,190,gpt2,eng
40,33,176,176,gpt2,eng
21,20,99,99,gpt2,eng
31,26,169,169,gpt2,eng
22,21,137,137,gpt2,eng
27,24,136,136,gpt2,eng
24,20,127,127,gpt2,eng
24,17,110,110,gpt2,eng
13,10,63,63,gpt2,eng
12,11,53,53,gpt2,eng
29,27,150,150,gpt2,eng
35,27,204,204,gpt2,eng
33,26,158,158,gpt2,eng
26,23,143,143,gpt2,eng
29,22,133,134,gpt2,eng
68,49,328,328,gpt2,eng
18,16,79,79,gpt2,eng
26,21,108,108,gpt2,eng
41,32,184,184,gpt2,eng
18,15,82,82,gpt2,eng
19,15,92,92,gpt2,eng
23,19,94,94,gpt2,eng
27,21,131,131,gpt2,eng
22,17,92,92,gpt2,eng
23,21,108,108,gpt2,eng
28,20,123,123,gpt2,eng
26,20,110,110,gpt2,eng
34,30,184,184,gpt2,eng
17,15,80,80,gpt2,eng
17,15,86,86,gpt2,eng
31,25,149,151,gpt2,eng
19,18,86,86,gpt2,eng
29,27,151,151,gpt2,eng
16,13,76,76,gpt2,eng
22,19,108,108,gpt2,eng
32,24,146,146,gpt2,eng
26,24,127,127,gpt2,eng
16,12,69,69,gpt2,eng
24,20,102,102,gpt2,eng
19,17,101,101,gpt2,eng
36,29,162,162,gpt2,eng
31,26,143,143,gpt2,eng
36,24,128,128,gpt2,eng
30,21,111,111,gpt2,eng
41,32,174,174,gpt2,eng
30,21,124,124,gpt2,eng
39,31,176,176,gpt2,eng
67,60,323,323,gpt2,eng
32,30,197,197,gpt2,eng
18,15,94,94,gpt2,eng
27,24,134,134,gpt2,eng
27,23,141,141,gpt2,eng
30,25,160,160,gpt2,eng
27,18,116,116,gpt2,eng
17,13,79,79,gpt2,eng
28,24,138,138,gpt2,eng
22,15,91,91,gpt2,eng
40,34,182,182,gpt2,eng
39,29,154,154,gpt2,eng
26,22,112,112,gpt2,eng
43,34,189,189,gpt2,eng
42,38,215,215,gpt2,eng
21,19,114,114,gpt2,eng
27,20,118,118,gpt2,eng
20,18,98,98,gpt2,eng
25,24,136,136,gpt2,eng
19,18,103,103,gpt2,eng
22,16,98,98,gpt2,eng
12,11,55,55,gpt2,eng
16,14,71,71,gpt2,eng
14,13,63,63,gpt2,eng
25,22,126,126,gpt2,eng
17,15,83,83,gpt2,eng
38,31,187,187,gpt2,eng
17,14,85,85,gpt2,eng
32,22,154,154,gpt2,eng
26,24,137,137,gpt2,eng
26,22,117,117,gpt2,eng
37,31,190,190,gpt2,eng
41,33,175,177,gpt2,eng
15,13,63,63,gpt2,eng
25,19,108,108,gpt2,eng
35,29,159,159,gpt2,eng
20,15,99,99,gpt2,eng
20,19,118,118,gpt2,eng
26,21,127,127,gpt2,eng
45,33,207,207,gpt2,eng
33,25,186,186,gpt2,eng
18,17,121,121,gpt2,eng
29,23,168,172,gpt2,eng
38,30,188,188,gpt2,eng
14,13,73,73,gpt2,eng
29,28,184,184,gpt2,eng
30,27,162,162,gpt2,eng
32,18,140,140,gpt2,eng
20,18,122,122,gpt2,eng
28,18,111,111,gpt2,eng
29,20,120,120,gpt2,eng
32,23,144,146,gpt2,eng
36,31,218,218,gpt2,eng
40,27,162,164,gpt2,eng
50,33,205,205,gpt2,eng
29,21,124,124,gpt2,eng
27,26,140,140,gpt2,eng
19,15,95,95,gpt2,eng
32,28,151,151,gpt2,eng
22,20,124,124,gpt2,eng
21,14,83,83,gpt2,eng
30,21,123,123,gpt2,eng
22,18,111,111,gpt2,eng
31,22,136,136,gpt2,eng
29,27,166,166,gpt2,eng
22,18,117,117,gpt2,eng
21,20,130,130,gpt2,eng
15,9,64,64,gpt2,eng
32,31,179,179,gpt2,eng
34,32,175,175,gpt2,eng
15,13,86,86,gpt2,eng
33,29,221,221,gpt2,eng
22,20,133,133,gpt2,eng
20,18,123,123,gpt2,eng
21,17,107,107,gpt2,eng
25,23,129,129,gpt2,eng
25,22,110,110,gpt2,eng
39,32,170,170,gpt2,eng
28,26,145,145,gpt2,eng
37,33,191,191,gpt2,eng
15,14,91,91,gpt2,eng
38,30,166,170,gpt2,eng
44,37,207,207,gpt2,eng
20,19,125,125,gpt2,eng
23,20,113,113,gpt2,eng
22,19,128,128,gpt2,eng
46,29,176,186,gpt2,eng
23,16,104,106,gpt2,eng
26,23,118,118,gpt2,eng
29,25,114,114,gpt2,eng
33,30,166,166,gpt2,eng
20,18,92,92,gpt2,eng
26,24,135,135,gpt2,eng
48,33,204,204,gpt2,eng
39,28,164,164,gpt2,eng
28,23,107,107,gpt2,eng
38,34,162,162,gpt2,eng
22,15,92,92,gpt2,eng
30,26,145,145,gpt2,eng
63,46,269,269,gpt2,eng
25,23,131,131,gpt2,eng
17,16,85,85,gpt2,eng
27,24,118,118,gpt2,eng
24,20,124,124,gpt2,eng
43,38,218,218,gpt2,eng
27,21,145,145,gpt2,eng
18,16,99,99,gpt2,eng
39,29,165,167,gpt2,eng
26,24,135,135,gpt2,eng
48,42,281,281,gpt2,eng
47,40,287,287,gpt2,eng
18,16,92,92,gpt2,eng
32,29,169,169,gpt2,eng
30,28,169,169,gpt2,eng
29,17,113,113,gpt2,eng
44,37,233,233,gpt2,eng
27,25,152,152,gpt2,eng
27,20,103,103,gpt2,eng
36,32,195,195,gpt2,eng
21,20,108,108,gpt2,eng
22,16,89,89,gpt2,eng
15,14,83,83,gpt2,eng
22,19,102,102,gpt2,eng
43,37,203,203,gpt2,eng
29,23,150,150,gpt2,eng
35,27,184,184,gpt2,eng
20,18,120,120,gpt2,eng
25,20,138,138,gpt2,eng
25,16,108,108,gpt2,eng
29,21,156,156,gpt2,eng
31,22,150,150,gpt2,eng
48,40,244,244,gpt2,eng
48,39,247,247,gpt2,eng
18,16,104,104,gpt2,eng
24,22,108,108,gpt2,eng
41,32,213,213,gpt2,eng
19,16,110,110,gpt2,eng
38,35,205,205,gpt2,eng
34,27,143,143,gpt2,eng
34,28,175,175,gpt2,eng
25,22,122,122,gpt2,eng
25,21,115,115,gpt2,eng
15,14,74,74,gpt2,eng
22,18,120,120,gpt2,eng
22,20,117,117,gpt2,eng
11,10,76,76,gpt2,eng
20,18,124,124,gpt2,eng
30,17,121,129,gpt2,eng
40,24,184,192,gpt2,eng
27,22,151,151,gpt2,eng
23,18,119,119,gpt2,eng
34,28,185,185,gpt2,eng
20,19,115,115,gpt2,eng
20,16,105,105,gpt2,eng
18,15,99,99,gpt2,eng
18,15,106,106,gpt2,eng
33,27,159,159,gpt2,eng
19,14,107,107,gpt2,eng
33,30,180,180,gpt2,eng
36,24,164,164,gpt2,eng
34,28,163,163,gpt2,eng
26,22,146,148,gpt2,eng
22,21,119,119,gpt2,eng
36,32,149,149,gpt2,eng
38,25,156,156,gpt2,eng
25,20,117,119,gpt2,eng
26,22,135,135,gpt2,eng
22,20,118,118,gpt2,eng
32,28,149,149,gpt2,eng
29,20,127,127,gpt2,eng
32,18,147,147,gpt2,eng
35,30,203,203,gpt2,eng
40,36,192,192,gpt2,eng
22,20,96,96,gpt2,eng
37,31,164,164,gpt2,eng
29,23,140,140,gpt2,eng
71,52,368,368,gpt2,eng
23,22,120,120,gpt2,eng
42,37,213,213,gpt2,eng
34,32,186,186,gpt2,eng
22,16,89,89,gpt2,eng
22,20,109,109,gpt2,eng
24,17,100,100,gpt2,eng
21,17,94,94,gpt2,eng
48,40,251,251,gpt2,eng
15,11,61,61,gpt2,eng
36,32,194,194,gpt2,eng
40,32,178,178,gpt2,eng
20,17,94,94,gpt2,eng
23,16,107,107,gpt2,eng
28,23,152,152,gpt2,eng
16,10,76,76,gpt2,eng
44,27,182,182,gpt2,eng
35,32,181,181,gpt2,eng
40,33,185,185,gpt2,eng
34,29,214,214,gpt2,eng
41,38,213,213,gpt2,eng
21,15,89,89,gpt2,eng
21,20,102,102,gpt2,eng
32,29,133,133,gpt2,eng
28,23,142,142,gpt2,eng
22,18,111,111,gpt2,eng
17,15,87,87,gpt2,eng
16,15,74,74,gpt2,eng
26,21,103,103,gpt2,eng
25,22,127,127,gpt2,eng
37,30,147,147,gpt2,eng
24,21,147,147,gpt2,eng
21,20,126,126,gpt2,eng
13,12,77,77,gpt2,eng
19,16,82,82,gpt2,eng
22,16,112,112,gpt2,eng
25,16,99,99,gpt2,eng
36,29,190,190,gpt2,eng
27,24,124,124,gpt2,eng
16,15,80,80,gpt2,eng
25,22,105,105,gpt2,eng
13,12,65,65,gpt2,eng
20,18,110,110,gpt2,eng
29,24,144,146,gpt2,eng
40,32,207,209,gpt2,eng
19,15,98,98,gpt2,eng
15,11,80,80,gpt2,eng
20,18,112,112,gpt2,eng
24,22,156,156,gpt2,eng
33,24,168,168,gpt2,eng
26,21,140,140,gpt2,eng
19,17,100,100,gpt2,eng
22,15,85,85,gpt2,eng
27,24,143,143,gpt2,eng
36,31,195,195,gpt2,eng
25,19,121,121,gpt2,eng
25,21,151,151,gpt2,eng
26,19,149,149,gpt2,eng
20,11,82,82,gpt2,eng
30,28,159,159,gpt2,eng
22,19,127,127,gpt2,eng
33,29,179,179,gpt2,eng
16,14,121,121,gpt2,eng
18,17,112,112,gpt2,eng
32,27,180,180,gpt2,eng
26,24,144,144,gpt2,eng
21,16,129,129,gpt2,eng
30,25,183,183,gpt2,eng
32,21,150,150,gpt2,eng
14,11,83,83,gpt2,eng
31,27,151,151,gpt2,eng
17,16,86,86,gpt2,eng
14,13,69,69,gpt2,eng
18,15,88,88,gpt2,eng
21,17,97,97,gpt2,eng
32,28,163,163,gpt2,eng
19,14,79,79,gpt2,eng
29,27,142,142,gpt2,eng
16,14,70,70,gpt2,eng
24,21,107,107,gpt2,eng
24,17,100,100,gpt2,eng
35,29,186,186,gpt2,eng
22,18,119,119,gpt2,eng
26,22,136,136,gpt2,eng
12,10,73,73,gpt2,eng
25,24,132,132,gpt2,eng
9,8,48,48,gpt2,eng
39,35,208,208,gpt2,eng
36,26,147,147,gpt2,eng
41,33,180,180,gpt2,eng
25,21,118,118,gpt2,eng
22,18,113,113,gpt2,eng
19,14,89,89,gpt2,eng
19,17,96,96,gpt2,eng
22,20,106,106,gpt2,eng
16,14,67,67,gpt2,eng
21,18,105,105,gpt2,eng
18,15,89,89,gpt2,eng
15,14,83,83,gpt2,eng
25,21,118,118,gpt2,eng
24,21,110,110,gpt2,eng
21,18,100,100,gpt2,eng
23,21,99,99,gpt2,eng
20,19,81,81,gpt2,eng
14,11,62,62,gpt2,eng
28,25,120,120,gpt2,eng
15,14,83,83,gpt2,eng
23,19,126,126,gpt2,eng
35,34,179,179,gpt2,eng
22,15,102,102,gpt2,eng
38,29,163,167,gpt2,eng
25,20,178,178,gpt2,eng
35,31,169,169,gpt2,eng
17,15,88,88,gpt2,eng
18,15,87,87,gpt2,eng
20,18,115,115,gpt2,eng
16,15,95,95,gpt2,eng
29,28,171,171,gpt2,eng
35,21,118,122,gpt2,eng
30,23,135,139,gpt2,eng
30,28,195,195,gpt2,eng
22,19,143,143,gpt2,eng
29,26,151,151,gpt2,eng
23,21,145,145,gpt2,eng
24,20,127,127,gpt2,eng
32,26,177,177,gpt2,eng
13,12,92,92,gpt2,eng
34,27,162,162,gpt2,eng
19,18,111,111,gpt2,eng
24,23,133,133,gpt2,eng
33,28,183,183,gpt2,eng
14,13,92,92,gpt2,eng
27,22,158,158,gpt2,eng
17,15,103,103,gpt2,eng
36,30,182,186,gpt2,eng
31,29,145,145,gpt2,eng
30,26,170,170,gpt2,eng
24,22,116,116,gpt2,eng
45,38,220,220,gpt2,eng
31,27,179,179,gpt2,eng
22,20,124,124,gpt2,eng
37,31,188,188,gpt2,eng
22,19,130,130,gpt2,eng
53,42,287,287,gpt2,eng
26,21,138,138,gpt2,eng
25,20,110,110,gpt2,eng
18,15,105,105,gpt2,eng
18,14,97,97,gpt2,eng
24,22,135,135,gpt2,eng
16,15,81,81,gpt2,eng
20,17,87,87,gpt2,eng
21,18,114,114,gpt2,eng
24,20,95,95,gpt2,eng
28,23,141,141,gpt2,eng
23,20,97,97,gpt2,eng
21,18,114,114,gpt2,eng
17,15,73,73,gpt2,eng
30,27,160,160,gpt2,eng
29,23,124,124,gpt2,eng
44,31,177,177,gpt2,eng
26,21,118,118,gpt2,eng
32,24,145,145,gpt2,eng
17,14,76,76,gpt2,eng
47,32,196,196,gpt2,eng
19,17,91,91,gpt2,eng
31,22,133,135,gpt2,eng
33,27,160,160,gpt2,eng
27,22,126,126,gpt2,eng
39,22,129,129,gpt2,eng
29,18,115,115,gpt2,eng
26,19,118,118,gpt2,eng
24,21,103,103,gpt2,eng
20,18,97,97,gpt2,eng
28,25,125,125,gpt2,eng
47,34,193,193,gpt2,eng
23,16,103,104,gpt2,eng
26,22,127,127,gpt2,eng
19,17,99,99,gpt2,eng
33,31,164,164,gpt2,eng
24,23,120,120,gpt2,eng
33,31,171,171,gpt2,eng
22,18,98,98,gpt2,eng
21,19,120,120,gpt2,eng
35,31,162,162,gpt2,eng
39,25,151,151,gpt2,eng
29,23,145,145,gpt2,eng
33,26,156,158,gpt2,eng
29,17,100,101,gpt2,eng
35,29,163,163,gpt2,eng
47,27,182,182,gpt2,eng
24,19,103,103,gpt2,eng
18,14,92,92,gpt2,eng
33,22,118,118,gpt2,eng
49,28,167,167,gpt2,eng
28,23,103,103,gpt2,eng
27,23,140,140,gpt2,eng
23,21,134,134,gpt2,eng
33,23,170,171,gpt2,eng
33,24,144,146,gpt2,eng
36,29,176,176,gpt2,eng
13,11,79,79,gpt2,eng
26,20,118,119,gpt2,eng
21,17,87,87,gpt2,eng
21,17,93,94,gpt2,eng
17,15,81,81,gpt2,eng
22,17,102,102,gpt2,eng
29,21,125,125,gpt2,eng
24,22,114,114,gpt2,eng
24,23,148,148,gpt2,eng
38,34,209,209,gpt2,eng
23,20,126,126,gpt2,eng
26,21,120,120,gpt2,eng
24,14,91,92,gpt2,eng
33,27,165,165,gpt2,eng
26,19,113,113,gpt2,eng
27,25,134,134,gpt2,eng
30,22,137,137,gpt2,eng
28,18,102,102,gpt2,eng
34,27,169,169,gpt2,eng
28,23,132,132,gpt2,eng
29,22,107,107,gpt2,eng
19,16,84,84,gpt2,eng
29,26,141,141,gpt2,eng
21,18,104,104,gpt2,eng
35,28,175,175,gpt2,eng
26,19,111,111,gpt2,eng
29,25,138,138,gpt2,eng
23,17,103,103,gpt2,eng
28,21,125,125,gpt2,eng
24,17,105,105,gpt2,eng
31,24,131,131,gpt2,eng
20,18,100,100,gpt2,eng
22,20,101,101,gpt2,eng
44,29,174,174,gpt2,eng
16,14,84,84,gpt2,eng
25,23,110,110,gpt2,eng
19,15,96,96,gpt2,eng
30,24,146,146,gpt2,eng
22,18,105,105,gpt2,eng
28,19,123,123,gpt2,eng
24,22,130,130,gpt2,eng
31,27,170,170,gpt2,eng
24,20,152,152,gpt2,eng
31,26,145,145,gpt2,eng
21,19,115,115,gpt2,eng
31,28,162,162,gpt2,eng
28,26,116,116,gpt2,eng
31,29,163,163,gpt2,eng
12,11,75,75,gpt2,eng
26,23,142,142,gpt2,eng
21,17,119,119,gpt2,eng
30,26,149,149,gpt2,eng
26,22,124,124,gpt2,eng
29,22,151,151,gpt2,eng
27,22,141,141,gpt2,eng
22,19,95,95,gpt2,eng
18,14,76,76,gpt2,eng
21,18,106,106,gpt2,eng
25,22,130,130,gpt2,eng
18,15,92,92,gpt2,eng
24,19,120,120,gpt2,eng
25,20,126,126,gpt2,eng
24,15,92,92,gpt2,eng
37,24,141,141,gpt2,eng
26,22,129,129,gpt2,eng
22,19,102,102,gpt2,eng
23,20,125,125,gpt2,eng
34,23,158,158,gpt2,eng
30,18,120,123,gpt2,eng
32,27,142,142,gpt2,eng
32,22,121,121,gpt2,eng
25,19,106,106,gpt2,eng
16,13,90,90,gpt2,eng
18,16,89,89,gpt2,eng
29,25,149,149,gpt2,eng
18,15,92,92,gpt2,eng
25,19,122,122,gpt2,eng
25,20,126,126,gpt2,eng
20,17,104,104,gpt2,eng
28,24,165,165,gpt2,eng
30,23,184,184,gpt2,eng
31,22,131,131,gpt2,eng
39,30,185,189,gpt2,eng
30,21,136,136,gpt2,eng
28,21,128,128,gpt2,eng
29,21,138,138,gpt2,eng
30,24,149,149,gpt2,eng
30,19,118,118,gpt2,eng
18,16,85,85,gpt2,eng
20,14,71,71,gpt2,eng
37,30,186,186,gpt2,eng
29,23,141,141,gpt2,eng
28,25,143,143,gpt2,eng
50,33,252,252,gpt2,eng
21,16,87,87,gpt2,eng
27,25,135,135,gpt2,eng
42,37,185,185,gpt2,eng
19,15,82,82,gpt2,eng
33,26,158,158,gpt2,eng
31,23,141,142,gpt2,eng
30,24,164,164,gpt2,eng
35,24,170,170,gpt2,eng
30,23,160,160,gpt2,eng
21,19,93,95,gpt2,eng
34,27,149,149,gpt2,eng
20,15,92,92,gpt2,eng
35,28,167,167,gpt2,eng
12,11,55,55,gpt2,eng
37,35,199,201,gpt2,eng
36,33,236,236,gpt2,eng
17,12,76,76,gpt2,eng
22,20,123,123,gpt2,eng
37,28,165,165,gpt2,eng
26,22,140,140,gpt2,eng
23,21,126,126,gpt2,eng
22,15,107,107,gpt2,eng
29,23,149,150,gpt2,eng
40,27,178,179,gpt2,eng
27,17,94,97,gpt2,eng
38,28,200,200,gpt2,eng
27,25,155,155,gpt2,eng
24,22,124,124,gpt2,eng
19,17,109,109,gpt2,eng
16,13,80,80,gpt2,eng
22,17,128,128,gpt2,eng
29,25,157,157,gpt2,eng
31,24,155,155,gpt2,eng
34,21,157,157,gpt2,eng
22,14,106,106,gpt2,eng
26,23,131,131,gpt2,eng
19,18,106,106,gpt2,eng
22,18,111,111,gpt2,eng
20,18,116,116,gpt2,eng
26,22,118,118,gpt2,eng
19,17,113,113,gpt2,eng
21,16,115,115,gpt2,eng
26,23,140,140,gpt2,eng
16,13,88,88,gpt2,eng
22,16,104,104,gpt2,eng
20,17,118,118,gpt2,eng
21,18,98,98,gpt2,eng
28,25,137,137,gpt2,eng
20,18,105,105,gpt2,eng
19,17,88,88,gpt2,eng
31,28,153,153,gpt2,eng
29,21,124,124,gpt2,eng
27,22,137,137,gpt2,eng
25,22,127,127,gpt2,eng
25,22,134,134,gpt2,eng
16,15,107,107,gpt2,eng
19,18,92,92,gpt2,eng
21,19,92,92,gpt2,eng
25,23,118,118,gpt2,eng
16,14,67,67,gpt2,eng
17,14,79,79,gpt2,eng
28,21,128,128,gpt2,eng
28,22,129,129,gpt2,eng
26,19,139,139,gpt2,eng
20,14,87,87,gpt2,eng
35,27,162,162,gpt2,eng
29,19,122,122,gpt2,eng
18,15,92,92,gpt2,eng
33,31,159,159,gpt2,eng
25,21,130,130,gpt2,eng
18,17,111,111,gpt2,eng
18,15,89,89,gpt2,eng
24,20,137,137,gpt2,eng
29,24,145,145,gpt2,eng
14,13,78,78,gpt2,eng
34,25,146,146,gpt2,eng
15,12,66,66,gpt2,eng
30,25,152,152,gpt2,eng
20,16,85,85,gpt2,eng
30,23,131,131,gpt2,eng
18,14,87,87,gpt2,eng
24,23,119,119,gpt2,eng
22,18,96,96,gpt2,eng
43,38,188,188,gpt2,eng
32,27,165,165,gpt2,eng
29,26,137,137,gpt2,eng
34,32,176,176,gpt2,eng
32,25,171,171,gpt2,eng
24,21,119,119,gpt2,eng
24,21,111,111,gpt2,eng
37,33,177,177,gpt2,eng
38,33,159,159,gpt2,eng
37,32,170,170,gpt2,eng
27,23,132,132,gpt2,eng
36,32,181,181,gpt2,eng
25,16,95,97,gpt2,eng
16,11,74,74,gpt2,eng
41,32,197,197,gpt2,eng
21,17,121,121,gpt2,eng
10,8,52,52,gpt2,eng
35,27,153,154,gpt2,eng
32,25,142,142,gpt2,eng
51,37,263,263,gpt2,eng
27,17,104,105,gpt2,eng
18,13,84,84,gpt2,eng
13,11,63,63,gpt2,eng
37,33,187,187,gpt2,eng
19,12,71,71,gpt2,eng
27,21,123,123,gpt2,eng
36,30,178,178,gpt2,eng
37,32,172,172,gpt2,eng
27,23,129,129,gpt2,eng
14,12,73,73,gpt2,eng
30,24,163,163,gpt2,eng
21,19,114,114,gpt2,eng
14,12,74,74,gpt2,eng
38,32,211,211,gpt2,eng
15,10,68,68,gpt2,eng
51,41,230,232,gpt2,eng
20,12,88,88,gpt2,eng
34,24,158,158,gpt2,eng
27,22,134,134,gpt2,eng
16,15,78,78,gpt2,eng
38,26,149,149,gpt2,eng
24,19,123,123,gpt2,eng
42,35,190,190,gpt2,eng
15,13,74,74,gpt2,eng
37,34,184,184,gpt2,eng
32,24,154,154,gpt2,eng
39,27,163,163,gpt2,eng
26,21,112,112,gpt2,eng
13,12,71,71,gpt2,eng
32,28,163,163,gpt2,eng
18,16,104,104,gpt2,eng
22,20,109,109,gpt2,eng
24,16,96,96,gpt2,eng
11,9,57,57,gpt2,eng
19,17,117,117,gpt2,eng
22,18,95,95,gpt2,eng
24,22,134,134,gpt2,eng
20,14,98,98,gpt2,eng
37,33,176,176,gpt2,eng
15,14,110,110,gpt2,eng
25,17,99,99,gpt2,eng
15,13,74,74,gpt2,eng
28,25,150,150,gpt2,eng
24,19,114,114,gpt2,eng
23,17,116,116,gpt2,eng
25,22,127,127,gpt2,eng
42,33,173,173,gpt2,eng
31,24,145,145,gpt2,eng
28,23,123,123,gpt2,eng
14,12,62,62,gpt2,eng
33,27,153,153,gpt2,eng
11,10,62,62,gpt2,eng
20,18,108,108,gpt2,eng
28,21,146,146,gpt2,eng
19,17,92,92,gpt2,eng
26,21,138,138,gpt2,eng
35,31,214,214,gpt2,eng
18,16,100,100,gpt2,eng
30,26,154,154,gpt2,eng
29,21,128,128,gpt2,eng
30,27,150,150,gpt2,eng
25,22,113,113,gpt2,eng
27,23,129,129,gpt2,eng
17,15,90,90,gpt2,eng
21,18,105,105,gpt2,eng
15,12,103,103,gpt2,eng
27,22,150,150,gpt2,eng
159,22,66,265,gpt2,hin
347,37,135,576,gpt2,hin
308,43,132,514,gpt2,hin
466,55,195,774,gpt2,hin
264,36,121,445,gpt2,hin
221,30,98,370,gpt2,hin
108,12,44,177,gpt2,hin
221,30,95,374,gpt2,hin
96,12,45,158,gpt2,hin
117,13,48,193,gpt2,hin
230,30,97,380,gpt2,hin
264,33,114,445,gpt2,hin
253,34,114,426,gpt2,hin
280,32,117,462,gpt2,hin
241,38,123,412,gpt2,hin
370,50,169,629,gpt2,hin
331,39,141,553,gpt2,hin
186,27,89,317,gpt2,hin
219,30,109,375,gpt2,hin
406,50,189,688,gpt2,hin
194,22,73,320,gpt2,hin
135,14,50,221,gpt2,hin
305,23,105,488,gpt2,hin
264,33,105,443,gpt2,hin
233,27,90,391,gpt2,hin
145,20,62,245,gpt2,hin
233,30,101,394,gpt2,hin
304,42,142,510,gpt2,hin
149,19,64,253,gpt2,hin
107,14,43,179,gpt2,hin
421,51,169,708,gpt2,hin
367,49,161,636,gpt2,hin
188,27,83,322,gpt2,hin
211,27,91,352,gpt2,hin
110,13,43,189,gpt2,hin
137,16,60,225,gpt2,hin
276,32,111,463,gpt2,hin
194,27,83,335,gpt2,hin
141,16,54,233,gpt2,hin
102,13,44,176,gpt2,hin
192,26,83,333,gpt2,hin
110,13,55,182,gpt2,hin
161,24,91,269,gpt2,hin
185,22,87,306,gpt2,hin
162,22,74,268,gpt2,hin
233,38,118,409,gpt2,hin
219,28,101,370,gpt2,hin
181,23,77,303,gpt2,hin
177,22,72,297,gpt2,hin
212,26,87,358,gpt2,hin
86,12,42,143,gpt2,hin
251,35,111,432,gpt2,hin
196,27,84,330,gpt2,hin
235,29,101,391,gpt2,hin
358,46,154,601,gpt2,hin
299,34,121,499,gpt2,hin
329,39,131,550,gpt2,hin
267,31,112,446,gpt2,hin
197,21,72,321,gpt2,hin
107,14,45,180,gpt2,hin
195,25,77,325,gpt2,hin
133,16,59,218,gpt2,hin
214,29,91,358,gpt2,hin
300,40,132,508,gpt2,hin
241,28,97,402,gpt2,hin
153,24,72,262,gpt2,hin
158,17,64,263,gpt2,hin
135,20,66,233,gpt2,hin
185,21,73,302,gpt2,hin
250,29,102,423,gpt2,hin
162,22,67,280,gpt2,hin
379,48,168,626,gpt2,hin
277,37,121,470,gpt2,hin
323,39,139,548,gpt2,hin
261,32,113,440,gpt2,hin
251,32,106,419,gpt2,hin
299,37,123,501,gpt2,hin
158,21,73,269,gpt2,hin
98,10,34,163,gpt2,hin
284,28,102,472,gpt2,hin
153,15,64,257,gpt2,hin
134,18,59,226,gpt2,hin
162,19,64,268,gpt2,hin
209,31,95,369,gpt2,hin
93,16,46,160,gpt2,hin
195,23,78,321,gpt2,hin
261,40,131,448,gpt2,hin
292,39,124,502,gpt2,hin
208,22,78,347,gpt2,hin
185,27,81,318,gpt2,hin
174,25,81,301,gpt2,hin
203,26,86,346,gpt2,hin
209,29,94,363,gpt2,hin
110,12,41,185,gpt2,hin
227,30,98,378,gpt2,hin
146,17,61,243,gpt2,hin
162,20,72,269,gpt2,hin
177,17,66,283,gpt2,hin
166,19,69,284,gpt2,hin
187,26,78,320,gpt2,hin
125,17,56,208,gpt2,hin
265,31,113,436,gpt2,hin
181,27,93,313,gpt2,hin
112,15,48,192,gpt2,hin
147,23,69,251,gpt2,hin
118,14,50,196,gpt2,hin
99,10,40,166,gpt2,hin
321,42,132,541,gpt2,hin
306,41,143,507,gpt2,hin
128,18,58,215,gpt2,hin
127,17,56,216,gpt2,hin
60,10,31,103,gpt2,hin
103,14,45,173,gpt2,hin
133,18,53,222,gpt2,hin
287,33,119,478,gpt2,hin
194,23,81,327,gpt2,hin
236,28,93,393,gpt2,hin
187,26,88,318,gpt2,hin
104,13,44,173,gpt2,hin
242,33,109,409,gpt2,hin
243,28,100,412,gpt2,hin
256,37,113,434,gpt2,hin
133,17,58,225,gpt2,hin
91,13,43,155,gpt2,hin
100,16,56,176,gpt2,hin
213,32,99,364,gpt2,hin
64,10,29,111,gpt2,hin
310,40,132,520,gpt2,hin
264,31,104,440,gpt2,hin
137,17,63,228,gpt2,hin
189,24,73,323,gpt2,hin
284,36,120,478,gpt2,hin
213,31,99,364,gpt2,hin
140,17,54,231,gpt2,hin
97,16,53,166,gpt2,hin
189,25,79,316,gpt2,hin
64,11,35,109,gpt2,hin
115,19,59,198,gpt2,hin
141,18,58,237,gpt2,hin
174,23,73,289,gpt2,hin
243,33,103,413,gpt2,hin
265,34,113,449,gpt2,hin
203,29,92,351,gpt2,hin
172,20,62,284,gpt2,hin
122,19,61,213,gpt2,hin
245,25,89,406,gpt2,hin
142,14,57,238,gpt2,hin
207,27,91,351,gpt2,hin
119,14,48,204,gpt2,hin
116,16,51,198,gpt2,hin
195,22,76,320,gpt2,hin
258,32,109,432,gpt2,hin
228,33,110,384,gpt2,hin
210,28,89,356,gpt2,hin
233,28,94,389,gpt2,hin
191,30,90,330,gpt2,hin
301,38,125,511,gpt2,hin
142,21,71,253,gpt2,hin
151,26,90,267,gpt2,hin
138,17,55,231,gpt2,hin
104,15,44,175,gpt2,hin
469,50,185,771,gpt2,hin
306,40,140,515,gpt2,hin
203,27,89,346,gpt2,hin
118,13,43,200,gpt2,hin
309,43,139,525,gpt2,hin
283,32,107,469,gpt2,hin
168,27,91,294,gpt2,hin
286,33,125,491,gpt2,hin
186,25,83,313,gpt2,hin
220,29,106,368,gpt2,hin
106,17,64,187,gpt2,hin
131,17,51,221,gpt2,hin
198,26,84,333,gpt2,hin
164,20,65,273,gpt2,hin
134,14,52,223,gpt2,hin
242,25,89,396,gpt2,hin
136,22,69,233,gpt2,hin
111,12,43,185,gpt2,hin
135,20,61,226,gpt2,hin
182,19,67,302,gpt2,hin
96,12,44,164,gpt2,hin
230,20,84,370,gpt2,hin
183,26,89,300,gpt2,hin
199,29,84,334,gpt2,hin
206,24,85,347,gpt2,hin
104,12,42,169,gpt2,hin
148,19,66,253,gpt2,hin
154,21,71,258,gpt2,hin
207,24,83,353,gpt2,hin
214,26,90,354,gpt2,hin
219,23,87,363,gpt2,hin
206,27,87,349,gpt2,hin
415,60,184,703,gpt2,hin
134,17,54,224,gpt2,hin
141,17,60,237,gpt2,hin
316,47,143,548,gpt2,hin
463,56,197,780,gpt2,hin
159,19,72,269,gpt2,hin
138,19,67,227,gpt2,hin
290,35,118,487,gpt2,hin
272,26,98,437,gpt2,hin
259,26,91,416,gpt2,hin
330,34,130,548,gpt2,hin
231,34,100,398,gpt2,hin
289,36,122,483,gpt2,hin
162,21,71,273,gpt2,hin
293,31,107,487,gpt2,hin
165,21,68,279,gpt2,hin
145,16,52,237,gpt2,hin
97,13,46,170,gpt2,hin
236,30,99,393,gpt2,hin
99,15,46,168,gpt2,hin
134,19,59,226,gpt2,hin
204,29,93,342,gpt2,hin
197,25,82,324,gpt2,hin
113,15,51,189,gpt2,hin
205,29,89,356,gpt2,hin
187,23,80,320,gpt2,hin
230,26,94,387,gpt2,hin
109,12,42,180,gpt2,hin
156,22,70,257,gpt2,hin
224,32,108,388,gpt2,hin
160,25,81,271,gpt2,hin
113,14,45,185,gpt2,hin
87,13,42,150,gpt2,hin
184,26,81,309,gpt2,hin
136,19,61,230,gpt2,hin
177,24,79,295,gpt2,hin
132,18,60,225,gpt2,hin
80,11,46,135,gpt2,hin
120,15,49,198,gpt2,hin
181,26,88,313,gpt2,hin
66,9,30,112,gpt2,hin
215,29,102,364,gpt2,hin
121,15,52,204,gpt2,hin
208,23,79,344,gpt2,hin
262,28,107,433,gpt2,hin
141,17,59,233,gpt2,hin
156,21,69,264,gpt2,hin
257,32,110,434,gpt2,hin
203,27,86,338,gpt2,hin
165,19,58,274,gpt2,hin
111,18,57,192,gpt2,hin
145,19,66,238,gpt2,hin
111,14,45,186,gpt2,hin
170,26,83,291,gpt2,hin
423,60,200,713,gpt2,hin
247,34,108,411,gpt2,hin
165,21,69,288,gpt2,hin
254,35,112,422,gpt2,hin
144,26,76,248,gpt2,hin
191,22,72,318,gpt2,hin
66,10,34,115,gpt2,hin
82,11,34,137,gpt2,hin
231,29,95,383,gpt2,hin
187,25,83,316,gpt2,hin
215,25,84,358,gpt2,hin
157,17,58,260,gpt2,hin
249,27,93,410,gpt2,hin
200,25,83,338,gpt2,hin
167,21,73,284,gpt2,hin
87,13,40,145,gpt2,hin
136,22,65,235,gpt2,hin
269,29,101,446,gpt2,hin
304,41,135,520,gpt2,hin
188,24,85,313,gpt2,hin
282,37,118,469,gpt2,hin
118,14,46,193,gpt2,hin
129,19,65,225,gpt2,hin
186,20,73,305,gpt2,hin
269,40,131,469,gpt2,hin
114,16,52,194,gpt2,hin
138,15,55,229,gpt2,hin
224,32,99,382,gpt2,hin
388,50,177,647,gpt2,hin
221,32,104,376,gpt2,hin
99,12,42,162,gpt2,hin
250,32,108,426,gpt2,hin
126,15,54,212,gpt2,hin
140,19,61,232,gpt2,hin
114,19,56,195,gpt2,hin
71,9,29,118,gpt2,hin
191,30,99,337,gpt2,hin
102,13,42,172,gpt2,hin
125,13,44,208,gpt2,hin
116,15,47,191,gpt2,hin
205,26,89,343,gpt2,hin
236,32,101,398,gpt2,hin
256,27,97,421,gpt2,hin
211,28,90,350,gpt2,hin
194,23,83,327,gpt2,hin
205,27,85,339,gpt2,hin
290,38,129,489,gpt2,hin
278,33,113,472,gpt2,hin
209,24,86,342,gpt2,hin
285,32,119,473,gpt2,hin
105,15,51,173,gpt2,hin
66,9,27,116,gpt2,hin
233,30,96,384,gpt2,hin
173,19,65,286,gpt2,hin
115,18,59,198,gpt2,hin
166,25,85,282,gpt2,hin
175,20,77,296,gpt2,hin
158,25,81,271,gpt2,hin
164,21,68,270,gpt2,hin
130,15,65,224,gpt2,hin
176,21,71,294,gpt2,hin
119,15,47,198,gpt2,hin
197,23,82,328,gpt2,hin
98,12,43,164,gpt2,hin
116,21,58,201,gpt2,hin
146,16,54,238,gpt2,hin
182,24,74,308,gpt2,hin
125,15,48,204,gpt2,hin
211,24,82,354,gpt2,hin
147,21,68,247,gpt2,hin
172,25,74,295,gpt2,hin
157,17,61,262,gpt2,hin
67,8,25,113,gpt2,hin
271,36,120,454,gpt2,hin
247,31,116,414,gpt2,hin
207,29,100,350,gpt2,hin
288,34,119,494,gpt2,hin
220,28,92,373,gpt2,hin
320,41,134,542,gpt2,hin
260,31,110,436,gpt2,hin
180,23,71,296,gpt2,hin
247,29,99,406,gpt2,hin
199,26,87,329,gpt2,hin
102,14,46,170,gpt2,hin
206,25,83,336,gpt2,hin
198,27,92,338,gpt2,hin
94,8,36,155,gpt2,hin
106,14,48,183,gpt2,hin
253,33,108,434,gpt2,hin
341,37,148,570,gpt2,hin
260,29,103,435,gpt2,hin
192,25,80,322,gpt2,hin
196,22,80,328,gpt2,hin
537,53,195,890,gpt2,hin
106,18,54,187,gpt2,hin
157,26,76,281,gpt2,hin
313,43,144,555,gpt2,hin
127,20,64,221,gpt2,hin
104,14,50,178,gpt2,hin
98,14,51,161,gpt2,hin
227,25,87,375,gpt2,hin
134,19,54,224,gpt2,hin
146,20,70,246,gpt2,hin
172,22,75,285,gpt2,hin
155,18,58,252,gpt2,hin
259,32,105,434,gpt2,hin
111,14,48,183,gpt2,hin
130,17,59,216,gpt2,hin
266,31,105,443,gpt2,hin
144,19,61,241,gpt2,hin
205,28,87,350,gpt2,hin
108,15,49,180,gpt2,hin
190,24,79,315,gpt2,hin
200,24,79,323,gpt2,hin
144,19,58,244,gpt2,hin
117,13,45,196,gpt2,hin
140,23,68,249,gpt2,hin
149,19,66,249,gpt2,hin
318,42,136,531,gpt2,hin
277,41,136,475,gpt2,hin
188,26,85,312,gpt2,hin
169,23,73,283,gpt2,hin
289,36,124,477,gpt2,hin
205,27,87,350,gpt2,hin
277,38,128,461,gpt2,hin
398,64,186,681,gpt2,hin
247,30,118,408,gpt2,hin
133,20,64,225,gpt2,hin
166,24,81,279,gpt2,hin
165,21,70,284,gpt2,hin
225,27,96,378,gpt2,hin
234,27,93,390,gpt2,hin
118,14,46,198,gpt2,hin
248,34,106,415,gpt2,hin
141,19,66,244,gpt2,hin
295,43,129,499,gpt2,hin
232,32,108,387,gpt2,hin
193,28,87,336,gpt2,hin
343,39,147,572,gpt2,hin
248,36,119,418,gpt2,hin
166,21,68,282,gpt2,hin
177,29,89,305,gpt2,hin
152,19,64,265,gpt2,hin
164,21,70,276,gpt2,hin
180,23,76,301,gpt2,hin
189,27,86,328,gpt2,hin
63,9,28,108,gpt2,hin
82,10,33,136,gpt2,hin
74,10,31,127,gpt2,hin
173,23,77,298,gpt2,hin
109,15,47,182,gpt2,hin
306,40,133,520,gpt2,hin
124,18,59,208,gpt2,hin
214,22,89,351,gpt2,hin
186,23,77,313,gpt2,hin
157,21,67,267,gpt2,hin
196,27,89,335,gpt2,hin
206,31,98,353,gpt2,hin
111,18,53,193,gpt2,hin
186,24,74,310,gpt2,hin
266,33,107,455,gpt2,hin
155,19,69,261,gpt2,hin
188,24,70,309,gpt2,hin
223,32,100,375,gpt2,hin
307,41,145,518,gpt2,hin
241,26,91,402,gpt2,hin
160,19,60,271,gpt2,hin
243,27,100,406,gpt2,hin
318,38,125,539,gpt2,hin
127,17,55,215,gpt2,hin
277,35,113,460,gpt2,hin
195,26,85,329,gpt2,hin
224,22,93,361,gpt2,hin
227,20,76,369,gpt2,hin
172,24,77,294,gpt2,hin
183,23,77,309,gpt2,hin
182,22,73,307,gpt2,hin
353,47,159,593,gpt2,hin
218,28,103,374,gpt2,hin
284,38,141,487,gpt2,hin
159,19,63,266,gpt2,hin
199,28,88,337,gpt2,hin
161,23,72,281,gpt2,hin
208,24,85,351,gpt2,hin
218,27,95,373,gpt2,hin
131,19,58,225,gpt2,hin
184,23,84,313,gpt2,hin
161,20,80,276,gpt2,hin
194,24,88,328,gpt2,hin
221,30,104,374,gpt2,hin
160,22,71,272,gpt2,hin
160,21,68,274,gpt2,hin
100,13,42,169,gpt2,hin
220,33,100,372,gpt2,hin
282,44,127,485,gpt2,hin
128,15,49,211,gpt2,hin
334,32,123,554,gpt2,hin
251,34,106,421,gpt2,hin
224,27,92,367,gpt2,hin
136,17,62,237,gpt2,hin
208,27,84,351,gpt2,hin
180,21,75,298,gpt2,hin
230,27,97,376,gpt2,hin
202,27,92,348,gpt2,hin
279,38,123,477,gpt2,hin
119,16,54,198,gpt2,hin
268,38,113,444,gpt2,hin
284,33,118,483,gpt2,hin
190,23,78,317,gpt2,hin
160,22,68,273,gpt2,hin
197,22,73,326,gpt2,hin
261,36,119,442,gpt2,hin
168,24,76,283,gpt2,hin
173,24,68,290,gpt2,hin
219,32,101,371,gpt2,hin
242,37,119,427,gpt2,hin
113,17,49,193,gpt2,hin
232,26,88,386,gpt2,hin
250,30,102,416,gpt2,hin
245,32,103,420,gpt2,hin
181,26,83,310,gpt2,hin
252,40,124,432,gpt2,hin
150,19,73,249,gpt2,hin
267,31,108,441,gpt2,hin
347,51,170,601,gpt2,hin
175,22,75,296,gpt2,hin
118,17,51,200,gpt2,hin
206,27,87,348,gpt2,hin
156,18,59,261,gpt2,hin
375,51,161,636,gpt2,hin
187,18,67,309,gpt2,hin
140,18,59,231,gpt2,hin
245,36,126,419,gpt2,hin
167,25,84,292,gpt2,hin
442,45,164,728,gpt2,hin
395,44,161,669,gpt2,hin
142,20,66,239,gpt2,hin
247,31,109,415,gpt2,hin
252,30,105,422,gpt2,hin
157,18,62,263,gpt2,hin
344,43,145,575,gpt2,hin
226,31,98,391,gpt2,hin
106,17,62,183,gpt2,hin
290,39,126,492,gpt2,hin
127,17,57,220,gpt2,hin
101,16,51,169,gpt2,hin
109,11,38,179,gpt2,hin
123,16,60,208,gpt2,hin
303,40,131,505,gpt2,hin
170,21,73,287,gpt2,hin
315,37,129,534,gpt2,hin
169,22,73,286,gpt2,hin
276,33,115,467,gpt2,hin
139,17,59,226,gpt2,hin
202,26,88,336,gpt2,hin
255,29,105,418,gpt2,hin
402,45,151,668,gpt2,hin
330,39,138,558,gpt2,hin
153,23,69,267,gpt2,hin
159,27,77,277,gpt2,hin
300,36,136,508,gpt2,hin
193,22,80,318,gpt2,hin
263,33,104,436,gpt2,hin
212,28,100,357,gpt2,hin
329,39,127,547,gpt2,hin
208,27,92,351,gpt2,hin
203,29,93,343,gpt2,hin
117,14,45,190,gpt2,hin
185,19,73,314,gpt2,hin
183,28,81,310,gpt2,hin
105,11,43,170,gpt2,hin
175,19,70,284,gpt2,hin
177,23,93,299,gpt2,hin
269,33,123,449,gpt2,hin
273,23,92,440,gpt2,hin
214,30,89,366,gpt2,hin
251,35,111,425,gpt2,hin
208,29,88,356,gpt2,hin
136,19,58,227,gpt2,hin
147,17,60,243,gpt2,hin
144,16,56,235,gpt2,hin
197,23,85,330,gpt2,hin
160,18,69,263,gpt2,hin
256,30,100,427,gpt2,hin
278,32,111,455,gpt2,hin
247,31,107,410,gpt2,hin
180,26,86,305,gpt2,hin
180,25,80,312,gpt2,hin
242,36,113,400,gpt2,hin
293,34,123,486,gpt2,hin
188,23,76,311,gpt2,hin
147,19,67,255,gpt2,hin
166,23,74,286,gpt2,hin
210,25,85,356,gpt2,hin
196,24,79,327,gpt2,hin
210,23,80,356,gpt2,hin
260,33,106,447,gpt2,hin
295,37,125,484,gpt2,hin
145,22,65,242,gpt2,hin
241,31,108,409,gpt2,hin
196,25,94,328,gpt2,hin
592,67,244,983,gpt2,hin
261,34,105,451,gpt2,hin
333,46,148,569,gpt2,hin
322,33,130,542,gpt2,hin
163,22,71,271,gpt2,hin
159,20,66,267,gpt2,hin
127,18,61,222,gpt2,hin
163,20,71,274,gpt2,hin
414,55,170,698,gpt2,hin
92,12,38,152,gpt2,hin
299,40,125,507,gpt2,hin
276,36,119,465,gpt2,hin
115,17,55,191,gpt2,hin
161,24,77,265,gpt2,hin
200,27,95,339,gpt2,hin
86,8,34,137,gpt2,hin
259,32,110,429,gpt2,hin
302,40,134,510,gpt2,hin
247,31,107,416,gpt2,hin
270,35,119,455,gpt2,hin
337,45,144,573,gpt2,hin
143,22,71,247,gpt2,hin
158,19,60,260,gpt2,hin
225,32,102,378,gpt2,hin
182,25,82,304,gpt2,hin
196,29,89,332,gpt2,hin
92,13,45,154,gpt2,hin
129,17,51,214,gpt2,hin
182,25,77,298,gpt2,hin
180,23,80,303,gpt2,hin
207,34,97,360,gpt2,hin
206,26,89,352,gpt2,hin
164,19,67,271,gpt2,hin
124,14,47,202,gpt2,hin
144,19,63,246,gpt2,hin
138,17,62,236,gpt2,hin
169,22,70,281,gpt2,hin
245,27,102,403,gpt2,hin
162,18,66,266,gpt2,hin
148,21,63,254,gpt2,hin
158,25,73,271,gpt2,hin
114,16,48,190,gpt2,hin
211,25,87,357,gpt2,hin
256,30,99,435,gpt2,hin
332,39,144,559,gpt2,hin
170,18,62,281,gpt2,hin
130,15,50,221,gpt2,hin
164,20,67,277,gpt2,hin
244,28,97,406,gpt2,hin
259,28,100,430,gpt2,hin
188,22,76,312,gpt2,hin
110,16,53,187,gpt2,hin
132,19,60,226,gpt2,hin
235,25,87,381,gpt2,hin
281,33,120,466,gpt2,hin
220,27,88,364,gpt2,hin
259,28,99,422,gpt2,hin
263,29,107,445,gpt2,hin
122,14,52,208,gpt2,hin
206,29,85,352,gpt2,hin
186,26,89,312,gpt2,hin
272,36,114,462,gpt2,hin
199,25,84,335,gpt2,hin
178,21,70,295,gpt2,hin
253,31,103,421,gpt2,hin
202,25,84,345,gpt2,hin
240,28,93,407,gpt2,hin
255,33,110,426,gpt2,hin
187,24,88,312,gpt2,hin
132,13,51,212,gpt2,hin
251,35,111,424,gpt2,hin
113,16,51,195,gpt2,hin
130,16,49,216,gpt2,hin
159,18,62,259,gpt2,hin
145,19,61,247,gpt2,hin
247,37,113,414,gpt2,hin
130,19,58,216,gpt2,hin
173,25,78,288,gpt2,hin
120,17,54,196,gpt2,hin
123,17,53,214,gpt2,hin
120,15,58,197,gpt2,hin
248,31,103,428,gpt2,hin
192,20,71,314,gpt2,hin
152,19,66,257,gpt2,hin
110,13,49,186,gpt2,hin
247,30,99,424,gpt2,hin
70,8,29,113,gpt2,hin
340,39,131,570,gpt2,hin
170,25,76,285,gpt2,hin
304,39,125,517,gpt2,hin
153,22,66,258,gpt2,hin
146,18,59,246,gpt2,hin
157,17,59,258,gpt2,hin
166,20,61,277,gpt2,hin
184,25,74,306,gpt2,hin
97,15,45,160,gpt2,hin
199,24,86,322,gpt2,hin
144,16,59,235,gpt2,hin
98,16,46,169,gpt2,hin
173,25,79,294,gpt2,hin
186,25,81,320,gpt2,hin
184,24,75,304,gpt2,hin
114,17,51,192,gpt2,hin
148,21,72,245,gpt2,hin
97,13,38,162,gpt2,hin
122,18,62,212,gpt2,hin
162,21,62,275,gpt2,hin
199,24,81,326,gpt2,hin
335,48,137,559,gpt2,hin
195,18,66,325,gpt2,hin
319,43,138,530,gpt2,hin
252,30,106,417,gpt2,hin
254,34,108,431,gpt2,hin
108,14,47,183,gpt2,hin
103,15,47,175,gpt2,hin
184,23,78,309,gpt2,hin
152,19,64,250,gpt2,hin
269,32,112,447,gpt2,hin
145,19,72,244,gpt2,hin
211,23,87,340,gpt2,hin
279,29,109,468,gpt2,hin
225,27,94,378,gpt2,hin
227,34,107,384,gpt2,hin
219,26,92,366,gpt2,hin
204,28,90,340,gpt2,hin
283,31,107,470,gpt2,hin
137,14,51,224,gpt2,hin
268,33,112,449,gpt2,hin
174,23,75,287,gpt2,hin
215,26,93,360,gpt2,hin
294,36,128,498,gpt2,hin
197,22,77,330,gpt2,hin
236,31,108,400,gpt2,hin
165,20,73,276,gpt2,hin
289,30,112,477,gpt2,hin
241,31,98,405,gpt2,hin
331,40,137,560,gpt2,hin
167,23,76,290,gpt2,hin
426,53,178,722,gpt2,hin
313,41,138,520,gpt2,hin
244,29,103,408,gpt2,hin
322,40,140,539,gpt2,hin
202,26,84,336,gpt2,hin
488,55,201,809,gpt2,hin
202,25,88,344,gpt2,hin
186,20,72,307,gpt2,hin
165,21,67,277,gpt2,hin
157,23,69,263,gpt2,hin
219,25,87,368,gpt2,hin
114,13,41,187,gpt2,hin
91,10,38,157,gpt2,hin
182,21,64,301,gpt2,hin
140,20,67,234,gpt2,hin
232,27,94,393,gpt2,hin
124,15,51,207,gpt2,hin
173,22,73,293,gpt2,hin
124,19,60,204,gpt2,hin
282,38,126,485,gpt2,hin
189,25,81,319,gpt2,hin
308,38,131,528,gpt2,hin
175,26,81,306,gpt2,hin
258,33,101,448,gpt2,hin
128,15,49,213,gpt2,hin
310,40,137,530,gpt2,hin
130,15,52,220,gpt2,hin
221,32,102,385,gpt2,hin
191,24,80,324,gpt2,hin
184,22,73,311,gpt2,hin
227,28,103,380,gpt2,hin
156,20,68,262,gpt2,hin
177,21,79,294,gpt2,hin
140,22,65,240,gpt2,hin
123,16,53,204,gpt2,hin
132,20,64,221,gpt2,hin
270,28,101,443,gpt2,hin
170,23,86,280,gpt2,hin
216,25,86,357,gpt2,hin
167,19,61,276,gpt2,hin
227,26,87,380,gpt2,hin
181,23,72,307,gpt2,hin
223,27,95,382,gpt2,hin
173,19,64,284,gpt2,hin
167,22,70,285,gpt2,hin
223,31,107,371,gpt2,hin
205,26,87,344,gpt2,hin
192,24,81,326,gpt2,hin
193,26,83,322,gpt2,hin
137,17,65,231,gpt2,hin
182,27,104,313,gpt2,hin
259,35,124,438,gpt2,hin
133,17,59,219,gpt2,hin
133,15,52,222,gpt2,hin
153,22,81,262,gpt2,hin
225,27,91,375,gpt2,hin
130,21,70,220,gpt2,hin
179,27,89,316,gpt2,hin
162,23,74,277,gpt2,hin
220,29,96,370,gpt2,hin
234,29,102,388,gpt2,hin
229,28,95,389,gpt2,hin
114,15,48,190,gpt2,hin
162,21,74,277,gpt2,hin
118,14,45,200,gpt2,hin
117,15,48,201,gpt2,hin
108,16,47,183,gpt2,hin
173,20,67,281,gpt2,hin
173,19,74,285,gpt2,hin
181,23,73,305,gpt2,hin
236,26,88,391,gpt2,hin
324,36,120,542,gpt2,hin
165,20,70,270,gpt2,hin
218,25,82,358,gpt2,hin
141,18,61,233,gpt2,hin
232,33,109,397,gpt2,hin
141,20,66,243,gpt2,hin
217,30,94,373,gpt2,hin
213,25,90,353,gpt2,hin
192,26,92,320,gpt2,hin
227,29,103,377,gpt2,hin
246,32,107,414,gpt2,hin
119,19,64,204,gpt2,hin
107,18,60,191,gpt2,hin
214,29,102,370,gpt2,hin
141,19,66,231,gpt2,hin
221,25,87,371,gpt2,hin
182,23,75,298,gpt2,hin
213,26,87,350,gpt2,hin
178,22,71,308,gpt2,hin
190,21,76,313,gpt2,hin
188,20,73,314,gpt2,hin
181,26,96,310,gpt2,hin
153,17,61,252,gpt2,hin
161,24,75,274,gpt2,hin
265,31,105,438,gpt2,hin
126,17,55,210,gpt2,hin
155,23,70,261,gpt2,hin
153,18,60,259,gpt2,hin
244,33,107,402,gpt2,hin
210,27,85,354,gpt2,hin
190,26,81,315,gpt2,hin
190,29,88,319,gpt2,hin
247,31,101,407,gpt2,hin
242,31,107,414,gpt2,hin
230,30,97,381,gpt2,hin
156,21,69,267,gpt2,hin
270,33,112,452,gpt2,hin
179,22,75,298,gpt2,hin
195,26,79,324,gpt2,hin
149,19,58,250,gpt2,hin
287,37,118,479,gpt2,hin
209,23,82,348,gpt2,hin
300,40,136,509,gpt2,hin
190,27,88,320,gpt2,hin
197,26,84,334,gpt2,hin
181,28,85,320,gpt2,hin
167,24,79,279,gpt2,hin
137,17,57,227,gpt2,hin
119,17,52,199,gpt2,hin
201,25,85,339,gpt2,hin
142,17,57,233,gpt2,hin
190,25,83,319,gpt2,hin
154,21,72,265,gpt2,hin
153,18,63,246,gpt2,hin
193,25,87,328,gpt2,hin
136,18,63,231,gpt2,hin
173,20,72,292,gpt2,hin
193,29,92,324,gpt2,hin
288,38,127,493,gpt2,hin
179,25,94,298,gpt2,hin
250,36,106,416,gpt2,hin
232,32,104,385,gpt2,hin
161,25,81,274,gpt2,hin
141,19,61,232,gpt2,hin
183,24,75,307,gpt2,hin
247,32,116,417,gpt2,hin
169,21,68,283,gpt2,hin
223,32,103,374,gpt2,hin
167,22,75,290,gpt2,hin
142,18,59,240,gpt2,hin
191,24,81,322,gpt2,hin
282,32,115,472,gpt2,hin
193,26,88,323,gpt2,hin
206,31,104,349,gpt2,hin
197,22,75,331,gpt2,hin
194,21,72,317,gpt2,hin
197,24,76,326,gpt2,hin
229,27,89,377,gpt2,hin
194,22,75,317,gpt2,hin
139,17,58,240,gpt2,hin
78,12,40,132,gpt2,hin
317,39,131,534,gpt2,hin
237,29,100,396,gpt2,hin
242,33,102,410,gpt2,hin
364,42,145,605,gpt2,hin
146,22,64,247,gpt2,hin
205,26,85,346,gpt2,hin
258,40,124,448,gpt2,hin
131,16,60,218,gpt2,hin
246,33,106,418,gpt2,hin
236,33,103,405,gpt2,hin
256,30,103,431,gpt2,hin
280,32,104,462,gpt2,hin
280,31,106,462,gpt2,hin
149,20,62,256,gpt2,hin
237,33,101,404,gpt2,hin
145,17,55,241,gpt2,hin
293,38,124,487,gpt2,hin
104,12,40,175,gpt2,hin
261,33,109,429,gpt2,hin
312,37,125,524,gpt2,hin
103,16,51,176,gpt2,hin
189,26,84,314,gpt2,hin
245,32,112,409,gpt2,hin
227,29,99,384,gpt2,hin
149,18,62,250,gpt2,hin
215,28,90,368,gpt2,hin
208,23,79,343,gpt2,hin
311,36,133,523,gpt2,hin
183,28,96,310,gpt2,hin
300,35,126,506,gpt2,hin
202,28,84,354,gpt2,hin
194,26,87,331,gpt2,hin
212,27,93,356,gpt2,hin
105,12,44,175,gpt2,hin
179,19,72,300,gpt2,hin
203,25,90,344,gpt2,hin
224,26,90,367,gpt2,hin
135,20,67,227,gpt2,hin
179,20,71,300,gpt2,hin
289,38,115,488,gpt2,hin
181,21,67,305,gpt2,hin
171,18,71,283,gpt2,hin
167,23,74,285,gpt2,hin
202,27,92,346,gpt2,hin
181,20,69,296,gpt2,hin
225,25,87,381,gpt2,hin
204,28,93,344,gpt2,hin
153,18,60,255,gpt2,hin
155,21,71,268,gpt2,hin
210,23,85,345,gpt2,hin
162,22,74,277,gpt2,hin
194,24,77,324,gpt2,hin
173,25,75,296,gpt2,hin
125,19,55,209,gpt2,hin
248,41,123,432,gpt2,hin
206,30,99,349,gpt2,hin
227,29,98,378,gpt2,hin
201,28,89,332,gpt2,hin
193,31,95,326,gpt2,hin
141,20,63,236,gpt2,hin
132,18,56,219,gpt2,hin
105,15,44,174,gpt2,hin
165,21,70,274,gpt2,hin
124,16,49,210,gpt2,hin
123,13,44,204,gpt2,hin
207,31,101,354,gpt2,hin
219,25,91,365,gpt2,hin
219,22,85,359,gpt2,hin
147,15,50,237,gpt2,hin
272,31,109,458,gpt2,hin
211,25,87,348,gpt2,hin
152,18,63,251,gpt2,hin
246,35,116,419,gpt2,hin
261,32,112,435,gpt2,hin
170,23,71,299,gpt2,hin
133,16,57,224,gpt2,hin
256,31,105,424,gpt2,hin
253,35,106,430,gpt2,hin
126,14,48,209,gpt2,hin
195,27,84,324,gpt2,hin
117,15,47,192,gpt2,hin
203,29,91,342,gpt2,hin
113,17,53,194,gpt2,hin
195,23,79,326,gpt2,hin
147,15,52,243,gpt2,hin
177,28,88,301,gpt2,hin
166,23,82,281,gpt2,hin
271,36,111,451,gpt2,hin
305,43,140,534,gpt2,hin
177,27,81,298,gpt2,hin
257,41,125,442,gpt2,hin
388,43,149,650,gpt2,hin
162,23,72,268,gpt2,hin
178,25,78,290,gpt2,hin
275,37,121,469,gpt2,hin
192,26,86,326,gpt2,hin
258,36,117,438,gpt2,hin
202,29,85,347,gpt2,hin
306,40,133,524,gpt2,hin
165,20,69,289,gpt2,hin
102,13,43,173,gpt2,hin
296,35,117,497,gpt2,hin
141,16,56,238,gpt2,hin
79,8,27,130,gpt2,hin
235,30,109,393,gpt2,hin
237,33,103,404,gpt2,hin
390,40,155,650,gpt2,hin
148,18,64,249,gpt2,hin
139,16,56,226,gpt2,hin
79,11,35,133,gpt2,hin
253,34,110,435,gpt2,hin
88,14,44,153,gpt2,hin
208,27,91,353,gpt2,hin
250,37,113,427,gpt2,hin
254,37,126,429,gpt2,hin
229,30,100,389,gpt2,hin
93,13,44,157,gpt2,hin
263,32,118,443,gpt2,hin
175,20,70,295,gpt2,hin
141,16,55,236,gpt2,hin
302,32,116,500,gpt2,hin
107,14,46,185,gpt2,hin
384,47,174,647,gpt2,hin
132,18,58,226,gpt2,hin
226,29,96,374,gpt2,hin
201,19,70,328,gpt2,hin
114,14,44,190,gpt2,hin
241,26,99,396,gpt2,hin
201,27,84,333,gpt2,hin
341,47,154,586,gpt2,hin
111,13,46,182,gpt2,hin
293,41,132,498,gpt2,hin
228,30,104,383,gpt2,hin
253,32,112,418,gpt2,hin
187,27,75,314,gpt2,hin
105,14,47,175,gpt2,hin
234,33,105,408,gpt2,hin
205,25,80,357,gpt2,hin
138,20,61,233,gpt2,hin
118,22,76,203,gpt2,hin
70,8,30,118,gpt2,hin
224,28,97,373,gpt2,hin
160,20,68,267,gpt2,hin
220,28,93,365,gpt2,hin
195,25,83,331,gpt2,hin
298,37,122,494,gpt2,hin
220,21,82,360,gpt2,hin
123,16,51,210,gpt2,hin
90,14,43,154,gpt2,hin
238,28,96,406,gpt2,hin
166,19,67,272,gpt2,hin
216,29,95,366,gpt2,hin
208,30,99,349,gpt2,hin
287,36,125,480,gpt2,hin
208,24,86,344,gpt2,hin
174,26,76,293,gpt2,hin
112,12,43,185,gpt2,hin
226,31,103,387,gpt2,hin
115,12,41,186,gpt2,hin
148,20,66,251,gpt2,hin
173,24,72,291,gpt2,hin
113,15,49,189,gpt2,hin
217,23,81,352,gpt2,hin
292,36,121,496,gpt2,hin
105,15,50,175,gpt2,hin
215,25,89,367,gpt2,hin
201,24,85,335,gpt2,hin
237,29,94,393,gpt2,hin
154,21,71,264,gpt2,hin
184,24,77,309,gpt2,hin
128,13,46,211,gpt2,hin
158,18,68,269,gpt2,hin
182,18,67,301,gpt2,hin
272,33,108,451,gpt2,hin
334,16,90,339,gpt2,tam
707,27,162,707,gpt2,tam
536,22,129,537,gpt2,tam
875,36,205,879,gpt2,tam
544,22,130,549,gpt2,tam
489,21,116,489,gpt2,tam
171,8,41,171,gpt2,tam
484,24,119,488,gpt2,tam
204,10,53,210,gpt2,tam
256,12,62,258,gpt2,tam
495,20,115,495,gpt2,tam
586,23,142,589,gpt2,tam
433,18,111,437,gpt2,tam
578,20,128,580,gpt2,tam
706,26,172,710,gpt2,tam
848,33,199,848,gpt2,tam
752,27,174,755,gpt2,tam
321,12,76,324,gpt2,tam
475,23,126,489,gpt2,tam
811,35,210,827,gpt2,tam
320,13,72,320,gpt2,tam
273,11,64,273,gpt2,tam
487,23,126,487,gpt2,tam
611,28,149,615,gpt2,tam
497,17,111,497,gpt2,tam
341,13,78,341,gpt2,tam
464,17,106,468,gpt2,tam
637,25,152,637,gpt2,tam
488,16,109,488,gpt2,tam
242,8,56,242,gpt2,tam
807,33,193,809,gpt2,tam
754,27,176,754,gpt2,tam
514,20,116,514,gpt2,tam
537,18,119,537,gpt2,tam
283,10,66,283,gpt2,tam
361,15,83,362,gpt2,tam
746,25,173,746,gpt2,tam
431,16,100,431,gpt2,tam
317,13,74,317,gpt2,tam
201,7,49,206,gpt2,tam
510,15,111,510,gpt2,tam
150,9,55,157,gpt2,tam
354,16,106,366,gpt2,tam
259,14,79,267,gpt2,tam
407,16,97,407,gpt2,tam
432,19,105,437,gpt2,tam
425,22,112,437,gpt2,tam
378,14,85,378,gpt2,tam
310,14,78,314,gpt2,tam
382,17,91,384,gpt2,tam
154,9,47,160,gpt2,tam
594,24,145,594,gpt2,tam
374,13,83,374,gpt2,tam
438,17,99,438,gpt2,tam
553,22,128,555,gpt2,tam
734,32,173,738,gpt2,tam
600,26,143,604,gpt2,tam
586,25,142,590,gpt2,tam
348,11,80,348,gpt2,tam
239,8,54,239,gpt2,tam
420,16,99,420,gpt2,tam
306,14,74,306,gpt2,tam
402,16,98,402,gpt2,tam
627,23,143,627,gpt2,tam
460,20,116,468,gpt2,tam
351,18,94,358,gpt2,tam
342,14,78,342,gpt2,tam
325,16,79,328,gpt2,tam
375,19,93,377,gpt2,tam
491,21,115,491,gpt2,tam
347,13,78,347,gpt2,tam
832,33,194,835,gpt2,tam
602,22,138,607,gpt2,tam
702,26,163,702,gpt2,tam
531,20,124,533,gpt2,tam
452,18,105,452,gpt2,tam
601,20,137,601,gpt2,tam
426,15,98,426,gpt2,tam
183,8,45,183,gpt2,tam
480,22,118,484,gpt2,tam
351,14,80,351,gpt2,tam
244,13,63,246,gpt2,tam
289,14,78,296,gpt2,tam
357,16,86,359,gpt2,tam
181,11,49,183,gpt2,tam
373,16,85,373,gpt2,tam
538,23,135,541,gpt2,tam
510,19,118,510,gpt2,tam
415,15,94,415,gpt2,tam
352,14,78,352,gpt2,tam
364,17,84,364,gpt2,tam
411,17,95,411,gpt2,tam
453,17,105,453,gpt2,tam
211,7,45,211,gpt2,tam
521,15,111,521,gpt2,tam
277,9,63,277,gpt2,tam
429,14,97,429,gpt2,tam
325,13,79,328,gpt2,tam
350,16,90,354,gpt2,tam
441,17,101,441,gpt2,tam
262,13,66,266,gpt2,tam
555,22,143,566,gpt2,tam
494,20,112,494,gpt2,tam
234,9,54,234,gpt2,tam
359,14,84,359,gpt2,tam
373,14,85,373,gpt2,tam
187,7,41,187,gpt2,tam
793,30,182,793,gpt2,tam
660,33,167,665,gpt2,tam
326,14,78,329,gpt2,tam
305,13,78,307,gpt2,tam
204,9,49,204,gpt2,tam
205,10,50,205,gpt2,tam
246,11,60,246,gpt2,tam
638,25,148,638,gpt2,tam
436,15,100,436,gpt2,tam
444,18,103,444,gpt2,tam
512,18,117,514,gpt2,tam
165,8,45,171,gpt2,tam
640,24,159,644,gpt2,tam
492,23,130,504,gpt2,tam
590,23,142,594,gpt2,tam
262,9,59,262,gpt2,tam
168,8,42,169,gpt2,tam
239,14,67,246,gpt2,tam
530,22,130,534,gpt2,tam
140,5,33,140,gpt2,tam
544,19,124,544,gpt2,tam
365,17,92,366,gpt2,tam
364,15,85,364,gpt2,tam
327,15,76,327,gpt2,tam
613,28,149,613,gpt2,tam
483,19,113,485,gpt2,tam
268,9,59,268,gpt2,tam
196,11,63,205,gpt2,tam
362,14,86,362,gpt2,tam
177,8,48,180,gpt2,tam
251,12,67,254,gpt2,tam
272,11,67,272,gpt2,tam
303,16,83,304,gpt2,tam
495,20,114,495,gpt2,tam
453,19,110,454,gpt2,tam
347,15,81,347,gpt2,tam
335,12,75,335,gpt2,tam
291,12,72,295,gpt2,tam
581,19,128,581,gpt2,tam
376,15,100,377,gpt2,tam
410,16,97,410,gpt2,tam
317,13,78,317,gpt2,tam
291,11,70,291,gpt2,tam
448,21,104,448,gpt2,tam
552,22,130,556,gpt2,tam
379,21,100,384,gpt2,tam
402,21,100,408,gpt2,tam
485,16,107,485,gpt2,tam
663,29,157,663,gpt2,tam
630,24,141,630,gpt2,tam
285,11,67,285,gpt2,tam
357,19,106,373,gpt2,tam
325,14,78,325,gpt2,tam
242,9,59,245,gpt2,tam
915,39,220,920,gpt2,tam
636,24,147,636,gpt2,tam
429,17,95,429,gpt2,tam
181,6,42,181,gpt2,tam
723,24,170,726,gpt2,tam
531,17,120,531,gpt2,tam
364,18,103,377,gpt2,tam
475,21,114,479,gpt2,tam
348,15,89,351,gpt2,tam
416,19,102,416,gpt2,tam
213,10,52,216,gpt2,tam
283,10,63,283,gpt2,tam
350,13,82,350,gpt2,tam
506,21,121,511,gpt2,tam
320,11,71,320,gpt2,tam
510,17,109,510,gpt2,tam
319,17,83,325,gpt2,tam
184,6,40,184,gpt2,tam
246,12,58,246,gpt2,tam
397,14,89,397,gpt2,tam
195,10,50,198,gpt2,tam
417,17,103,418,gpt2,tam
384,19,98,392,gpt2,tam
643,23,148,644,gpt2,tam
426,17,100,426,gpt2,tam
269,14,66,271,gpt2,tam
343,13,88,347,gpt2,tam
358,15,103,372,gpt2,tam
347,15,85,351,gpt2,tam
380,15,89,380,gpt2,tam
494,21,113,494,gpt2,tam
578,21,132,578,gpt2,tam
789,33,189,796,gpt2,tam
302,14,69,302,gpt2,tam
254,10,62,258,gpt2,tam
645,23,158,651,gpt2,tam
982,38,220,986,gpt2,tam
342,11,77,342,gpt2,tam
315,13,75,315,gpt2,tam
541,23,124,541,gpt2,tam
610,23,132,610,gpt2,tam
525,20,115,525,gpt2,tam
747,29,166,747,gpt2,tam
462,20,113,465,gpt2,tam
501,17,112,501,gpt2,tam
249,11,61,253,gpt2,tam
503,19,110,503,gpt2,tam
368,16,86,368,gpt2,tam
280,9,63,280,gpt2,tam
201,9,46,201,gpt2,tam
320,11,71,320,gpt2,tam
224,8,49,224,gpt2,tam
162,12,74,190,gpt2,tam
463,18,108,466,gpt2,tam
508,20,116,511,gpt2,tam
253,10,57,253,gpt2,tam
472,18,108,473,gpt2,tam
408,14,94,408,gpt2,tam
397,15,93,397,gpt2,tam
148,7,36,148,gpt2,tam
398,16,87,398,gpt2,tam
418,19,103,421,gpt2,tam
332,16,77,332,gpt2,tam
222,8,51,222,gpt2,tam
276,11,65,278,gpt2,tam
421,19,100,422,gpt2,tam
256,12,58,256,gpt2,tam
316,16,79,317,gpt2,tam
313,13,69,313,gpt2,tam
141,9,49,150,gpt2,tam
294,12,69,294,gpt2,tam
411,19,97,411,gpt2,tam
161,7,37,161,gpt2,tam
488,20,126,494,gpt2,tam
212,9,51,212,gpt2,tam
511,18,110,511,gpt2,tam
515,15,111,515,gpt2,tam
404,13,89,404,gpt2,tam
362,14,80,362,gpt2,tam
521,23,127,522,gpt2,tam
468,17,105,468,gpt2,tam
340,15,83,344,gpt2,tam
253,7,58,257,gpt2,tam
466,20,107,467,gpt2,tam
205,9,49,205,gpt2,tam
382,19,98,386,gpt2,tam
1003,42,238,1006,gpt2,tam
609,28,147,610,gpt2,tam
300,14,75,302,gpt2,tam
363,21,119,388,gpt2,tam
321,13,80,327,gpt2,tam
422,15,97,422,gpt2,tam
167,7,39,167,gpt2,tam
251,10,57,251,gpt2,tam
596,23,144,598,gpt2,tam
448,17,107,448,gpt2,tam
399,15,96,399,gpt2,tam
385,13,87,385,gpt2,tam
449,13,102,452,gpt2,tam
466,18,106,466,gpt2,tam
383,15,93,383,gpt2,tam
130,6,32,130,gpt2,tam
270,12,64,270,gpt2,tam
474,17,103,474,gpt2,tam
546,23,143,555,gpt2,tam
382,19,90,384,gpt2,tam
427,24,131,451,gpt2,tam
300,12,71,302,gpt2,tam
283,13,74,287,gpt2,tam
430,18,98,430,gpt2,tam
602,26,144,602,gpt2,tam
225,9,50,225,gpt2,tam
278,10,63,278,gpt2,tam
415,19,112,424,gpt2,tam
766,35,202,775,gpt2,tam
488,22,120,493,gpt2,tam
227,11,52,227,gpt2,tam
532,25,128,537,gpt2,tam
337,16,82,337,gpt2,tam
323,11,72,323,gpt2,tam
241,11,55,241,gpt2,tam
212,10,54,212,gpt2,tam
323,16,81,323,gpt2,tam
258,9,58,258,gpt2,tam
217,7,48,217,gpt2,tam
285,12,65,285,gpt2,tam
416,16,100,416,gpt2,tam
545,18,123,545,gpt2,tam
453,14,109,457,gpt2,tam
533,16,118,533,gpt2,tam
460,20,114,464,gpt2,tam
433,16,98,433,gpt2,tam
464,19,109,464,gpt2,tam
442,15,99,442,gpt2,tam
631,21,144,632,gpt2,tam
661,21,145,661,gpt2,tam
269,11,65,271,gpt2,tam
136,6,33,138,gpt2,tam
363,18,86,363,gpt2,tam
296,10,68,296,gpt2,tam
293,11,77,297,gpt2,tam
503,21,120,505,gpt2,tam
378,14,93,383,gpt2,tam
309,16,94,323,gpt2,tam
326,11,85,335,gpt2,tam
229,13,71,239,gpt2,tam
284,11,66,284,gpt2,tam
264,11,59,264,gpt2,tam
511,18,110,511,gpt2,tam
217,9,51,219,gpt2,tam
267,11,66,268,gpt2,tam
324,11,75,324,gpt2,tam
311,10,69,311,gpt2,tam
227,8,49,227,gpt2,tam
311,12,76,315,gpt2,tam
350,12,79,355,gpt2,tam
373,13,81,373,gpt2,tam
281,10,64,282,gpt2,tam
153,6,35,153,gpt2,tam
412,17,103,416,gpt2,tam
661,30,174,674,gpt2,tam
375,18,102,386,gpt2,tam
566,23,129,570,gpt2,tam
308,14,75,310,gpt2,tam
580,23,140,584,gpt2,tam
553,21,133,559,gpt2,tam
335,11,74,335,gpt2,tam
485,17,115,487,gpt2,tam
480,16,106,480,gpt2,tam
347,13,79,347,gpt2,tam
528,20,119,528,gpt2,tam
332,16,83,333,gpt2,tam
246,10,64,250,gpt2,tam
163,6,42,167,gpt2,tam
570,22,131,571,gpt2,tam
712,23,159,712,gpt2,tam
518,17,115,518,gpt2,tam
461,16,106,461,gpt2,tam
415,16,96,415,gpt2,tam
1122,40,257,1122,gpt2,tam
248,10,60,248,gpt2,tam
336,15,84,336,gpt2,tam
638,27,158,642,gpt2,tam
320,13,75,322,gpt2,tam
238,10,54,238,gpt2,tam
262,13,70,266,gpt2,tam
434,16,103,436,gpt2,tam
274,13,67,274,gpt2,tam
434,18,102,434,gpt2,tam
416,17,99,416,gpt2,tam
372,12,82,372,gpt2,tam
491,20,119,491,gpt2,tam
306,11,70,306,gpt2,tam
375,14,83,375,gpt2,tam
574,18,127,574,gpt2,tam
329,13,77,332,gpt2,tam
488,18,115,488,gpt2,tam
246,11,58,246,gpt2,tam
327,17,81,327,gpt2,tam
392,18,100,393,gpt2,tam
438,16,100,438,gpt2,tam
231,8,53,231,gpt2,tam
353,15,82,353,gpt2,tam
330,12,77,330,gpt2,tam
499,20,121,500,gpt2,tam
521,26,129,522,gpt2,tam
386,17,90,387,gpt2,tam
307,13,73,307,gpt2,tam
618,23,140,618,gpt2,tam
369,14,83,369,gpt2,tam
506,19,116,506,gpt2,tam
844,41,205,846,gpt2,tam
602,23,141,602,gpt2,tam
318,12,72,318,gpt2,tam
444,16,104,444,gpt2,tam
465,19,112,465,gpt2,tam
430,16,99,430,gpt2,tam
450,14,102,451,gpt2,tam
291,11,69,291,gpt2,tam
413,16,97,413,gpt2,tam
349,15,83,349,gpt2,tam
605,27,144,607,gpt2,tam
540,23,132,540,gpt2,tam
308,15,73,308,gpt2,tam
713,25,167,713,gpt2,tam
519,20,120,519,gpt2,tam
411,15,93,412,gpt2,tam
400,15,92,400,gpt2,tam
311,12,74,311,gpt2,tam
384,14,89,384,gpt2,tam
379,14,87,379,gpt2,tam
322,12,76,322,gpt2,tam
194,7,44,194,gpt2,tam
248,9,57,248,gpt2,tam
194,7,42,194,gpt2,tam
357,13,84,357,gpt2,tam
227,10,53,227,gpt2,tam
769,30,171,769,gpt2,tam
236,8,53,236,gpt2,tam
499,21,122,501,gpt2,tam
408,14,93,408,gpt2,tam
298,14,74,298,gpt2,tam
504,19,130,511,gpt2,tam
555,26,146,563,gpt2,tam
181,6,41,181,gpt2,tam
373,14,84,373,gpt2,tam
606,23,150,614,gpt2,tam
365,20,99,373,gpt2,tam
331,13,73,331,gpt2,tam
340,15,80,340,gpt2,tam
707,31,160,707,gpt2,tam
483,20,118,483,gpt2,tam
380,12,90,380,gpt2,tam
373,17,89,374,gpt2,tam
598,23,138,598,gpt2,tam
270,12,64,270,gpt2,tam
587,23,136,587,gpt2,tam
442,19,114,450,gpt2,tam
473,23,118,474,gpt2,tam
479,16,108,479,gpt2,tam
252,14,69,259,gpt2,tam
311,15,74,312,gpt2,tam
433,20,104,435,gpt2,tam
687,27,164,689,gpt2,tam
457,21,127,467,gpt2,tam
554,26,150,565,gpt2,tam
328,15,77,329,gpt2,tam
442,16,104,442,gpt2,tam
303,13,76,306,gpt2,tam
398,20,103,400,gpt2,tam
337,15,82,337,gpt2,tam
173,13,60,185,gpt2,tam
312,15,80,314,gpt2,tam
327,14,82,328,gpt2,tam
452,18,105,452,gpt2,tam
462,19,108,464,gpt2,tam
386,12,89,386,gpt2,tam
353,14,82,353,gpt2,tam
258,9,57,258,gpt2,tam
577,22,136,577,gpt2,tam
650,28,153,650,gpt2,tam
248,10,58,248,gpt2,tam
709,26,166,709,gpt2,tam
461,18,109,461,gpt2,tam
326,13,73,326,gpt2,tam
306,12,75,309,gpt2,tam
410,16,93,410,gpt2,tam
329,14,79,331,gpt2,tam
560,25,136,561,gpt2,tam
527,19,118,527,gpt2,tam
589,24,140,591,gpt2,tam
225,9,54,225,gpt2,tam
492,22,124,492,gpt2,tam
582,24,139,582,gpt2,tam
395,15,92,395,gpt2,tam
357,11,79,357,gpt2,tam
299,11,68,299,gpt2,tam
532,23,138,540,gpt2,tam
253,10,58,253,gpt2,tam
345,15,84,346,gpt2,tam
379,15,89,379,gpt2,tam
463,23,113,463,gpt2,tam
223,9,51,223,gpt2,tam
436,16,102,436,gpt2,tam
600,26,149,606,gpt2,tam
548,20,129,548,gpt2,tam
333,20,92,341,gpt2,tam
521,24,120,522,gpt2,tam
333,15,77,333,gpt2,tam
453,19,111,453,gpt2,tam
732,37,194,740,gpt2,tam
423,17,97,423,gpt2,tam
280,10,65,280,gpt2,tam
343,14,80,344,gpt2,tam
290,8,61,290,gpt2,tam
667,25,153,667,gpt2,tam
359,13,88,360,gpt2,tam
263,10,58,263,gpt2,tam
408,21,117,422,gpt2,tam
363,18,91,367,gpt2,tam
858,33,199,858,gpt2,tam
816,30,197,821,gpt2,tam
248,10,60,248,gpt2,tam
524,21,119,524,gpt2,tam
481,18,109,481,gpt2,tam
384,14,88,384,gpt2,tam
707,25,170,707,gpt2,tam
409,14,96,409,gpt2,tam
223,14,69,233,gpt2,tam
534,21,125,534,gpt2,tam
305,11,69,305,gpt2,tam
293,13,77,300,gpt2,tam
234,8,53,234,gpt2,tam
311,15,80,315,gpt2,tam
562,22,130,562,gpt2,tam
362,14,85,362,gpt2,tam
638,28,154,638,gpt2,tam
375,14,87,375,gpt2,tam
483,16,115,483,gpt2,tam
340,12,83,340,gpt2,tam
402,17,99,403,gpt2,tam
552,20,127,552,gpt2,tam
659,19,147,659,gpt2,tam
897,30,216,902,gpt2,tam
393,12,88,393,gpt2,tam
335,10,76,335,gpt2,tam
638,23,151,639,gpt2,tam
328,11,73,328,gpt2,tam
483,23,118,483,gpt2,tam
423,18,99,423,gpt2,tam
525,19,120,525,gpt2,tam
426,16,99,426,gpt2,tam
303,12,73,303,gpt2,tam
272,11,62,272,gpt2,tam
442,17,107,442,gpt2,tam
304,12,69,304,gpt2,tam
239,8,55,239,gpt2,tam
366,14,85,366,gpt2,tam
302,12,81,308,gpt2,tam
503,20,129,510,gpt2,tam
454,18,104,454,gpt2,tam
388,17,94,388,gpt2,tam
485,19,106,485,gpt2,tam
384,15,89,384,gpt2,tam
379,15,89,379,gpt2,tam
327,12,73,327,gpt2,tam
362,14,80,362,gpt2,tam
489,19,113,489,gpt2,tam
309,12,73,309,gpt2,tam
488,18,114,488,gpt2,tam
511,23,129,512,gpt2,tam
513,21,119,513,gpt2,tam
439,17,104,442,gpt2,tam
425,17,98,425,gpt2,tam
463,19,106,463,gpt2,tam
652,25,151,653,gpt2,tam
302,14,73,302,gpt2,tam
371,16,85,371,gpt2,tam
316,15,79,316,gpt2,tam
452,19,105,452,gpt2,tam
359,15,82,359,gpt2,tam
428,17,102,429,gpt2,tam
553,20,130,553,gpt2,tam
594,28,143,594,gpt2,tam
323,13,73,323,gpt2,tam
466,19,110,468,gpt2,tam
358,16,91,364,gpt2,tam
1042,41,254,1047,gpt2,tam
442,19,104,442,gpt2,tam
700,26,163,700,gpt2,tam
612,23,148,616,gpt2,tam
292,12,73,292,gpt2,tam
378,14,83,378,gpt2,tam
326,14,83,330,gpt2,tam
371,14,86,371,gpt2,tam
970,36,233,970,gpt2,tam
228,7,53,230,gpt2,tam
532,23,128,532,gpt2,tam
599,22,142,599,gpt2,tam
303,11,73,303,gpt2,tam
309,12,78,312,gpt2,tam
490,17,115,491,gpt2,tam
230,8,54,230,gpt2,tam
576,20,135,577,gpt2,tam
529,17,120,529,gpt2,tam
564,23,130,564,gpt2,tam
627,23,147,627,gpt2,tam
694,31,165,695,gpt2,tam
299,14,85,309,gpt2,tam
278,14,67,279,gpt2,tam
471,21,112,473,gpt2,tam
354,17,89,356,gpt2,tam
399,17,97,399,gpt2,tam
317,14,76,317,gpt2,tam
220,9,54,220,gpt2,tam
407,17,97,407,gpt2,tam
364,13,84,364,gpt2,tam
496,28,137,501,gpt2,tam
383,15,90,383,gpt2,tam
346,13,80,346,gpt2,tam
239,8,52,239,gpt2,tam
297,11,68,297,gpt2,tam
459,17,104,459,gpt2,tam
421,15,96,421,gpt2,tam
459,22,123,466,gpt2,tam
357,17,90,358,gpt2,tam
314,11,71,314,gpt2,tam
348,15,84,348,gpt2,tam
222,8,51,222,gpt2,tam
412,14,91,412,gpt2,tam
501,19,118,501,gpt2,tam
741,30,171,741,gpt2,tam
351,12,80,351,gpt2,tam
262,9,61,262,gpt2,tam
370,15,85,370,gpt2,tam
497,17,113,497,gpt2,tam
499,19,121,499,gpt2,tam
417,16,97,417,gpt2,tam
248,13,63,250,gpt2,tam
309,11,74,309,gpt2,tam
446,20,111,448,gpt2,tam
630,23,142,630,gpt2,tam
488,17,114,488,gpt2,tam
424,17,101,424,gpt2,tam
592,18,133,592,gpt2,tam
348,11,76,348,gpt2,tam
632,24,147,632,gpt2,tam
456,16,104,456,gpt2,tam
571,22,131,571,gpt2,tam
441,14,98,441,gpt2,tam
324,15,78,324,gpt2,tam
579,21,139,579,gpt2,tam
444,17,105,444,gpt2,tam
409,15,100,409,gpt2,tam
575,19,133,575,gpt2,tam
419,17,108,422,gpt2,tam
263,9,63,263,gpt2,tam
436,17,105,436,gpt2,tam
300,11,68,300,gpt2,tam
279,11,68,279,gpt2,tam
259,12,62,259,gpt2,tam
277,12,67,277,gpt2,tam
550,27,139,552,gpt2,tam
215,9,52,215,gpt2,tam
381,19,95,382,gpt2,tam
177,11,47,177,gpt2,tam
273,12,65,275,gpt2,tam
250,13,71,257,gpt2,tam
536,21,122,536,gpt2,tam
433,17,102,433,gpt2,tam
313,18,80,316,gpt2,tam
284,11,68,284,gpt2,tam
418,16,93,418,gpt2,tam
181,7,42,181,gpt2,tam
739,28,171,739,gpt2,tam
462,18,106,462,gpt2,tam
472,23,117,474,gpt2,tam
372,18,98,373,gpt2,tam
355,14,87,355,gpt2,tam
280,10,67,280,gpt2,tam
328,12,77,328,gpt2,tam
389,18,92,389,gpt2,tam
237,11,58,237,gpt2,tam
377,13,86,377,gpt2,tam
331,12,75,331,gpt2,tam
262,12,61,262,gpt2,tam
424,16,97,424,gpt2,tam
337,17,82,338,gpt2,tam
291,13,70,291,gpt2,tam
316,12,73,316,gpt2,tam
286,13,73,291,gpt2,tam
341,13,80,341,gpt2,tam
380,15,92,380,gpt2,tam
341,13,80,341,gpt2,tam
483,19,115,484,gpt2,tam
572,23,136,572,gpt2,tam
360,14,82,360,gpt2,tam
526,22,140,531,gpt2,tam
566,20,130,566,gpt2,tam
587,26,137,587,gpt2,tam
217,9,48,217,gpt2,tam
289,10,65,289,gpt2,tam
277,12,68,277,gpt2,tam
363,12,81,363,gpt2,tam
611,24,142,611,gpt2,tam
295,16,81,303,gpt2,tam
440,19,111,444,gpt2,tam
581,19,129,581,gpt2,tam
413,14,93,413,gpt2,tam
480,20,109,480,gpt2,tam
487,17,112,487,gpt2,tam
361,14,90,366,gpt2,tam
467,18,110,467,gpt2,tam
237,9,53,237,gpt2,tam
456,18,108,456,gpt2,tam
380,15,90,380,gpt2,tam
398,13,93,398,gpt2,tam
552,24,133,552,gpt2,tam
256,11,64,257,gpt2,tam
573,20,130,573,gpt2,tam
365,13,85,365,gpt2,tam
550,21,127,551,gpt2,tam
472,21,114,472,gpt2,tam
665,23,152,665,gpt2,tam
526,19,116,526,gpt2,tam
686,26,167,686,gpt2,tam
647,22,148,648,gpt2,tam
419,16,98,419,gpt2,tam
652,24,166,663,gpt2,tam
421,16,94,421,gpt2,tam
707,27,180,717,gpt2,tam
463,21,110,463,gpt2,tam
338,13,76,338,gpt2,tam
375,13,87,375,gpt2,tam
370,18,92,370,gpt2,tam
373,12,86,373,gpt2,tam
264,9,59,264,gpt2,tam
269,9,64,269,gpt2,tam
401,16,98,401,gpt2,tam
273,11,63,273,gpt2,tam
487,18,109,489,gpt2,tam
252,9,55,252,gpt2,tam
370,12,85,370,gpt2,tam
241,10,56,241,gpt2,tam
480,19,110,480,gpt2,tam
422,18,104,425,gpt2,tam
543,21,131,545,gpt2,tam
369,15,88,372,gpt2,tam
474,19,110,475,gpt2,tam
257,11,62,258,gpt2,tam
666,25,152,666,gpt2,tam
295,13,68,295,gpt2,tam
388,16,93,391,gpt2,tam
451,16,100,456,gpt2,tam
358,15,86,358,gpt2,tam
403,17,98,409,gpt2,tam
340,12,87,344,gpt2,tam
440,20,107,440,gpt2,tam
348,14,91,351,gpt2,tam
312,13,76,315,gpt2,tam
355,14,83,355,gpt2,tam
570,22,130,571,gpt2,tam
358,17,95,364,gpt2,tam
356,12,88,362,gpt2,tam
296,12,69,296,gpt2,tam
557,21,124,558,gpt2,tam
407,16,93,407,gpt2,tam
472,16,104,472,gpt2,tam
287,10,60,287,gpt2,tam
347,12,79,347,gpt2,tam
625,22,145,625,gpt2,tam
359,17,94,367,gpt2,tam
459,17,110,459,gpt2,tam
455,22,110,455,gpt2,tam
288,14,79,295,gpt2,tam
440,20,120,450,gpt2,tam
723,28,172,731,gpt2,tam
354,11,78,354,gpt2,tam
250,10,62,250,gpt2,tam
342,18,95,350,gpt2,tam
521,22,119,521,gpt2,tam
277,16,80,284,gpt2,tam
426,19,114,436,gpt2,tam
341,14,83,345,gpt2,tam
521,19,116,521,gpt2,tam
458,18,104,458,gpt2,tam
499,19,114,500,gpt2,tam
238,9,53,238,gpt2,tam
352,13,83,354,gpt2,tam
270,12,62,270,gpt2,tam
280,12,64,280,gpt2,tam
189,9,46,189,gpt2,tam
397,15,87,397,gpt2,tam
376,15,95,380,gpt2,tam
301,13,71,302,gpt2,tam
487,16,108,487,gpt2,tam
516,20,118,516,gpt2,tam
438,14,95,438,gpt2,tam
341,13,76,341,gpt2,tam
262,14,67,265,gpt2,tam
577,26,134,577,gpt2,tam
310,15,77,310,gpt2,tam
484,16,107,484,gpt2,tam
634,20,150,639,gpt2,tam
352,15,83,352,gpt2,tam
571,21,138,571,gpt2,tam
544,22,130,544,gpt2,tam
289,16,79,293,gpt2,tam
193,9,56,201,gpt2,tam
494,21,122,496,gpt2,tam
360,16,89,363,gpt2,tam
387,19,95,390,gpt2,tam
339,14,83,339,gpt2,tam
394,18,95,395,gpt2,tam
403,16,94,403,gpt2,tam
400,16,91,400,gpt2,tam
316,13,75,316,gpt2,tam
418,20,109,424,gpt2,tam
276,11,65,276,gpt2,tam
396,16,93,396,gpt2,tam
534,21,130,539,gpt2,tam
305,12,72,305,gpt2,tam
329,13,79,329,gpt2,tam
385,13,88,385,gpt2,tam
485,22,121,487,gpt2,tam
418,16,97,418,gpt2,tam
404,17,99,404,gpt2,tam
452,18,103,452,gpt2,tam
534,20,124,534,gpt2,tam
526,23,126,526,gpt2,tam
436,19,107,437,gpt2,tam
307,13,73,307,gpt2,tam
555,21,125,555,gpt2,tam
382,15,86,382,gpt2,tam
282,11,63,282,gpt2,tam
256,10,57,256,gpt2,tam
535,18,119,535,gpt2,tam
599,18,136,601,gpt2,tam
643,23,149,643,gpt2,tam
442,17,105,442,gpt2,tam
547,18,128,547,gpt2,tam
438,20,108,438,gpt2,tam
382,18,90,382,gpt2,tam
291,11,65,291,gpt2,tam
372,18,87,372,gpt2,tam
377,15,87,377,gpt2,tam
322,12,76,322,gpt2,tam
437,15,102,437,gpt2,tam
393,17,92,393,gpt2,tam
421,14,94,421,gpt2,tam
458,24,119,459,gpt2,tam
315,16,83,322,gpt2,tam
325,15,82,328,gpt2,tam
419,16,100,423,gpt2,tam
498,19,116,502,gpt2,tam
437,20,117,448,gpt2,tam
418,20,104,418,gpt2,tam
516,22,119,516,gpt2,tam
372,15,89,374,gpt2,tam
254,11,61,254,gpt2,tam
284,13,70,284,gpt2,tam
597,25,136,597,gpt2,tam
265,10,60,265,gpt2,tam
471,16,107,471,gpt2,tam
391,16,92,391,gpt2,tam
376,13,86,376,gpt2,tam
412,16,96,412,gpt2,tam
618,21,139,618,gpt2,tam
480,19,111,480,gpt2,tam
638,32,169,647,gpt2,tam
410,18,97,410,gpt2,tam
579,22,133,579,gpt2,tam
369,13,82,369,gpt2,tam
560,23,134,560,gpt2,tam
504,16,110,504,gpt2,tam
302,13,72,302,gpt2,tam
208,9,61,215,gpt2,tam
624,21,141,624,gpt2,tam
433,21,111,437,gpt2,tam
415,17,95,415,gpt2,tam
791,31,189,792,gpt2,tam
294,12,68,294,gpt2,tam
461,15,105,461,gpt2,tam
622,24,138,622,gpt2,tam
259,11,61,259,gpt2,tam
547,24,130,547,gpt2,tam
514,21,117,515,gpt2,tam
564,19,128,564,gpt2,tam
716,25,156,716,gpt2,tam
490,19,121,494,gpt2,tam
320,15,82,325,gpt2,tam
576,20,134,582,gpt2,tam
387,13,88,387,gpt2,tam
646,25,152,651,gpt2,tam
184,7,39,184,gpt2,tam
437,19,103,438,gpt2,tam
570,25,134,570,gpt2,tam
242,10,58,242,gpt2,tam
421,18,99,421,gpt2,tam
551,21,127,551,gpt2,tam
494,19,123,497,gpt2,tam
355,15,84,355,gpt2,tam
381,16,91,381,gpt2,tam
493,18,111,493,gpt2,tam
638,24,148,638,gpt2,tam
296,15,84,305,gpt2,tam
623,25,156,627,gpt2,tam
405,17,98,405,gpt2,tam
409,15,97,409,gpt2,tam
402,14,93,402,gpt2,tam
226,9,53,226,gpt2,tam
444,16,105,444,gpt2,tam
554,24,131,554,gpt2,tam
425,18,99,425,gpt2,tam
644,26,151,644,gpt2,tam
387,16,92,387,gpt2,tam
517,18,118,517,gpt2,tam
311,13,71,311,gpt2,tam
304,12,72,307,gpt2,tam
338,12,77,338,gpt2,tam
402,20,101,403,gpt2,tam
409,16,95,409,gpt2,tam
466,18,106,466,gpt2,tam
464,17,110,465,gpt2,tam
273,9,63,273,gpt2,tam
274,12,69,279,gpt2,tam
422,16,96,422,gpt2,tam
361,16,89,361,gpt2,tam
426,19,101,426,gpt2,tam
372,14,85,372,gpt2,tam
293,10,66,293,gpt2,tam
558,19,125,558,gpt2,tam
432,18,101,434,gpt2,tam
378,12,86,378,gpt2,tam
582,20,126,582,gpt2,tam
509,16,108,509,gpt2,tam
321,11,70,321,gpt2,tam
308,13,73,308,gpt2,tam
302,12,69,302,gpt2,tam
403,18,96,403,gpt2,tam
237,8,54,237,gpt2,tam
231,6,49,231,gpt2,tam
492,20,125,498,gpt2,tam
447,17,102,450,gpt2,tam
385,15,88,385,gpt2,tam
272,9,61,272,gpt2,tam
439,18,108,444,gpt2,tam
329,15,84,331,gpt2,tam
327,13,75,327,gpt2,tam
525,18,113,525,gpt2,tam
372,14,86,372,gpt2,tam
314,13,75,314,gpt2,tam
353,12,81,353,gpt2,tam
408,15,95,408,gpt2,tam
389,16,91,389,gpt2,tam
188,8,45,188,gpt2,tam
385,16,98,389,gpt2,tam
151,4,35,151,gpt2,tam
435,19,108,435,gpt2,tam
235,12,58,236,gpt2,tam
453,20,109,455,gpt2,tam
460,14,102,460,gpt2,tam
408,17,97,408,gpt2,tam
268,10,60,268,gpt2,tam
559,22,131,559,gpt2,tam
714,25,166,714,gpt2,tam
429,19,103,429,gpt2,tam
580,26,139,580,gpt2,tam
496,20,122,496,gpt2,tam
418,17,102,418,gpt2,tam
424,18,101,424,gpt2,tam
535,20,127,535,gpt2,tam
521,23,129,523,gpt2,tam
541,21,126,541,gpt2,tam
399,17,94,399,gpt2,tam
522,20,123,522,gpt2,tam
292,11,67,292,gpt2,tam
152,8,39,152,gpt2,tam
681,24,162,684,gpt2,tam
422,14,93,422,gpt2,tam
157,7,37,157,gpt2,tam
523,21,124,524,gpt2,tam
401,16,99,401,gpt2,tam
829,33,202,831,gpt2,tam
321,12,74,321,gpt2,tam
244,9,58,244,gpt2,tam
179,8,42,179,gpt2,tam
515,19,121,515,gpt2,tam
227,10,53,230,gpt2,tam
356,16,87,357,gpt2,tam
662,25,152,662,gpt2,tam
508,18,122,508,gpt2,tam
439,16,101,439,gpt2,tam
290,11,67,290,gpt2,tam
526,19,116,526,gpt2,tam
424,14,97,424,gpt2,tam
293,10,68,293,gpt2,tam
623,22,146,623,gpt2,tam
275,7,61,275,gpt2,tam
600,24,152,605,gpt2,tam
249,9,56,249,gpt2,tam
527,23,126,527,gpt2,tam
425,18,104,425,gpt2,tam
242,11,60,242,gpt2,tam
425,18,104,425,gpt2,tam
356,15,84,361,gpt2,tam
708,24,161,708,gpt2,tam
189,8,44,189,gpt2,tam
651,27,155,651,gpt2,tam
526,20,126,527,gpt2,tam
478,23,116,478,gpt2,tam
336,13,80,339,gpt2,tam
303,12,69,303,gpt2,tam
519,18,118,519,gpt2,tam
415,13,95,415,gpt2,tam
354,15,86,355,gpt2,tam
366,17,89,368,gpt2,tam
231,9,55,231,gpt2,tam
391,15,93,391,gpt2,tam
303,11,67,303,gpt2,tam
415,18,97,415,gpt2,tam
406,14,97,406,gpt2,tam
591,25,146,591,gpt2,tam
335,12,80,335,gpt2,tam
307,13,71,308,gpt2,tam
213,9,48,213,gpt2,tam
524,17,123,524,gpt2,tam
325,13,82,329,gpt2,tam
336,12,81,340,gpt2,tam
435,16,98,435,gpt2,tam
556,23,139,562,gpt2,tam
388,16,92,388,gpt2,tam
293,11,63,293,gpt2,tam
237,9,53,237,gpt2,tam
532,21,125,532,gpt2,tam
215,8,50,215,gpt2,tam
316,12,71,316,gpt2,tam
497,16,115,497,gpt2,tam
250,10,59,250,gpt2,tam
441,16,106,441,gpt2,tam
607,20,139,607,gpt2,tam
251,10,58,251,gpt2,tam
377,14,85,377,gpt2,tam
346,14,86,346,gpt2,tam
482,19,109,482,gpt2,tam
379,18,92,379,gpt2,tam
350,13,80,350,gpt2,tam
273,10,64,273,gpt2,tam
374,18,91,374,gpt2,tam
287,10,66,287,gpt2,tam
543,17,119,543,gpt2,tam
298,17,85,308,gpt2,tel
651,28,130,651,gpt2,tel
507,26,119,509,gpt2,tel
698,32,152,702,gpt2,tel
472,26,112,477,gpt2,tel
303,18,70,306,gpt2,tel
110,7,28,114,gpt2,tel
376,18,82,380,gpt2,tel
136,8,46,148,gpt2,tel
221,11,44,221,gpt2,tel
483,20,99,484,gpt2,tel
484,23,103,487,gpt2,tel
417,17,86,427,gpt2,tel
549,21,104,551,gpt2,tel
576,29,125,580,gpt2,tel
534,21,112,546,gpt2,tel
572,26,127,578,gpt2,tel
282,17,72,287,gpt2,tel
410,22,108,425,gpt2,tel
682,39,175,704,gpt2,tel
268,13,51,268,gpt2,tel
214,10,44,214,gpt2,tel
554,24,111,554,gpt2,tel
536,28,121,539,gpt2,tel
448,19,87,448,gpt2,tel
248,13,54,248,gpt2,tel
393,18,92,404,gpt2,tel
545,24,114,545,gpt2,tel
319,18,67,319,gpt2,tel
222,10,48,222,gpt2,tel
598,32,136,600,gpt2,tel
640,32,141,640,gpt2,tel
319,19,74,319,gpt2,tel
417,23,89,417,gpt2,tel
226,10,47,226,gpt2,tel
207,10,52,213,gpt2,tel
469,23,101,469,gpt2,tel
317,13,67,323,gpt2,tel
289,13,54,290,gpt2,tel
173,8,34,173,gpt2,tel
420,20,84,422,gpt2,tel
208,9,48,213,gpt2,tel
238,14,73,250,gpt2,tel
185,10,54,194,gpt2,tel
237,12,50,238,gpt2,tel
393,17,85,399,gpt2,tel
392,19,89,405,gpt2,tel
227,13,55,227,gpt2,tel
334,14,71,338,gpt2,tel
309,16,77,314,gpt2,tel
179,11,43,184,gpt2,tel
392,22,95,397,gpt2,tel
296,17,84,318,gpt2,tel
432,21,84,432,gpt2,tel
599,28,129,601,gpt2,tel
554,27,108,558,gpt2,tel
601,27,119,605,gpt2,tel
487,24,106,492,gpt2,tel
306,13,65,317,gpt2,tel
226,10,46,227,gpt2,tel
267,13,66,276,gpt2,tel
301,16,66,301,gpt2,tel
338,17,73,338,gpt2,tel
518,23,112,522,gpt2,tel
425,20,93,434,gpt2,tel
293,17,67,302,gpt2,tel
300,14,57,300,gpt2,tel
329,16,69,332,gpt2,tel
232,15,72,247,gpt2,tel
357,20,75,357,gpt2,tel
299,14,61,299,gpt2,tel
614,32,135,620,gpt2,tel
486,21,114,497,gpt2,tel
556,25,133,579,gpt2,tel
379,20,101,401,gpt2,tel
421,18,83,421,gpt2,tel
502,22,104,505,gpt2,tel
289,10,58,289,gpt2,tel
104,8,41,115,gpt2,tel
439,20,89,443,gpt2,tel
287,14,67,293,gpt2,tel
252,13,55,255,gpt2,tel
263,16,80,283,gpt2,tel
387,20,87,389,gpt2,tel
147,8,33,149,gpt2,tel
327,13,61,328,gpt2,tel
532,30,148,539,gpt2,tel
459,21,95,460,gpt2,tel
343,15,70,343,gpt2,tel
344,17,68,344,gpt2,tel
307,11,61,307,gpt2,tel
350,14,65,350,gpt2,tel
385,22,84,385,gpt2,tel
182,8,35,182,gpt2,tel
402,16,81,402,gpt2,tel
267,14,56,267,gpt2,tel
305,13,61,307,gpt2,tel
265,14,65,268,gpt2,tel
321,18,82,327,gpt2,tel
352,16,79,357,gpt2,tel
245,13,54,249,gpt2,tel
411,21,101,422,gpt2,tel
402,23,97,411,gpt2,tel
225,9,44,225,gpt2,tel
253,12,49,253,gpt2,tel
301,13,53,301,gpt2,tel
179,7,33,181,gpt2,tel
451,24,124,475,gpt2,tel
463,22,116,481,gpt2,tel
221,12,49,225,gpt2,tel
243,11,53,245,gpt2,tel
156,9,35,156,gpt2,tel
185,9,38,186,gpt2,tel
209,10,42,209,gpt2,tel
552,26,113,552,gpt2,tel
435,21,87,436,gpt2,tel
499,21,99,499,gpt2,tel
369,18,77,371,gpt2,tel
156,10,41,161,gpt2,tel
539,25,121,543,gpt2,tel
286,22,125,338,gpt2,tel
397,23,99,401,gpt2,tel
257,10,54,257,gpt2,tel
177,11,39,178,gpt2,tel
217,13,50,221,gpt2,tel
468,19,102,477,gpt2,tel
152,8,32,152,gpt2,tel
479,18,100,479,gpt2,tel
325,13,68,325,gpt2,tel
341,18,81,341,gpt2,tel
283,12,65,287,gpt2,tel
465,24,100,465,gpt2,tel
397,18,89,402,gpt2,tel
285,11,53,285,gpt2,tel
164,11,50,175,gpt2,tel
301,12,58,301,gpt2,tel
183,10,46,186,gpt2,tel
220,10,50,223,gpt2,tel
271,13,63,271,gpt2,tel
253,13,57,257,gpt2,tel
442,18,90,442,gpt2,tel
371,19,86,372,gpt2,tel
338,13,66,338,gpt2,tel
287,13,55,287,gpt2,tel
210,12,53,214,gpt2,tel
351,16,71,351,gpt2,tel
338,13,67,343,gpt2,tel
362,17,72,362,gpt2,tel
288,14,61,288,gpt2,tel
314,14,65,314,gpt2,tel
355,17,67,355,gpt2,tel
322,20,115,362,gpt2,tel
399,22,94,404,gpt2,tel
298,16,64,304,gpt2,tel
321,14,78,336,gpt2,tel
385,18,78,385,gpt2,tel
519,26,103,519,gpt2,tel
273,11,56,273,gpt2,tel
332,21,92,349,gpt2,tel
261,11,49,263,gpt2,tel
202,12,58,208,gpt2,tel
962,44,202,969,gpt2,tel
446,22,96,446,gpt2,tel
313,16,65,313,gpt2,tel
181,7,29,181,gpt2,tel
618,29,141,623,gpt2,tel
467,18,87,467,gpt2,tel
314,20,89,334,gpt2,tel
499,25,112,507,gpt2,tel
293,18,74,299,gpt2,tel
343,16,69,343,gpt2,tel
206,9,44,209,gpt2,tel
189,12,52,198,gpt2,tel
273,14,55,273,gpt2,tel
343,15,89,351,gpt2,tel
263,11,53,263,gpt2,tel
447,17,79,451,gpt2,tel
256,18,79,272,gpt2,tel
136,10,47,144,gpt2,tel
208,11,41,210,gpt2,tel
371,14,64,375,gpt2,tel
194,9,45,197,gpt2,tel
346,17,75,350,gpt2,tel
374,18,89,382,gpt2,tel
451,21,92,452,gpt2,tel
334,18,76,334,gpt2,tel
86,5,38,99,gpt2,tel
215,10,73,225,gpt2,tel
300,14,81,312,gpt2,tel
448,21,105,457,gpt2,tel
319,12,61,321,gpt2,tel
389,21,84,389,gpt2,tel
311,17,103,345,gpt2,tel
621,34,144,627,gpt2,tel
276,13,55,276,gpt2,tel
269,11,59,272,gpt2,tel
512,24,119,518,gpt2,tel
799,37,155,802,gpt2,tel
292,12,60,295,gpt2,tel
301,14,67,301,gpt2,tel
489,22,91,494,gpt2,tel
483,22,99,483,gpt2,tel
472,19,90,472,gpt2,tel
618,29,125,619,gpt2,tel
322,17,75,327,gpt2,tel
423,23,110,438,gpt2,tel
202,12,50,206,gpt2,tel
349,22,121,397,gpt2,tel
329,14,62,329,gpt2,tel
261,9,46,261,gpt2,tel
266,13,55,266,gpt2,tel
423,20,87,423,gpt2,tel
195,9,39,195,gpt2,tel
210,13,50,213,gpt2,tel
358,17,83,363,gpt2,tel
428,19,91,431,gpt2,tel
224,11,45,224,gpt2,tel
388,14,72,391,gpt2,tel
376,17,72,376,gpt2,tel
342,16,73,344,gpt2,tel
183,9,37,183,gpt2,tel
224,13,50,226,gpt2,tel
350,18,78,353,gpt2,tel
280,18,65,280,gpt2,tel
167,8,36,167,gpt2,tel
221,11,44,223,gpt2,tel
317,17,81,329,gpt2,tel
261,12,54,267,gpt2,tel
280,17,69,290,gpt2,tel
189,11,45,194,gpt2,tel
172,9,45,180,gpt2,tel
247,12,50,247,gpt2,tel
410,20,86,410,gpt2,tel
136,6,29,136,gpt2,tel
340,18,79,345,gpt2,tel
237,14,53,237,gpt2,tel
462,23,90,462,gpt2,tel
403,17,83,407,gpt2,tel
350,14,67,351,gpt2,tel
246,10,48,246,gpt2,tel
414,21,88,414,gpt2,tel
351,17,75,351,gpt2,tel
309,16,66,313,gpt2,tel
199,10,46,203,gpt2,tel
323,18,69,324,gpt2,tel
147,8,35,147,gpt2,tel
281,16,70,284,gpt2,tel
786,41,182,793,gpt2,tel
437,22,104,452,gpt2,tel
312,15,61,312,gpt2,tel
413,21,86,415,gpt2,tel
235,14,56,241,gpt2,tel
424,17,77,424,gpt2,tel
124,7,29,125,gpt2,tel
167,10,40,168,gpt2,tel
427,22,94,432,gpt2,tel
342,15,72,342,gpt2,tel
371,14,75,371,gpt2,tel
274,12,58,274,gpt2,tel
332,14,68,335,gpt2,tel
321,17,67,321,gpt2,tel
311,16,64,311,gpt2,tel
119,7,25,119,gpt2,tel
274,12,54,275,gpt2,tel
387,16,71,388,gpt2,tel
465,25,115,479,gpt2,tel
367,17,73,369,gpt2,tel
405,22,86,407,gpt2,tel
275,13,52,277,gpt2,tel
257,13,57,261,gpt2,tel
330,14,65,330,gpt2,tel
482,23,98,482,gpt2,tel
208,10,46,212,gpt2,tel
238,10,55,248,gpt2,tel
362,22,91,367,gpt2,tel
753,42,181,765,gpt2,tel
483,24,100,488,gpt2,tel
243,11,48,243,gpt2,tel
499,24,106,508,gpt2,tel
255,14,55,255,gpt2,tel
247,10,51,247,gpt2,tel
214,8,40,214,gpt2,tel
102,6,23,103,gpt2,tel
315,15,64,315,gpt2,tel
189,9,36,189,gpt2,tel
190,8,36,190,gpt2,tel
212,11,46,212,gpt2,tel
381,18,77,382,gpt2,tel
431,20,87,433,gpt2,tel
355,17,109,389,gpt2,tel
350,16,71,350,gpt2,tel
358,15,74,364,gpt2,tel
285,15,67,285,gpt2,tel
514,21,109,519,gpt2,tel
437,17,85,438,gpt2,tel
490,20,99,495,gpt2,tel
478,26,107,481,gpt2,tel
302,14,63,305,gpt2,tel
137,10,47,148,gpt2,tel
394,18,82,396,gpt2,tel
244,12,63,251,gpt2,tel
255,11,55,259,gpt2,tel
325,18,76,331,gpt2,tel
297,15,75,302,gpt2,tel
326,17,89,340,gpt2,tel
227,8,52,232,gpt2,tel
159,12,62,176,gpt2,tel
273,12,51,273,gpt2,tel
192,9,40,192,gpt2,tel
324,15,64,324,gpt2,tel
142,7,31,145,gpt2,tel
248,11,51,249,gpt2,tel
200,12,53,210,gpt2,tel
334,17,73,334,gpt2,tel
206,8,37,206,gpt2,tel
277,13,60,281,gpt2,tel
286,12,56,286,gpt2,tel
347,14,70,348,gpt2,tel
325,15,68,333,gpt2,tel
148,7,29,148,gpt2,tel
492,24,106,497,gpt2,tel
479,22,113,494,gpt2,tel
316,19,82,327,gpt2,tel
530,24,109,535,gpt2,tel
360,18,77,364,gpt2,tel
464,22,97,468,gpt2,tel
466,27,113,478,gpt2,tel
253,10,58,253,gpt2,tel
410,22,117,438,gpt2,tel
363,18,77,363,gpt2,tel
392,17,83,393,gpt2,tel
414,17,76,414,gpt2,tel
330,20,77,332,gpt2,tel
185,9,43,189,gpt2,tel
150,8,37,153,gpt2,tel
503,26,101,503,gpt2,tel
689,25,133,689,gpt2,tel
404,19,83,406,gpt2,tel
321,15,69,321,gpt2,tel
315,15,63,315,gpt2,tel
968,43,193,968,gpt2,tel
215,10,46,215,gpt2,tel
340,16,71,340,gpt2,tel
600,27,134,605,gpt2,tel
255,14,57,257,gpt2,tel
224,13,50,225,gpt2,tel
258,14,59,261,gpt2,tel
342,15,71,349,gpt2,tel
215,12,50,215,gpt2,tel
329,19,74,329,gpt2,tel
349,16,75,349,gpt2,tel
301,13,64,301,gpt2,tel
527,24,111,527,gpt2,tel
245,13,53,245,gpt2,tel
299,13,59,299,gpt2,tel
456,16,85,456,gpt2,tel
272,14,59,275,gpt2,tel
314,16,69,314,gpt2,tel
182,10,44,182,gpt2,tel
281,17,59,281,gpt2,tel
375,20,83,376,gpt2,tel
229,12,50,229,gpt2,tel
237,11,45,237,gpt2,tel
240,15,58,242,gpt2,tel
335,16,74,335,gpt2,tel
489,27,105,490,gpt2,tel
350,20,82,352,gpt2,tel
294,14,64,295,gpt2,tel
244,14,52,244,gpt2,tel
471,21,104,471,gpt2,tel
344,15,75,345,gpt2,tel
445,24,102,445,gpt2,tel
657,36,147,659,gpt2,tel
520,27,116,520,gpt2,tel
205,12,51,205,gpt2,tel
410,18,86,410,gpt2,tel
326,17,74,326,gpt2,tel
429,21,91,429,gpt2,tel
368,16,80,372,gpt2,tel
276,11,62,276,gpt2,tel
423,22,89,423,gpt2,tel
227,14,73,240,gpt2,tel
461,25,107,463,gpt2,tel
442,26,104,442,gpt2,tel
236,16,61,239,gpt2,tel
493,26,112,494,gpt2,tel
324,15,69,324,gpt2,tel
291,14,67,291,gpt2,tel
382,21,89,382,gpt2,tel
295,15,72,295,gpt2,tel
311,13,66,311,gpt2,tel
323,16,71,323,gpt2,tel
306,12,59,306,gpt2,tel
136,7,28,136,gpt2,tel
177,8,35,177,gpt2,tel
139,7,34,139,gpt2,tel
292,14,59,292,gpt2,tel
158,10,46,161,gpt2,tel
646,32,129,646,gpt2,tel
233,10,48,233,gpt2,tel
411,18,84,412,gpt2,tel
297,14,62,297,gpt2,tel
172,13,44,172,gpt2,tel
381,18,91,390,gpt2,tel
436,26,114,456,gpt2,tel
146,7,33,146,gpt2,tel
321,15,59,321,gpt2,tel
348,17,93,361,gpt2,tel
265,14,75,278,gpt2,tel
340,16,65,342,gpt2,tel
275,16,70,275,gpt2,tel
545,28,122,547,gpt2,tel
453,17,87,453,gpt2,tel
320,13,72,320,gpt2,tel
383,18,81,383,gpt2,tel
345,15,72,345,gpt2,tel
216,11,44,216,gpt2,tel
340,15,70,340,gpt2,tel
385,23,96,393,gpt2,tel
383,18,83,386,gpt2,tel
352,15,70,352,gpt2,tel
269,14,63,275,gpt2,tel
283,14,78,293,gpt2,tel
280,15,60,281,gpt2,tel
591,28,126,593,gpt2,tel
439,23,102,451,gpt2,tel
527,25,130,540,gpt2,tel
133,18,95,186,gpt2,tel
310,13,63,310,gpt2,tel
240,11,52,243,gpt2,tel
333,18,78,336,gpt2,tel
379,18,75,379,gpt2,tel
141,9,44,149,gpt2,tel
318,16,67,321,gpt2,tel
292,15,68,297,gpt2,tel
354,17,77,354,gpt2,tel
365,17,80,367,gpt2,tel
223,12,64,237,gpt2,tel
286,13,60,287,gpt2,tel
230,11,46,230,gpt2,tel
381,16,78,381,gpt2,tel
429,20,83,430,gpt2,tel
211,7,43,211,gpt2,tel
585,25,128,586,gpt2,tel
398,17,81,398,gpt2,tel
330,14,67,330,gpt2,tel
226,13,57,229,gpt2,tel
363,16,75,363,gpt2,tel
314,12,61,317,gpt2,tel
368,21,86,373,gpt2,tel
399,23,90,399,gpt2,tel
507,25,110,509,gpt2,tel
237,12,52,237,gpt2,tel
382,19,84,387,gpt2,tel
574,26,117,574,gpt2,tel
392,17,80,392,gpt2,tel
292,16,66,292,gpt2,tel
244,13,53,244,gpt2,tel
476,25,119,486,gpt2,tel
253,12,51,253,gpt2,tel
282,15,61,283,gpt2,tel
349,19,80,349,gpt2,tel
484,25,109,484,gpt2,tel
107,9,43,121,gpt2,tel
359,16,74,359,gpt2,tel
516,26,115,524,gpt2,tel
410,18,85,410,gpt2,tel
336,18,79,344,gpt2,tel
416,27,94,417,gpt2,tel
424,21,86,424,gpt2,tel
464,23,95,464,gpt2,tel
627,33,148,638,gpt2,tel
344,17,70,345,gpt2,tel
220,13,51,220,gpt2,tel
289,15,67,289,gpt2,tel
195,11,60,213,gpt2,tel
499,23,95,499,gpt2,tel
306,16,76,312,gpt2,tel
276,11,52,276,gpt2,tel
305,19,87,320,gpt2,tel
279,16,66,283,gpt2,tel
646,33,139,646,gpt2,tel
730,30,151,733,gpt2,tel
226,10,49,226,gpt2,tel
459,19,86,459,gpt2,tel
455,22,104,455,gpt2,tel
299,14,61,299,gpt2,tel
650,29,139,650,gpt2,tel
381,13,74,383,gpt2,tel
287,17,71,294,gpt2,tel
439,25,104,450,gpt2,tel
246,12,49,246,gpt2,tel
175,13,52,185,gpt2,tel
202,7,35,202,gpt2,tel
272,14,64,276,gpt2,tel
609,27,132,609,gpt2,tel
343,15,75,343,gpt2,tel
469,22,101,469,gpt2,tel
345,15,70,345,gpt2,tel
405,20,84,405,gpt2,tel
268,13,57,269,gpt2,tel
324,14,74,324,gpt2,tel
350,18,78,350,gpt2,tel
786,29,162,786,gpt2,tel
840,35,170,846,gpt2,tel
291,12,59,291,gpt2,tel
267,11,57,267,gpt2,tel
529,22,108,530,gpt2,tel
397,18,83,397,gpt2,tel
539,25,108,539,gpt2,tel
412,25,126,440,gpt2,tel
546,20,104,546,gpt2,tel
284,15,63,284,gpt2,tel
244,13,54,244,gpt2,tel
189,10,45,193,gpt2,tel
344,15,72,344,gpt2,tel
199,10,40,199,gpt2,tel
186,8,40,186,gpt2,tel
242,11,49,242,gpt2,tel
297,13,81,310,gpt2,tel
450,19,102,464,gpt2,tel
407,17,82,407,gpt2,tel
302,13,59,302,gpt2,tel
489,24,101,489,gpt2,tel
339,15,69,339,gpt2,tel
287,12,61,287,gpt2,tel
314,13,58,314,gpt2,tel
300,13,62,301,gpt2,tel
378,19,85,378,gpt2,tel
260,13,70,260,gpt2,tel
359,18,79,359,gpt2,tel
446,21,98,447,gpt2,tel
429,21,99,433,gpt2,tel
347,17,75,352,gpt2,tel
406,16,76,406,gpt2,tel
467,24,100,467,gpt2,tel
356,20,89,363,gpt2,tel
291,15,62,291,gpt2,tel
387,20,78,387,gpt2,tel
300,14,60,300,gpt2,tel
350,18,76,350,gpt2,tel
313,14,64,313,gpt2,tel
346,15,70,346,gpt2,tel
486,19,95,486,gpt2,tel
507,24,113,514,gpt2,tel
336,14,63,336,gpt2,tel
490,20,105,492,gpt2,tel
364,17,83,368,gpt2,tel
938,42,199,943,gpt2,tel
391,17,89,391,gpt2,tel
521,26,114,521,gpt2,tel
547,22,115,551,gpt2,tel
291,13,62,293,gpt2,tel
330,16,71,330,gpt2,tel
313,14,67,317,gpt2,tel
314,13,63,314,gpt2,tel
592,30,132,592,gpt2,tel
148,6,27,149,gpt2,tel
471,23,100,471,gpt2,tel
432,19,88,432,gpt2,tel
248,13,55,248,gpt2,tel
262,13,59,265,gpt2,tel
408,22,95,410,gpt2,tel
178,7,36,178,gpt2,tel
415,20,122,439,gpt2,tel
490,20,101,490,gpt2,tel
459,20,93,459,gpt2,tel
412,20,91,412,gpt2,tel
635,30,125,638,gpt2,tel
178,12,75,205,gpt2,tel
374,16,73,377,gpt2,tel
361,20,84,368,gpt2,tel
313,18,72,315,gpt2,tel
343,14,73,343,gpt2,tel
194,10,45,194,gpt2,tel
199,10,41,199,gpt2,tel
286,16,64,286,gpt2,tel
320,15,67,321,gpt2,tel
434,24,99,436,gpt2,tel
395,18,86,395,gpt2,tel
298,15,70,298,gpt2,tel
154,10,37,154,gpt2,tel
225,12,51,225,gpt2,tel
311,16,70,311,gpt2,tel
523,24,107,523,gpt2,tel
441,21,99,448,gpt2,tel
292,15,65,292,gpt2,tel
218,11,48,220,gpt2,tel
283,15,56,283,gpt2,tel
168,9,36,168,gpt2,tel
355,14,70,355,gpt2,tel
453,20,86,453,gpt2,tel
558,23,124,558,gpt2,tel
303,12,55,303,gpt2,tel
253,10,48,253,gpt2,tel
265,11,48,265,gpt2,tel
390,18,85,390,gpt2,tel
437,19,94,437,gpt2,tel
312,14,63,312,gpt2,tel
190,13,59,202,gpt2,tel
233,12,64,247,gpt2,tel
386,22,81,386,gpt2,tel
562,26,120,562,gpt2,tel
338,14,74,338,gpt2,tel
392,16,78,392,gpt2,tel
440,19,98,440,gpt2,tel
233,10,50,233,gpt2,tel
290,16,65,290,gpt2,tel
366,17,73,368,gpt2,tel
486,21,99,486,gpt2,tel
378,17,75,378,gpt2,tel
312,15,64,312,gpt2,tel
495,21,104,495,gpt2,tel
478,25,98,478,gpt2,tel
319,14,65,320,gpt2,tel
450,17,87,450,gpt2,tel
340,18,80,343,gpt2,tel
231,12,53,231,gpt2,tel
474,19,102,474,gpt2,tel
221,11,48,221,gpt2,tel
284,11,56,284,gpt2,tel
173,10,41,173,gpt2,tel
260,11,47,260,gpt2,tel
481,24,101,482,gpt2,tel
208,8,43,208,gpt2,tel
301,17,70,302,gpt2,tel
163,9,36,163,gpt2,tel
214,13,49,216,gpt2,tel
221,14,60,228,gpt2,tel
404,17,82,404,gpt2,tel
373,18,79,373,gpt2,tel
264,17,64,267,gpt2,tel
216,10,48,217,gpt2,tel
364,18,81,364,gpt2,tel
116,6,26,117,gpt2,tel
516,27,118,516,gpt2,tel
465,21,97,465,gpt2,tel
518,26,113,519,gpt2,tel
318,14,65,318,gpt2,tel
255,12,54,255,gpt2,tel
210,11,46,210,gpt2,tel
314,16,68,314,gpt2,tel
229,11,49,231,gpt2,tel
178,9,37,178,gpt2,tel
225,10,47,225,gpt2,tel
305,12,55,307,gpt2,tel
204,9,41,204,gpt2,tel
346,15,64,346,gpt2,tel
331,18,69,331,gpt2,tel
324,16,64,324,gpt2,tel
233,12,47,233,gpt2,tel
229,15,60,239,gpt2,tel
162,9,33,162,gpt2,tel
277,15,60,277,gpt2,tel
363,15,71,363,gpt2,tel
389,14,76,389,gpt2,tel
539,26,107,539,gpt2,tel
269,16,71,282,gpt2,tel
569,24,122,574,gpt2,tel
490,21,107,490,gpt2,tel
453,22,90,453,gpt2,tel
184,9,38,184,gpt2,tel
205,10,46,205,gpt2,tel
267,14,54,267,gpt2,tel
242,11,48,242,gpt2,tel
537,26,111,537,gpt2,tel
251,18,90,273,gpt2,tel
332,14,67,336,gpt2,tel
466,21,101,466,gpt2,tel
425,19,89,425,gpt2,tel
411,16,84,411,gpt2,tel
376,15,74,376,gpt2,tel
296,12,65,300,gpt2,tel
492,19,94,492,gpt2,tel
248,11,51,248,gpt2,tel
502,25,113,502,gpt2,tel
362,16,75,362,gpt2,tel
403,19,95,403,gpt2,tel
501,26,111,504,gpt2,tel
269,13,64,270,gpt2,tel
381,17,85,381,gpt2,tel
311,13,63,311,gpt2,tel
494,20,100,496,gpt2,tel
431,19,90,431,gpt2,tel
524,20,96,524,gpt2,tel
428,20,86,428,gpt2,tel
738,30,149,744,gpt2,tel
551,23,107,551,gpt2,tel
401,16,83,401,gpt2,tel
567,24,128,583,gpt2,tel
375,14,69,375,gpt2,tel
904,34,192,917,gpt2,tel
438,20,94,438,gpt2,tel
332,16,70,332,gpt2,tel
270,13,55,271,gpt2,tel
283,15,63,283,gpt2,tel
294,14,66,295,gpt2,tel
201,9,36,201,gpt2,tel
221,10,50,221,gpt2,tel
356,20,74,356,gpt2,tel
294,14,59,294,gpt2,tel
412,17,84,413,gpt2,tel
259,12,52,259,gpt2,tel
300,14,60,300,gpt2,tel
162,8,39,164,gpt2,tel
417,18,94,417,gpt2,tel
383,18,86,386,gpt2,tel
446,18,91,448,gpt2,tel
356,19,78,359,gpt2,tel
402,17,78,402,gpt2,tel
201,10,54,209,gpt2,tel
442,20,92,442,gpt2,tel
200,13,55,206,gpt2,tel
349,17,72,352,gpt2,tel
442,19,91,443,gpt2,tel
343,15,66,343,gpt2,tel
349,17,77,354,gpt2,tel
246,12,69,256,gpt2,tel
303,16,66,303,gpt2,tel
269,15,63,272,gpt2,tel
190,15,64,208,gpt2,tel
319,17,74,319,gpt2,tel
392,19,85,394,gpt2,tel
335,16,79,345,gpt2,tel
320,13,77,326,gpt2,tel
261,14,56,261,gpt2,tel
381,18,76,381,gpt2,tel
292,16,59,292,gpt2,tel
377,20,78,377,gpt2,tel
265,15,58,265,gpt2,tel
327,18,69,327,gpt2,tel
440,21,94,440,gpt2,tel
395,20,85,400,gpt2,tel
338,15,77,346,gpt2,tel
331,19,79,332,gpt2,tel
268,14,65,274,gpt2,tel
378,21,96,389,gpt2,tel
450,22,112,457,gpt2,tel
270,14,57,270,gpt2,tel
363,17,74,363,gpt2,tel
331,19,85,339,gpt2,tel
446,21,100,446,gpt2,tel
311,21,77,318,gpt2,tel
310,18,75,321,gpt2,tel
317,14,61,321,gpt2,tel
399,17,77,399,gpt2,tel
412,21,92,412,gpt2,tel
441,21,105,449,gpt2,tel
183,6,34,183,gpt2,tel
296,14,62,298,gpt2,tel
246,9,45,246,gpt2,tel
243,10,45,244,gpt2,tel
225,12,48,225,gpt2,tel
334,18,69,334,gpt2,tel
161,13,69,183,gpt2,tel
272,13,49,274,gpt2,tel
398,17,71,398,gpt2,tel
624,24,121,624,gpt2,tel
317,13,57,317,gpt2,tel
340,13,65,340,gpt2,tel
252,13,69,262,gpt2,tel
529,24,107,530,gpt2,tel
279,14,67,286,gpt2,tel
359,16,80,359,gpt2,tel
387,21,93,392,gpt2,tel
284,15,67,284,gpt2,tel
466,22,108,466,gpt2,tel
469,19,107,469,gpt2,tel
234,15,60,238,gpt2,tel
191,11,51,199,gpt2,tel
378,16,81,382,gpt2,tel
273,13,59,276,gpt2,tel
398,20,86,401,gpt2,tel
293,16,69,303,gpt2,tel
429,19,88,432,gpt2,tel
282,17,65,282,gpt2,tel
386,17,72,390,gpt2,tel
297,14,63,298,gpt2,tel
382,23,105,399,gpt2,tel
252,11,45,252,gpt2,tel
275,13,62,275,gpt2,tel
401,22,91,407,gpt2,tel
252,11,52,252,gpt2,tel
347,17,78,349,gpt2,tel
262,11,62,262,gpt2,tel
420,25,99,423,gpt2,tel
338,18,74,338,gpt2,tel
345,17,70,345,gpt2,tel
319,13,62,319,gpt2,tel
453,23,89,453,gpt2,tel
450,22,86,451,gpt2,tel
431,24,102,432,gpt2,tel
252,14,57,252,gpt2,tel
469,22,96,470,gpt2,tel
323,16,68,323,gpt2,tel
310,12,59,310,gpt2,tel
196,10,39,196,gpt2,tel
448,23,95,448,gpt2,tel
388,17,82,389,gpt2,tel
529,23,111,529,gpt2,tel
466,19,97,467,gpt2,tel
429,21,96,429,gpt2,tel
425,19,86,425,gpt2,tel
343,18,68,343,gpt2,tel
259,12,53,259,gpt2,tel
272,15,63,272,gpt2,tel
334,17,71,334,gpt2,tel
260,11,54,260,gpt2,tel
373,17,78,373,gpt2,tel
399,18,85,399,gpt2,tel
283,11,57,284,gpt2,tel
333,21,91,344,gpt2,tel
314,16,69,321,gpt2,tel
284,16,62,288,gpt2,tel
361,18,81,365,gpt2,tel
386,19,87,390,gpt2,tel
239,14,71,249,gpt2,tel
400,20,83,400,gpt2,tel
383,19,79,384,gpt2,tel
338,15,73,340,gpt2,tel
298,12,56,298,gpt2,tel
259,12,51,259,gpt2,tel
470,24,104,470,gpt2,tel
206,10,44,206,gpt2,tel
480,19,86,480,gpt2,tel
404,19,89,404,gpt2,tel
331,15,64,331,gpt2,tel
412,18,81,413,gpt2,tel
328,20,117,368,gpt2,tel
468,24,102,468,gpt2,tel
437,26,119,454,gpt2,tel
279,14,64,279,gpt2,tel
391,19,81,391,gpt2,tel
346,15,65,346,gpt2,tel
379,22,88,381,gpt2,tel
338,17,80,350,gpt2,tel
283,15,67,283,gpt2,tel
138,9,38,145,gpt2,tel
523,22,112,523,gpt2,tel
321,16,76,324,gpt2,tel
330,19,71,330,gpt2,tel
535,26,119,536,gpt2,tel
187,10,39,187,gpt2,tel
323,16,69,323,gpt2,tel
524,20,100,526,gpt2,tel
246,15,57,247,gpt2,tel
469,24,100,469,gpt2,tel
429,25,94,430,gpt2,tel
484,21,94,484,gpt2,tel
449,21,84,449,gpt2,tel
487,23,103,490,gpt2,tel
206,13,48,211,gpt2,tel
432,19,89,440,gpt2,tel
300,15,53,302,gpt2,tel
506,25,108,506,gpt2,tel
168,9,35,168,gpt2,tel
663,34,132,664,gpt2,tel
545,26,110,545,gpt2,tel
156,8,32,156,gpt2,tel
316,18,66,316,gpt2,tel
400,23,92,401,gpt2,tel
419,19,87,422,gpt2,tel
319,15,69,319,gpt2,tel
329,14,69,329,gpt2,tel
369,20,84,369,gpt2,tel
460,26,101,460,gpt2,tel
297,14,62,297,gpt2,tel
644,28,149,653,gpt2,tel
367,18,71,367,gpt2,tel
339,17,74,339,gpt2,tel
308,12,64,308,gpt2,tel
270,12,56,270,gpt2,tel
359,16,79,359,gpt2,tel
443,21,101,443,gpt2,tel
337,14,74,337,gpt2,tel
375,19,90,375,gpt2,tel
273,12,56,273,gpt2,tel
452,19,88,452,gpt2,tel
228,9,42,228,gpt2,tel
226,13,73,250,gpt2,tel
299,13,63,299,gpt2,tel
331,19,74,332,gpt2,tel
327,13,74,327,gpt2,tel
428,15,83,429,gpt2,tel
390,22,85,391,gpt2,tel
258,12,51,258,gpt2,tel
256,15,62,261,gpt2,tel
306,15,61,306,gpt2,tel
288,17,65,288,gpt2,tel
417,22,87,417,gpt2,tel
307,13,63,307,gpt2,tel
215,13,50,215,gpt2,tel
379,20,82,379,gpt2,tel
332,18,71,334,gpt2,tel
342,15,69,342,gpt2,tel
371,18,74,371,gpt2,tel
378,17,81,378,gpt2,tel
240,12,54,240,gpt2,tel
252,14,56,252,gpt2,tel
275,13,55,275,gpt2,tel
325,19,72,326,gpt2,tel
182,10,38,182,gpt2,tel
215,8,42,215,gpt2,tel
361,19,88,367,gpt2,tel
352,15,68,355,gpt2,tel
371,15,71,371,gpt2,tel
296,13,55,296,gpt2,tel
463,18,93,466,gpt2,tel
355,21,79,360,gpt2,tel
247,13,54,247,gpt2,tel
417,26,93,417,gpt2,tel
296,14,62,298,gpt2,tel
271,13,56,272,gpt2,tel
279,11,52,279,gpt2,tel
446,18,91,446,gpt2,tel
380,19,78,380,gpt2,tel
195,9,38,195,gpt2,tel
364,19,82,368,gpt2,tel
125,7,27,125,gpt2,tel
300,17,70,300,gpt2,tel
238,14,56,245,gpt2,tel
360,17,77,364,gpt2,tel
182,11,66,206,gpt2,tel
314,14,58,314,gpt2,tel
277,15,66,281,gpt2,tel
462,25,102,464,gpt2,tel
458,22,103,458,gpt2,tel
315,17,70,315,gpt2,tel
349,17,87,349,gpt2,tel
509,23,106,509,gpt2,tel
308,17,68,308,gpt2,tel
354,17,71,354,gpt2,tel
379,18,81,379,gpt2,tel
446,26,105,448,gpt2,tel
444,24,98,445,gpt2,tel
297,16,63,299,gpt2,tel
548,26,112,548,gpt2,tel
246,10,51,246,gpt2,tel
151,7,32,151,gpt2,tel
495,26,104,500,gpt2,tel
264,12,56,265,gpt2,tel
148,6,27,148,gpt2,tel
350,19,85,354,gpt2,tel
428,23,92,428,gpt2,tel
689,32,150,691,gpt2,tel
313,14,61,314,gpt2,tel
216,9,42,216,gpt2,tel
159,9,36,159,gpt2,tel
561,27,123,561,gpt2,tel
223,12,46,226,gpt2,tel
382,15,81,383,gpt2,tel
339,14,68,339,gpt2,tel
466,23,108,466,gpt2,tel
256,14,70,270,gpt2,tel
231,12,44,231,gpt2,tel
476,21,100,476,gpt2,tel
310,15,64,310,gpt2,tel
242,10,51,242,gpt2,tel
514,24,111,515,gpt2,tel
204,9,44,205,gpt2,tel
530,26,135,543,gpt2,tel
243,11,48,243,gpt2,tel
382,22,99,392,gpt2,tel
321,17,71,321,gpt2,tel
169,10,36,169,gpt2,tel
425,20,92,427,gpt2,tel
283,12,55,283,gpt2,tel
569,26,115,569,gpt2,tel
187,9,37,187,gpt2,tel
584,30,126,584,gpt2,tel
467,21,101,470,gpt2,tel
413,23,92,413,gpt2,tel
302,17,66,306,gpt2,tel
208,10,40,208,gpt2,tel
440,22,100,440,gpt2,tel
236,11,55,237,gpt2,tel
314,17,70,316,gpt2,tel
179,14,68,198,gpt2,tel
200,8,41,200,gpt2,tel
432,19,94,432,gpt2,tel
211,9,40,211,gpt2,tel
356,15,69,356,gpt2,tel
269,11,58,269,gpt2,tel
363,19,77,363,gpt2,tel
319,13,69,319,gpt2,tel
244,13,51,245,gpt2,tel
175,10,37,175,gpt2,tel
373,20,78,373,gpt2,tel
342,14,69,342,gpt2,tel
330,12,69,334,gpt2,tel
389,18,84,389,gpt2,tel
499,25,112,504,gpt2,tel
376,18,77,376,gpt2,tel
312,14,59,312,gpt2,tel
164,7,34,166,gpt2,tel
420,22,102,420,gpt2,tel
220,10,43,220,gpt2,tel
345,17,73,345,gpt2,tel
385,13,69,385,gpt2,tel
222,12,47,222,gpt2,tel
320,16,65,320,gpt2,tel
534,20,99,534,gpt2,tel
232,11,49,232,gpt2,tel
310,16,67,310,gpt2,tel
348,15,74,349,gpt2,tel
393,17,80,395,gpt2,tel
257,13,56,257,gpt2,tel
330,16,72,330,gpt2,tel
306,13,62,306,gpt2,tel
325,17,69,325,gpt2,tel
270,13,55,271,gpt2,tel
199,10,43,199,gpt2,tel
25,15,88,88,muril,eng
45,36,225,225,muril,eng
31,28,166,166,muril,eng
59,50,315,315,muril,eng
40,29,175,175,muril,eng
33,20,130,130,muril,eng
10,8,35,35,muril,eng
25,21,128,128,muril,eng
15,10,67,67,muril,eng
15,12,81,81,muril,eng
27,24,166,166,muril,eng
29,23,150,150,muril,eng
31,24,133,133,muril,eng
31,28,175,175,muril,eng
43,33,213,213,muril,eng
46,39,254,254,muril,eng
40,34,195,197,muril,eng
27,18,117,117,muril,eng
30,24,157,157,muril,eng
58,42,275,277,muril,eng
19,14,95,95,muril,eng
14,11,79,79,muril,eng
34,22,187,187,muril,eng
40,31,191,193,muril,eng
28,24,151,151,muril,eng
22,16,107,108,muril,eng
25,19,131,131,muril,eng
33,27,190,190,muril,eng
29,16,109,109,muril,eng
13,12,69,69,muril,eng
50,40,251,255,muril,eng
52,42,253,253,muril,eng
32,24,136,136,muril,eng
30,23,152,152,muril,eng
14,11,72,72,muril,eng
18,14,91,91,muril,eng
40,34,190,190,muril,eng
26,19,115,115,muril,eng
20,15,91,91,muril,eng
14,10,60,60,muril,eng
25,21,112,112,muril,eng
24,11,72,72,muril,eng
34,21,128,128,muril,eng
28,19,128,128,muril,eng
27,22,120,120,muril,eng
36,25,143,143,muril,eng
30,24,125,125,muril,eng
23,19,96,96,muril,eng
20,16,100,100,muril,eng
28,22,146,146,muril,eng
14,11,61,61,muril,eng
31,27,149,149,muril,eng
26,25,138,138,muril,eng
28,26,151,151,muril,eng
40,35,230,232,muril,eng
40,29,195,195,muril,eng
39,34,204,204,muril,eng
36,28,194,194,muril,eng
21,18,136,136,muril,eng
12,11,60,60,muril,eng
29,25,133,133,muril,eng
19,18,111,111,muril,eng
34,29,156,156,muril,eng
35,29,185,185,muril,eng
26,21,133,133,muril,eng
24,20,103,103,muril,eng
22,15,107,107,muril,eng
23,18,100,100,muril,eng
27,19,114,114,muril,eng
33,25,157,157,muril,eng
24,20,107,107,muril,eng
50,36,220,220,muril,eng
39,29,196,196,muril,eng
50,44,255,255,muril,eng
39,31,186,186,muril,eng
32,25,162,162,muril,eng
34,29,189,189,muril,eng
22,19,120,120,muril,eng
13,8,56,56,muril,eng
36,23,160,160,muril,eng
23,18,116,116,muril,eng
20,16,90,90,muril,eng
23,17,107,107,muril,eng
33,25,148,148,muril,eng
16,12,60,60,muril,eng
23,17,117,117,muril,eng
47,33,176,176,muril,eng
27,23,150,150,muril,eng
22,19,122,122,muril,eng
29,24,133,133,muril,eng
30,24,124,124,muril,eng
22,21,119,119,muril,eng
30,28,140,140,muril,eng
10,9,58,58,muril,eng
29,23,139,139,muril,eng
22,15,101,101,muril,eng
23,19,125,125,muril,eng
36,16,118,118,muril,eng
29,21,121,121,muril,eng
26,21,124,124,muril,eng
19,14,74,74,muril,eng
42,32,189,189,muril,eng
33,25,154,154,muril,eng
11,10,65,65,muril,eng
20,19,99,99,muril,eng
20,16,100,100,muril,eng
14,12,67,67,muril,eng
40,33,201,201,muril,eng
51,36,216,216,muril,eng
19,13,79,79,muril,eng
25,13,94,94,muril,eng
15,14,70,70,muril,eng
14,13,70,70,muril,eng
18,13,80,80,muril,eng
32,28,202,202,muril,eng
26,22,143,143,muril,eng
31,28,169,169,muril,eng
29,23,130,131,muril,eng
14,11,64,64,muril,eng
35,28,164,164,muril,eng
42,27,161,162,muril,eng
38,31,184,184,muril,eng
16,14,94,94,muril,eng
16,13,63,63,muril,eng
21,20,107,107,muril,eng
31,27,155,155,muril,eng
11,10,55,55,muril,eng
31,24,163,163,muril,eng
25,20,109,109,muril,eng
19,13,96,96,muril,eng
25,19,113,115,muril,eng
36,32,207,207,muril,eng
32,30,173,173,muril,eng
21,13,85,85,muril,eng
23,14,74,74,muril,eng
19,16,95,95,muril,eng
14,10,57,57,muril,eng
22,19,113,113,muril,eng
19,14,97,97,muril,eng
26,19,118,118,muril,eng
30,25,145,145,muril,eng
39,29,179,179,muril,eng
20,18,112,112,muril,eng
23,18,93,93,muril,eng
25,21,99,99,muril,eng
35,23,172,172,muril,eng
26,17,123,123,muril,eng
22,21,121,121,muril,eng
21,19,107,107,muril,eng
17,16,84,84,muril,eng
30,22,142,142,muril,eng
40,26,163,163,muril,eng
37,27,147,147,muril,eng
24,23,126,126,muril,eng
23,19,136,136,muril,eng
28,25,140,140,muril,eng
40,38,202,202,muril,eng
20,18,95,95,muril,eng
32,24,126,126,muril,eng
21,17,104,104,muril,eng
16,14,77,77,muril,eng
65,52,327,327,muril,eng
38,29,189,189,muril,eng
24,20,120,120,muril,eng
11,8,62,62,muril,eng
45,40,228,228,muril,eng
29,25,177,177,muril,eng
29,20,127,127,muril,eng
34,31,183,183,muril,eng
27,19,109,109,muril,eng
30,23,132,132,muril,eng
17,11,73,73,muril,eng
13,11,71,71,muril,eng
24,15,117,117,muril,eng
38,26,153,153,muril,eng
16,11,79,79,muril,eng
35,25,149,149,muril,eng
25,18,97,97,muril,eng
15,9,56,56,muril,eng
21,18,88,88,muril,eng
25,21,122,122,muril,eng
17,11,68,68,muril,eng
24,21,143,143,muril,eng
30,21,120,120,muril,eng
41,31,163,163,muril,eng
27,21,139,139,muril,eng
19,10,66,66,muril,eng
25,18,129,129,muril,eng
25,14,92,92,muril,eng
36,25,136,136,muril,eng
24,21,122,122,muril,eng
32,21,155,155,muril,eng
38,26,170,170,muril,eng
54,46,256,256,muril,eng
21,14,77,77,muril,eng
16,14,98,98,muril,eng
47,35,198,198,muril,eng
56,49,327,327,muril,eng
20,18,110,110,muril,eng
20,18,102,102,muril,eng
43,29,188,188,muril,eng
38,21,159,159,muril,eng
39,22,143,143,muril,eng
54,28,197,197,muril,eng
33,25,155,155,muril,eng
38,27,165,165,muril,eng
21,18,106,106,muril,eng
27,24,176,176,muril,eng
24,17,105,105,muril,eng
12,11,87,87,muril,eng
17,15,83,83,muril,eng
22,20,143,143,muril,eng
14,12,75,75,muril,eng
23,16,84,84,muril,eng
28,21,125,125,muril,eng
29,26,153,153,muril,eng
17,12,71,71,muril,eng
23,19,117,117,muril,eng
20,19,115,117,muril,eng
23,21,124,124,muril,eng
11,10,73,73,muril,eng
16,14,88,88,muril,eng
25,22,122,122,muril,eng
23,17,101,101,muril,eng
11,9,64,64,muril,eng
16,15,78,78,muril,eng
23,22,125,125,muril,eng
21,20,93,93,muril,eng
25,20,106,106,muril,eng
18,16,89,89,muril,eng
20,10,56,56,muril,eng
20,14,95,95,muril,eng
36,24,163,163,muril,eng
15,10,56,56,muril,eng
40,27,163,163,muril,eng
24,15,102,102,muril,eng
33,24,172,172,muril,eng
32,21,153,153,muril,eng
20,19,109,109,muril,eng
23,16,90,90,muril,eng
36,28,156,156,muril,eng
27,21,130,130,muril,eng
25,18,102,104,muril,eng
23,17,81,81,muril,eng
25,21,125,125,muril,eng
15,13,71,71,muril,eng
27,20,112,112,muril,eng
66,52,282,282,muril,eng
37,28,158,158,muril,eng
26,16,111,111,muril,eng
33,27,153,153,muril,eng
20,18,110,110,muril,eng
28,21,140,140,muril,eng
11,8,56,56,muril,eng
14,13,77,77,muril,eng
29,26,144,144,muril,eng
24,19,118,118,muril,eng
22,20,125,125,muril,eng
21,16,100,100,muril,eng
27,20,130,130,muril,eng
28,22,115,115,muril,eng
20,17,103,103,muril,eng
18,12,63,63,muril,eng
15,14,57,57,muril,eng
26,21,127,127,muril,eng
41,35,184,184,muril,eng
32,21,135,135,muril,eng
35,29,153,153,muril,eng
20,15,92,92,muril,eng
28,15,97,97,muril,eng
28,18,125,125,muril,eng
39,29,168,168,muril,eng
13,11,67,67,muril,eng
18,12,90,90,muril,eng
34,28,137,137,muril,eng
75,46,278,279,muril,eng
35,29,148,148,muril,eng
12,11,71,71,muril,eng
27,23,134,134,muril,eng
33,16,98,98,muril,eng
16,14,100,100,muril,eng
19,17,93,93,muril,eng
11,9,59,59,muril,eng
21,20,120,120,muril,eng
17,12,76,76,muril,eng
15,9,69,69,muril,eng
17,13,81,81,muril,eng
28,22,135,135,muril,eng
27,23,155,155,muril,eng
27,24,150,150,muril,eng
29,24,150,150,muril,eng
30,24,143,143,muril,eng
22,21,130,130,muril,eng
30,29,163,163,muril,eng
28,23,150,150,muril,eng
37,25,182,182,muril,eng
35,29,208,208,muril,eng
21,13,86,86,muril,eng
14,8,41,41,muril,eng
28,24,152,152,muril,eng
20,13,98,98,muril,eng
18,14,96,96,muril,eng
31,23,142,142,muril,eng
28,21,122,122,muril,eng
29,19,132,132,muril,eng
20,12,89,89,muril,eng
29,13,78,78,muril,eng
18,16,105,105,muril,eng
14,13,82,82,muril,eng
25,21,129,129,muril,eng
13,9,52,52,muril,eng
16,14,81,81,muril,eng
20,15,106,106,muril,eng
24,19,107,107,muril,eng
17,12,76,78,muril,eng
26,17,100,100,muril,eng
20,17,104,104,muril,eng
24,18,107,107,muril,eng
19,13,102,102,muril,eng
8,7,43,43,muril,eng
37,29,162,162,muril,eng
48,23,150,150,muril,eng
30,25,140,140,muril,eng
35,30,190,190,muril,eng
24,20,108,108,muril,eng
37,33,190,190,muril,eng
38,33,176,176,muril,eng
21,20,99,99,muril,eng
29,26,169,169,muril,eng
22,21,137,137,muril,eng
26,24,136,136,muril,eng
24,20,127,127,muril,eng
25,17,110,110,muril,eng
16,10,63,63,muril,eng
12,11,53,53,muril,eng
32,27,150,150,muril,eng
36,27,204,204,muril,eng
35,26,158,158,muril,eng
27,23,143,143,muril,eng
28,22,133,134,muril,eng
67,49,328,328,muril,eng
18,16,79,79,muril,eng
27,21,108,108,muril,eng
39,32,184,184,muril,eng
19,15,82,82,muril,eng
20,15,92,92,muril,eng
22,19,94,94,muril,eng
25,21,131,131,muril,eng
23,17,92,92,muril,eng
23,21,108,108,muril,eng
29,20,123,123,muril,eng
25,20,110,110,muril,eng
34,30,184,184,muril,eng
17,15,80,80,muril,eng
17,15,86,86,muril,eng
32,25,149,151,muril,eng
19,18,86,86,muril,eng
29,27,151,151,muril,eng
16,13,76,76,muril,eng
23,19,108,108,muril,eng
33,24,146,146,muril,eng
26,24,127,127,muril,eng
15,12,69,69,muril,eng
24,20,102,102,muril,eng
19,17,101,101,muril,eng
36,29,162,162,muril,eng
32,26,143,143,muril,eng
34,24,128,128,muril,eng
32,21,111,111,muril,eng
43,32,174,174,muril,eng
32,21,124,124,muril,eng
41,31,176,176,muril,eng
68,60,323,323,muril,eng
32,30,197,197,muril,eng
19,15,94,94,muril,eng
27,24,134,134,muril,eng
28,23,141,141,muril,eng
34,25,160,160,muril,eng
26,18,116,116,muril,eng
16,13,79,79,muril,eng
28,24,138,138,muril,eng
24,15,91,91,muril,eng
43,34,182,182,muril,eng
43,29,154,154,muril,eng
26,22,112,112,muril,eng
43,34,189,189,muril,eng
42,38,215,215,muril,eng
22,19,114,114,muril,eng
30,20,118,118,muril,eng
20,18,98,98,muril,eng
25,24,136,136,muril,eng
19,18,103,103,muril,eng
23,16,98,98,muril,eng
12,11,55,55,muril,eng
16,14,71,71,muril,eng
14,13,63,63,muril,eng
26,22,126,126,muril,eng
18,15,83,83,muril,eng
38,31,187,187,muril,eng
18,14,85,85,muril,eng
30,22,154,154,muril,eng
26,24,137,137,muril,eng
26,22,117,117,muril,eng
36,31,190,190,muril,eng
40,33,175,177,muril,eng
15,13,63,63,muril,eng
26,19,108,108,muril,eng
35,29,159,159,muril,eng
22,15,99,99,muril,eng
20,19,118,118,muril,eng
26,21,127,127,muril,eng
47,33,207,207,muril,eng
35,25,186,186,muril,eng
20,17,121,121,muril,eng
29,23,168,172,muril,eng
39,30,188,188,muril,eng
15,13,73,73,muril,eng
29,28,184,184,muril,eng
31,27,162,162,muril,eng
29,18,140,140,muril,eng
21,18,122,122,muril,eng
26,18,111,111,muril,eng
30,20,120,120,muril,eng
29,23,144,146,muril,eng
40,31,218,218,muril,eng
35,27,162,164,muril,eng
49,33,205,205,muril,eng
30,21,124,124,muril,eng
27,26,140,140,muril,eng
19,15,95,95,muril,eng
32,28,151,151,muril,eng
22,20,124,124,muril,eng
21,14,83,83,muril,eng
28,21,123,123,muril,eng
23,18,111,111,muril,eng
33,22,136,136,muril,eng
32,27,166,166,muril,eng
22,18,117,117,muril,eng
21,20,130,130,muril,eng
15,9,64,64,muril,eng
33,31,179,179,muril,eng
34,32,175,175,muril,eng
16,13,86,86,muril,eng
34,29,221,221,muril,eng
23,20,133,133,muril,eng
23,18,123,123,muril,eng
22,17,107,107,muril,eng
26,23,129,129,muril,eng
24,22,110,110,muril,eng
39,32,170,170,muril,eng
28,26,145,145,muril,eng
38,33,191,191,muril,eng
15,14,91,91,muril,eng
37,30,166,170,muril,eng
44,37,207,207,muril,eng
20,19,125,125,muril,eng
23,20,113,113,muril,eng
24,19,128,128,muril,eng
43,29,176,186,muril,eng
23,16,104,106,muril,eng
26,23,118,118,muril,eng
29,25,114,114,muril,eng
33,30,166,166,muril,eng
20,18,92,92,muril,eng
27,24,135,135,muril,eng
50,33,204,204,muril,eng
39,28,164,164,muril,eng
28,23,107,107,muril,eng
38,34,162,162,muril,eng
23,15,92,92,muril,eng
30,26,145,145,muril,eng
59,46,269,269,muril,eng
25,23,131,131,muril,eng
17,16,85,85,muril,eng
27,24,118,118,muril,eng
26,20,124,124,muril,eng
45,38,218,218,muril,eng
31,21,145,145,muril,eng
19,16,99,99,muril,eng
36,29,165,167,muril,eng
26,24,135,135,muril,eng
48,42,281,281,muril,eng
48,40,287,287,muril,eng
18,16,92,92,muril,eng
32,29,169,169,muril,eng
30,28,169,169,muril,eng
27,17,113,113,muril,eng
47,37,233,233,muril,eng
27,25,152,152,muril,eng
29,20,103,103,muril,eng
36,32,195,195,muril,eng
21,20,108,108,muril,eng
17,16,89,89,muril,eng
15,14,83,83,muril,eng
22,19,102,102,muril,eng
42,37,203,203,muril,eng
28,23,150,150,muril,eng
33,27,184,184,muril,eng
20,18,120,120,muril,eng
27,20,138,138,muril,eng
25,16,108,108,muril,eng
29,21,156,156,muril,eng
30,22,150,150,muril,eng
52,40,244,244,muril,eng
52,39,247,247,muril,eng
18,16,104,104,muril,eng
24,22,108,108,muril,eng
44,32,213,213,muril,eng
22,16,110,110,muril,eng
39,35,205,205,muril,eng
38,27,143,143,muril,eng
35,28,175,175,muril,eng
27,22,122,122,muril,eng
26,21,115,115,muril,eng
16,14,74,74,muril,eng
24,18,120,120,muril,eng
23,20,117,117,muril,eng
12,10,76,76,muril,eng
22,18,124,124,muril,eng
29,17,121,129,muril,eng
37,24,184,192,muril,eng
29,22,151,151,muril,eng
23,18,119,119,muril,eng
35,28,185,185,muril,eng
21,19,115,115,muril,eng
18,16,105,105,muril,eng
18,15,99,99,muril,eng
21,15,106,106,muril,eng
33,27,159,159,muril,eng
20,14,107,107,muril,eng
34,30,180,180,muril,eng
35,24,164,164,muril,eng
34,28,163,163,muril,eng
30,22,146,148,muril,eng
22,21,119,119,muril,eng
36,32,149,149,muril,eng
38,25,156,156,muril,eng
26,20,117,119,muril,eng
26,22,135,135,muril,eng
24,20,118,118,muril,eng
31,28,149,149,muril,eng
28,20,127,127,muril,eng
30,18,147,147,muril,eng
36,30,203,203,muril,eng
40,36,192,192,muril,eng
22,20,96,96,muril,eng
37,31,164,164,muril,eng
31,23,140,140,muril,eng
74,52,368,368,muril,eng
23,22,120,120,muril,eng
45,37,213,213,muril,eng
34,32,186,186,muril,eng
22,16,89,89,muril,eng
22,20,109,109,muril,eng
24,17,100,100,muril,eng
22,17,94,94,muril,eng
51,40,251,251,muril,eng
14,11,61,61,muril,eng
36,32,194,194,muril,eng
38,32,178,178,muril,eng
20,17,94,94,muril,eng
22,16,107,107,muril,eng
29,23,152,152,muril,eng
17,10,76,76,muril,eng
45,27,182,182,muril,eng
35,32,181,181,muril,eng
42,33,185,185,muril,eng
41,29,214,214,muril,eng
43,38,213,213,muril,eng
23,15,89,89,muril,eng
21,20,102,102,muril,eng
32,29,133,133,muril,eng
30,23,142,142,muril,eng
22,18,111,111,muril,eng
18,15,87,87,muril,eng
16,15,74,74,muril,eng
27,21,103,103,muril,eng
25,22,127,127,muril,eng
38,30,147,147,muril,eng
24,21,147,147,muril,eng
21,20,126,126,muril,eng
13,12,77,77,muril,eng
19,16,82,82,muril,eng
23,16,112,112,muril,eng
26,16,99,99,muril,eng
39,29,190,190,muril,eng
27,24,124,124,muril,eng
16,15,80,80,muril,eng
25,22,105,105,muril,eng
13,12,65,65,muril,eng
21,18,110,110,muril,eng
28,24,144,146,muril,eng
43,32,207,209,muril,eng
19,15,98,98,muril,eng
18,11,80,80,muril,eng
20,18,112,112,muril,eng
27,22,156,156,muril,eng
33,24,168,168,muril,eng
28,21,140,140,muril,eng
20,17,100,100,muril,eng
22,15,85,85,muril,eng
25,24,143,143,muril,eng
37,31,195,195,muril,eng
26,19,121,121,muril,eng
25,21,151,151,muril,eng
26,19,149,149,muril,eng
18,11,82,82,muril,eng
30,28,159,159,muril,eng
22,19,127,127,muril,eng
34,29,179,179,muril,eng
17,14,121,121,muril,eng
19,17,112,112,muril,eng
35,27,180,180,muril,eng
25,24,144,144,muril,eng
20,16,129,129,muril,eng
30,25,183,183,muril,eng
32,21,150,150,muril,eng
15,11,83,83,muril,eng
30,27,151,151,muril,eng
17,16,86,86,muril,eng
14,13,69,69,muril,eng
18,15,88,88,muril,eng
22,17,97,97,muril,eng
33,28,163,163,muril,eng
21,14,79,79,muril,eng
29,27,142,142,muril,eng
17,14,70,70,muril,eng
25,21,107,107,muril,eng
25,17,100,100,muril,eng
35,29,186,186,muril,eng
23,18,119,119,muril,eng
26,22,136,136,muril,eng
11,10,73,73,muril,eng
25,24,132,132,muril,eng
9,8,48,48,muril,eng
39,35,208,208,muril,eng
35,26,147,147,muril,eng
43,33,180,180,muril,eng
27,21,118,118,muril,eng
21,18,113,113,muril,eng
18,14,89,89,muril,eng
19,17,96,96,muril,eng
23,20,106,106,muril,eng
16,14,67,67,muril,eng
22,18,105,105,muril,eng
18,15,89,89,muril,eng
15,14,83,83,muril,eng
23,21,118,118,muril,eng
25,21,110,110,muril,eng
21,18,100,100,muril,eng
23,21,99,99,muril,eng
20,19,81,81,muril,eng
15,11,62,62,muril,eng
28,25,120,120,muril,eng
15,14,83,83,muril,eng
24,19,126,126,muril,eng
35,34,179,179,muril,eng
26,15,102,102,muril,eng
37,29,163,167,muril,eng
29,20,178,178,muril,eng
38,31,169,169,muril,eng
17,15,88,88,muril,eng
18,15,87,87,muril,eng
20,18,115,115,muril,eng
16,15,95,95,muril,eng
29,28,171,171,muril,eng
34,21,118,122,muril,eng
27,23,135,139,muril,eng
30,28,195,195,muril,eng
24,19,143,143,muril,eng
30,26,151,151,muril,eng
23,21,145,145,muril,eng
25,20,127,127,muril,eng
33,26,177,177,muril,eng
13,12,92,92,muril,eng
34,27,162,162,muril,eng
19,18,111,111,muril,eng
24,23,133,133,muril,eng
34,28,183,183,muril,eng
15,13,92,92,muril,eng
30,22,158,158,muril,eng
17,15,103,103,muril,eng
34,30,182,186,muril,eng
33,29,145,145,muril,eng
32,26,170,170,muril,eng
23,22,116,116,muril,eng
47,38,220,220,muril,eng
33,27,179,179,muril,eng
22,20,124,124,muril,eng
42,31,188,188,muril,eng
23,19,130,130,muril,eng
56,42,287,287,muril,eng
27,21,138,138,muril,eng
26,20,110,110,muril,eng
21,15,105,105,muril,eng
20,14,97,97,muril,eng
25,22,135,135,muril,eng
16,15,81,81,muril,eng
19,17,87,87,muril,eng
21,18,114,114,muril,eng
25,20,95,95,muril,eng
27,23,141,141,muril,eng
23,20,97,97,muril,eng
22,18,114,114,muril,eng
17,15,73,73,muril,eng
30,27,160,160,muril,eng
33,23,124,124,muril,eng
44,31,177,177,muril,eng
24,21,118,118,muril,eng
31,24,145,145,muril,eng
17,14,76,76,muril,eng
48,32,196,196,muril,eng
19,17,91,91,muril,eng
30,22,133,135,muril,eng
33,27,160,160,muril,eng
27,22,126,126,muril,eng
38,22,129,129,muril,eng
28,18,115,115,muril,eng
28,19,118,118,muril,eng
25,21,103,103,muril,eng
20,18,97,97,muril,eng
31,25,125,125,muril,eng
47,34,193,193,muril,eng
22,16,103,104,muril,eng
28,22,127,127,muril,eng
19,17,99,99,muril,eng
33,31,164,164,muril,eng
24,23,120,120,muril,eng
35,31,171,171,muril,eng
23,18,98,98,muril,eng
23,19,120,120,muril,eng
37,31,162,162,muril,eng
34,25,151,151,muril,eng
25,23,145,145,muril,eng
33,26,156,158,muril,eng
26,17,100,101,muril,eng
33,29,163,163,muril,eng
45,27,182,182,muril,eng
25,19,103,103,muril,eng
19,14,92,92,muril,eng
32,22,118,118,muril,eng
48,28,167,167,muril,eng
29,23,103,103,muril,eng
28,23,140,140,muril,eng
24,21,134,134,muril,eng
37,23,170,171,muril,eng
35,24,144,146,muril,eng
35,29,176,176,muril,eng
15,11,79,79,muril,eng
24,20,118,119,muril,eng
18,17,87,87,muril,eng
20,17,93,94,muril,eng
17,15,81,81,muril,eng
22,17,102,102,muril,eng
32,21,125,125,muril,eng
24,22,114,114,muril,eng
24,23,148,148,muril,eng
38,34,209,209,muril,eng
24,20,126,126,muril,eng
29,21,120,120,muril,eng
23,14,91,92,muril,eng
36,27,165,165,muril,eng
25,19,113,113,muril,eng
27,25,134,134,muril,eng
29,22,137,137,muril,eng
28,18,102,102,muril,eng
35,27,169,169,muril,eng
28,23,132,132,muril,eng
29,22,107,107,muril,eng
19,16,84,84,muril,eng
30,26,141,141,muril,eng
21,18,104,104,muril,eng
38,28,175,175,muril,eng
27,19,111,111,muril,eng
29,25,138,138,muril,eng
22,17,103,103,muril,eng
29,21,125,125,muril,eng
21,17,105,105,muril,eng
33,24,131,131,muril,eng
20,18,100,100,muril,eng
24,20,101,101,muril,eng
48,29,174,174,muril,eng
18,14,84,84,muril,eng
25,23,110,110,muril,eng
19,15,96,96,muril,eng
29,24,146,146,muril,eng
22,18,105,105,muril,eng
27,19,123,123,muril,eng
25,22,130,130,muril,eng
31,27,170,170,muril,eng
24,20,152,152,muril,eng
33,26,145,145,muril,eng
21,19,115,115,muril,eng
33,28,162,162,muril,eng
29,26,116,116,muril,eng
31,29,163,163,muril,eng
12,11,75,75,muril,eng
26,23,142,142,muril,eng
23,17,119,119,muril,eng
31,26,149,149,muril,eng
26,22,124,124,muril,eng
33,22,151,151,muril,eng
28,22,141,141,muril,eng
24,19,95,95,muril,eng
19,14,76,76,muril,eng
23,18,106,106,muril,eng
29,22,130,130,muril,eng
17,15,92,92,muril,eng
23,19,120,120,muril,eng
25,20,126,126,muril,eng
23,15,92,92,muril,eng
37,24,141,141,muril,eng
24,22,129,129,muril,eng
21,19,102,102,muril,eng
25,20,125,125,muril,eng
34,23,158,158,muril,eng
33,18,120,123,muril,eng
33,27,142,142,muril,eng
33,22,121,121,muril,eng
28,19,106,106,muril,eng
16,13,90,90,muril,eng
18,16,89,89,muril,eng
31,25,149,149,muril,eng
17,15,92,92,muril,eng
28,19,122,122,muril,eng
25,20,126,126,muril,eng
21,17,104,104,muril,eng
26,24,165,165,muril,eng
30,23,184,184,muril,eng
32,22,131,131,muril,eng
40,30,185,189,muril,eng
31,21,136,136,muril,eng
27,21,128,128,muril,eng
28,21,138,138,muril,eng
31,24,149,149,muril,eng
29,19,118,118,muril,eng
18,16,85,85,muril,eng
19,14,71,71,muril,eng
36,30,186,186,muril,eng
28,23,141,141,muril,eng
29,25,143,143,muril,eng
52,33,252,252,muril,eng
23,16,87,87,muril,eng
28,25,135,135,muril,eng
43,37,185,185,muril,eng
19,15,82,82,muril,eng
34,26,158,158,muril,eng
34,23,141,142,muril,eng
31,24,164,164,muril,eng
37,24,170,170,muril,eng
31,23,160,160,muril,eng
20,19,93,95,muril,eng
31,27,149,149,muril,eng
23,15,92,92,muril,eng
33,28,167,167,muril,eng
12,11,55,55,muril,eng
39,35,199,201,muril,eng
36,33,236,236,muril,eng
17,12,76,76,muril,eng
23,20,123,123,muril,eng
38,28,165,165,muril,eng
26,22,140,140,muril,eng
23,21,126,126,muril,eng
22,15,107,107,muril,eng
28,23,149,150,muril,eng
39,27,178,179,muril,eng
27,17,94,97,muril,eng
43,28,200,200,muril,eng
27,25,155,155,muril,eng
24,22,124,124,muril,eng
19,17,109,109,muril,eng
15,13,80,80,muril,eng
24,17,128,128,muril,eng
29,25,157,157,muril,eng
31,24,155,155,muril,eng
38,21,157,157,muril,eng
23,14,106,106,muril,eng
24,23,131,131,muril,eng
19,18,106,106,muril,eng
22,18,111,111,muril,eng
20,18,116,116,muril,eng
26,22,118,118,muril,eng
19,17,113,113,muril,eng
23,16,115,115,muril,eng
26,23,140,140,muril,eng
16,13,88,88,muril,eng
24,16,104,104,muril,eng
21,17,118,118,muril,eng
21,18,98,98,muril,eng
27,25,137,137,muril,eng
20,18,105,105,muril,eng
19,17,88,88,muril,eng
31,28,153,153,muril,eng
30,21,124,124,muril,eng
26,22,137,137,muril,eng
26,22,127,127,muril,eng
26,22,134,134,muril,eng
19,15,107,107,muril,eng
19,18,92,92,muril,eng
21,19,92,92,muril,eng
25,23,118,118,muril,eng
17,14,67,67,muril,eng
17,14,79,79,muril,eng
26,21,128,128,muril,eng
29,22,129,129,muril,eng
27,19,139,139,muril,eng
20,14,87,87,muril,eng
36,27,162,162,muril,eng
32,19,122,122,muril,eng
18,15,92,92,muril,eng
33,31,159,159,muril,eng
24,21,130,130,muril,eng
18,17,111,111,muril,eng
18,15,89,89,muril,eng
26,20,137,137,muril,eng
30,24,145,145,muril,eng
15,13,78,78,muril,eng
34,25,146,146,muril,eng
16,12,66,66,muril,eng
31,25,152,152,muril,eng
20,16,85,85,muril,eng
31,23,131,131,muril,eng
18,14,87,87,muril,eng
24,23,119,119,muril,eng
25,18,96,96,muril,eng
44,38,188,188,muril,eng
32,27,165,165,muril,eng
30,26,137,137,muril,eng
34,32,176,176,muril,eng
32,25,171,171,muril,eng
24,21,119,119,muril,eng
24,21,111,111,muril,eng
37,33,177,177,muril,eng
39,33,159,159,muril,eng
37,32,170,170,muril,eng
27,23,132,132,muril,eng
35,32,181,181,muril,eng
19,16,95,97,muril,eng
14,11,74,74,muril,eng
39,32,197,197,muril,eng
20,17,121,121,muril,eng
9,8,52,52,muril,eng
32,27,153,154,muril,eng
32,25,142,142,muril,eng
51,37,263,263,muril,eng
28,17,104,105,muril,eng
17,13,84,84,muril,eng
17,11,63,63,muril,eng
38,33,187,187,muril,eng
20,12,71,71,muril,eng
27,21,123,123,muril,eng
37,30,178,178,muril,eng
37,32,172,172,muril,eng
28,23,129,129,muril,eng
16,12,73,73,muril,eng
30,24,163,163,muril,eng
21,19,114,114,muril,eng
14,12,74,74,muril,eng
41,32,211,211,muril,eng
15,10,68,68,muril,eng
57,41,230,232,muril,eng
20,12,88,88,muril,eng
34,24,158,158,muril,eng
28,22,134,134,muril,eng
16,15,78,78,muril,eng
37,26,149,149,muril,eng
23,19,123,123,muril,eng
46,35,190,190,muril,eng
17,13,74,74,muril,eng
39,34,184,184,muril,eng
32,24,154,154,muril,eng
39,27,163,163,muril,eng
26,21,112,112,muril,eng
13,12,71,71,muril,eng
34,28,163,163,muril,eng
19,16,104,104,muril,eng
22,20,109,109,muril,eng
24,16,96,96,muril,eng
10,9,57,57,muril,eng
20,17,117,117,muril,eng
22,18,95,95,muril,eng
26,22,134,134,muril,eng
23,14,98,98,muril,eng
37,33,176,176,muril,eng
16,14,110,110,muril,eng
22,17,99,99,muril,eng
17,13,74,74,muril,eng
30,25,150,150,muril,eng
24,19,114,114,muril,eng
23,17,116,116,muril,eng
24,22,127,127,muril,eng
44,33,173,173,muril,eng
33,24,145,145,muril,eng
29,23,123,123,muril,eng
15,12,62,62,muril,eng
30,27,153,153,muril,eng
11,10,62,62,muril,eng
20,18,108,108,muril,eng
26,21,146,146,muril,eng
20,17,92,92,muril,eng
27,21,138,138,muril,eng
37,31,214,214,muril,eng
18,16,100,100,muril,eng
31,26,154,154,muril,eng
30,21,128,128,muril,eng
31,27,150,150,muril,eng
25,22,113,113,muril,eng
28,23,129,129,muril,eng
20,15,90,90,muril,eng
24,18,105,105,muril,eng
17,12,103,103,muril,eng
28,22,150,150,muril,eng
24,22,66,265,muril,hin
53,37,135,576,muril,hin
48,43,132,514,muril,hin
64,55,195,774,muril,hin
50,36,121,445,muril,hin
39,30,98,370,muril,hin
22,12,44,177,muril,hin
36,30,95,374,muril,hin
18,12,45,158,muril,hin
17,13,48,193,muril,hin
40,30,97,380,muril,hin
44,33,114,445,muril,hin
42,34,114,426,muril,hin
40,32,117,462,muril,hin
43,38,123,412,muril,hin
58,50,169,629,muril,hin
48,39,141,553,muril,hin
35,27,89,317,muril,hin
37,30,109,375,muril,hin
67,50,189,688,muril,hin
30,22,73,320,muril,hin
17,14,50,221,muril,hin
43,23,105,488,muril,hin
43,33,105,443,muril,hin
29,27,90,391,muril,hin
26,20,62,245,muril,hin
38,30,101,394,muril,hin
50,42,142,510,muril,hin
27,19,64,253,muril,hin
15,14,43,179,muril,hin
71,51,169,708,muril,hin
57,49,161,636,muril,hin
31,27,83,322,muril,hin
33,27,91,352,muril,hin
15,13,43,189,muril,hin
24,16,60,225,muril,hin
37,32,111,463,muril,hin
38,27,83,335,muril,hin
20,16,54,233,muril,hin
17,13,44,176,muril,hin
31,26,83,333,muril,hin
28,13,55,182,muril,hin
38,24,91,269,muril,hin
34,22,87,306,muril,hin
28,22,74,268,muril,hin
45,38,118,409,muril,hin
31,28,101,370,muril,hin
27,23,77,303,muril,hin
24,22,72,297,muril,hin
31,26,87,358,muril,hin
15,12,42,143,muril,hin
37,35,111,432,muril,hin
29,27,84,330,muril,hin
30,29,101,391,muril,hin
52,46,154,601,muril,hin
53,34,121,499,muril,hin
47,39,131,550,muril,hin
47,31,112,446,muril,hin
24,21,72,321,muril,hin
16,14,45,180,muril,hin
27,25,77,325,muril,hin
19,16,59,218,muril,hin
33,29,91,358,muril,hin
44,40,132,508,muril,hin
33,28,97,402,muril,hin
30,24,72,262,muril,hin
19,17,64,263,muril,hin
25,20,66,233,muril,hin
24,21,73,302,muril,hin
36,29,102,423,muril,hin
25,22,67,280,muril,hin
63,48,168,626,muril,hin
48,37,121,470,muril,hin
50,39,139,548,muril,hin
37,32,113,440,muril,hin
42,32,106,419,muril,hin
48,37,123,501,muril,hin
22,21,73,269,muril,hin
11,10,34,163,muril,hin
40,28,102,472,muril,hin
25,15,64,257,muril,hin
25,18,59,226,muril,hin
27,19,64,268,muril,hin
39,31,95,369,muril,hin
21,16,46,160,muril,hin
33,23,78,321,muril,hin
50,40,131,448,muril,hin
41,39,124,502,muril,hin
34,22,78,347,muril,hin
32,27,81,318,muril,hin
33,25,81,301,muril,hin
27,26,86,346,muril,hin
33,29,94,363,muril,hin
15,12,41,185,muril,hin
40,30,98,378,muril,hin
22,17,61,243,muril,hin
21,20,72,269,muril,hin
33,17,66,283,muril,hin
26,19,69,284,muril,hin
28,26,78,320,muril,hin
20,17,56,208,muril,hin
46,31,113,436,muril,hin
32,27,93,313,muril,hin
16,15,48,192,muril,hin
25,23,69,251,muril,hin
15,14,50,196,muril,hin
14,10,40,166,muril,hin
50,42,132,541,muril,hin
58,41,143,507,muril,hin
25,18,58,215,muril,hin
29,17,56,216,muril,hin
11,10,31,103,muril,hin
15,14,45,173,muril,hin
22,18,53,222,muril,hin
40,33,119,478,muril,hin
32,23,81,327,muril,hin
30,28,93,393,muril,hin
31,26,88,318,muril,hin
18,13,44,173,muril,hin
40,33,109,409,muril,hin
42,28,100,412,muril,hin
44,37,113,434,muril,hin
22,17,58,225,muril,hin
16,13,43,155,muril,hin
18,16,56,176,muril,hin
38,32,99,364,muril,hin
11,10,29,111,muril,hin
44,40,132,520,muril,hin
36,31,104,440,muril,hin
22,17,63,228,muril,hin
27,24,73,323,muril,hin
40,36,120,478,muril,hin
35,31,99,364,muril,hin
19,17,54,231,muril,hin
23,16,53,166,muril,hin
29,25,79,316,muril,hin
15,11,35,109,muril,hin
23,19,59,198,muril,hin
26,18,58,237,muril,hin
29,23,73,289,muril,hin
41,33,103,413,muril,hin
42,34,113,449,muril,hin
31,29,92,351,muril,hin
24,20,62,284,muril,hin
23,19,61,213,muril,hin
36,25,89,406,muril,hin
22,14,57,238,muril,hin
28,27,91,351,muril,hin
16,14,48,204,muril,hin
18,16,51,198,muril,hin
32,22,76,320,muril,hin
44,32,109,432,muril,hin
46,33,110,384,muril,hin
35,28,89,356,muril,hin
33,28,94,389,muril,hin
31,30,90,330,muril,hin
41,38,125,511,muril,hin
27,21,71,253,muril,hin
36,26,90,267,muril,hin
25,17,55,231,muril,hin
20,15,44,175,muril,hin
73,50,185,771,muril,hin
51,40,140,515,muril,hin
33,27,89,346,muril,hin
15,13,43,200,muril,hin
54,43,139,525,muril,hin
36,32,107,469,muril,hin
34,27,91,294,muril,hin
39,33,125,491,muril,hin
30,25,83,313,muril,hin
36,29,106,368,muril,hin
23,17,64,187,muril,hin
21,17,51,221,muril,hin
30,26,84,333,muril,hin
25,20,65,273,muril,hin
18,14,52,223,muril,hin
34,25,89,396,muril,hin
25,22,69,233,muril,hin
18,12,43,185,muril,hin
29,20,61,226,muril,hin
27,19,67,302,muril,hin
18,12,44,164,muril,hin
32,20,84,370,muril,hin
35,26,89,300,muril,hin
36,29,84,334,muril,hin
34,24,85,347,muril,hin
18,12,42,169,muril,hin
26,19,66,253,muril,hin
30,21,71,258,muril,hin
34,24,83,353,muril,hin
32,26,90,354,muril,hin
38,23,87,363,muril,hin
37,27,87,349,muril,hin
71,60,184,703,muril,hin
25,17,54,224,muril,hin
26,17,60,237,muril,hin
59,47,143,548,muril,hin
69,56,197,780,muril,hin
24,19,72,269,muril,hin
24,19,67,227,muril,hin
49,35,118,487,muril,hin
41,26,98,437,muril,hin
39,26,91,416,muril,hin
53,34,130,548,muril,hin
36,34,100,398,muril,hin
44,36,122,483,muril,hin
28,21,71,273,muril,hin
40,31,107,487,muril,hin
25,21,68,279,muril,hin
17,16,52,237,muril,hin
17,13,46,170,muril,hin
32,30,99,393,muril,hin
22,15,46,168,muril,hin
25,19,59,226,muril,hin
37,29,93,342,muril,hin
34,25,82,324,muril,hin
19,15,51,189,muril,hin
36,29,89,356,muril,hin
28,23,80,320,muril,hin
32,26,94,387,muril,hin
13,12,42,180,muril,hin
24,22,70,257,muril,hin
36,32,108,388,muril,hin
30,25,81,271,muril,hin
18,14,45,185,muril,hin
14,13,42,150,muril,hin
29,26,81,309,muril,hin
23,19,61,230,muril,hin
32,24,79,295,muril,hin
20,18,60,225,muril,hin
19,11,46,135,muril,hin
17,15,49,198,muril,hin
33,26,88,313,muril,hin
13,9,30,112,muril,hin
43,29,102,364,muril,hin
23,15,52,204,muril,hin
35,23,79,344,muril,hin
37,28,107,433,muril,hin
20,17,59,233,muril,hin
27,21,69,264,muril,hin
44,32,110,434,muril,hin
37,27,86,338,muril,hin
31,19,58,274,muril,hin
24,18,57,192,muril,hin
27,19,66,238,muril,hin
16,14,45,186,muril,hin
32,26,83,291,muril,hin
83,60,200,713,muril,hin
44,34,108,411,muril,hin
29,21,69,288,muril,hin
42,35,112,422,muril,hin
27,26,76,248,muril,hin
28,22,72,318,muril,hin
12,10,34,115,muril,hin
12,11,34,137,muril,hin
32,29,95,383,muril,hin
29,25,83,316,muril,hin
29,25,84,358,muril,hin
22,17,58,260,muril,hin
43,27,93,410,muril,hin
27,25,83,338,muril,hin
23,21,73,284,muril,hin
15,13,40,145,muril,hin
22,22,65,235,muril,hin
38,29,101,446,muril,hin
47,41,135,520,muril,hin
32,24,85,313,muril,hin
45,37,118,469,muril,hin
17,14,46,193,muril,hin
28,19,65,225,muril,hin
31,20,73,305,muril,hin
54,40,131,469,muril,hin
19,16,52,194,muril,hin
23,15,55,229,muril,hin
38,32,99,382,muril,hin
79,50,177,647,muril,hin
38,32,104,376,muril,hin
13,12,42,162,muril,hin
36,32,108,426,muril,hin
28,15,54,212,muril,hin
21,19,61,232,muril,hin
21,19,56,195,muril,hin
12,9,29,118,muril,hin
34,30,99,337,muril,hin
17,13,42,172,muril,hin
17,13,44,208,muril,hin
19,15,47,191,muril,hin
32,26,89,343,muril,hin
35,32,101,398,muril,hin
43,27,97,421,muril,hin
31,28,90,350,muril,hin
31,23,83,327,muril,hin
31,27,85,339,muril,hin
42,38,129,489,muril,hin
39,33,113,472,muril,hin
35,24,86,342,muril,hin
41,32,119,473,muril,hin
22,15,51,173,muril,hin
14,9,27,116,muril,hin
37,30,96,384,muril,hin
22,19,65,286,muril,hin
22,18,59,198,muril,hin
30,25,85,282,muril,hin
25,20,77,296,muril,hin
29,25,81,271,muril,hin
30,21,68,270,muril,hin
26,15,65,224,muril,hin
25,21,71,294,muril,hin
19,15,47,198,muril,hin
26,23,82,328,muril,hin
18,12,43,164,muril,hin
23,21,58,201,muril,hin
21,16,54,238,muril,hin
34,24,74,308,muril,hin
18,15,48,204,muril,hin
27,24,82,354,muril,hin
24,21,68,247,muril,hin
26,25,74,295,muril,hin
26,17,61,262,muril,hin
11,8,25,113,muril,hin
49,36,120,454,muril,hin
54,31,116,414,muril,hin
33,29,100,350,muril,hin
38,34,119,494,muril,hin
33,28,92,373,muril,hin
44,41,134,542,muril,hin
38,31,110,436,muril,hin
25,23,71,296,muril,hin
33,29,99,406,muril,hin
27,26,87,329,muril,hin
17,14,46,170,muril,hin
29,25,83,336,muril,hin
30,27,92,338,muril,hin
14,8,36,155,muril,hin
15,14,48,183,muril,hin
40,33,108,434,muril,hin
50,37,148,570,muril,hin
35,29,103,435,muril,hin
29,25,80,322,muril,hin
29,22,80,328,muril,hin
77,53,195,890,muril,hin
21,18,54,187,muril,hin
32,26,76,281,muril,hin
53,43,144,555,muril,hin
23,20,64,221,muril,hin
19,14,50,178,muril,hin
19,14,51,161,muril,hin
34,25,87,375,muril,hin
25,19,54,224,muril,hin
23,20,70,246,muril,hin
34,22,75,285,muril,hin
27,18,58,252,muril,hin
37,32,105,434,muril,hin
16,14,48,183,muril,hin
19,17,59,216,muril,hin
34,31,105,443,muril,hin
22,19,61,241,muril,hin
38,28,87,350,muril,hin
18,15,49,180,muril,hin
31,24,79,315,muril,hin
37,24,79,323,muril,hin
20,19,58,244,muril,hin
17,13,45,196,muril,hin
29,23,68,249,muril,hin
24,19,66,249,muril,hin
51,42,136,531,muril,hin
48,41,136,475,muril,hin
44,26,85,312,muril,hin
31,23,73,283,muril,hin
51,36,124,477,muril,hin
36,27,87,350,muril,hin
47,38,128,461,muril,hin
70,64,186,681,muril,hin
36,30,118,408,muril,hin
23,20,64,225,muril,hin
30,24,81,279,muril,hin
25,21,70,284,muril,hin
32,27,96,378,muril,hin
32,27,93,390,muril,hin
22,14,46,198,muril,hin
38,34,106,415,muril,hin
27,19,66,244,muril,hin
53,43,129,499,muril,hin
43,32,108,387,muril,hin
33,28,87,336,muril,hin
57,39,147,572,muril,hin
44,36,119,418,muril,hin
22,21,68,282,muril,hin
37,29,89,305,muril,hin
21,19,64,265,muril,hin
23,21,70,276,muril,hin
24,23,76,301,muril,hin
37,27,86,328,muril,hin
10,9,28,108,muril,hin
11,10,33,136,muril,hin
11,10,31,127,muril,hin
28,23,77,298,muril,hin
20,15,47,182,muril,hin
51,40,133,520,muril,hin
22,18,59,208,muril,hin
38,22,89,351,muril,hin
32,23,77,313,muril,hin
28,21,67,267,muril,hin
32,27,89,335,muril,hin
37,31,98,353,muril,hin
21,18,53,193,muril,hin
29,24,74,310,muril,hin
42,33,107,455,muril,hin
27,19,69,261,muril,hin
34,24,70,309,muril,hin
34,32,100,375,muril,hin
54,41,145,518,muril,hin
34,26,91,402,muril,hin
22,19,60,271,muril,hin
32,27,100,406,muril,hin
42,38,125,539,muril,hin
20,17,55,215,muril,hin
36,35,113,460,muril,hin
29,26,85,329,muril,hin
38,22,93,361,muril,hin
26,20,76,369,muril,hin
33,24,77,294,muril,hin
28,23,77,309,muril,hin
29,22,73,307,muril,hin
54,47,159,593,muril,hin
34,28,103,374,muril,hin
54,38,141,487,muril,hin
33,19,63,266,muril,hin
29,28,88,337,muril,hin
26,23,72,281,muril,hin
35,24,85,351,muril,hin
32,27,95,373,muril,hin
22,19,58,225,muril,hin
32,23,84,313,muril,hin
29,20,80,276,muril,hin
27,24,88,328,muril,hin
35,30,104,374,muril,hin
24,22,71,272,muril,hin
26,21,68,274,muril,hin
14,13,42,169,muril,hin
36,33,100,372,muril,hin
45,44,127,485,muril,hin
17,15,49,211,muril,hin
40,32,123,554,muril,hin
36,34,106,421,muril,hin
32,27,92,367,muril,hin
20,17,62,237,muril,hin
30,27,84,351,muril,hin
23,21,75,298,muril,hin
33,27,97,376,muril,hin
32,27,92,348,muril,hin
43,38,123,477,muril,hin
19,16,54,198,muril,hin
46,38,113,444,muril,hin
40,33,118,483,muril,hin
28,23,78,317,muril,hin
23,22,68,273,muril,hin
28,22,73,326,muril,hin
44,36,119,442,muril,hin
26,24,76,283,muril,hin
25,24,68,290,muril,hin
40,32,101,371,muril,hin
43,37,119,427,muril,hin
21,17,49,193,muril,hin
30,26,88,386,muril,hin
45,30,102,416,muril,hin
40,32,103,420,muril,hin
33,26,83,310,muril,hin
50,40,124,432,muril,hin
25,19,73,249,muril,hin
36,31,108,441,muril,hin
66,51,170,601,muril,hin
28,22,75,296,muril,hin
18,17,51,200,muril,hin
33,27,87,348,muril,hin
20,18,59,261,muril,hin
55,51,161,636,muril,hin
24,18,67,309,muril,hin
22,18,59,231,muril,hin
43,36,126,419,muril,hin
26,25,84,292,muril,hin
53,45,164,728,muril,hin
49,44,161,669,muril,hin
22,20,66,239,muril,hin
40,31,109,415,muril,hin
38,30,105,422,muril,hin
30,18,62,263,muril,hin
54,43,145,575,muril,hin
41,31,98,391,muril,hin
24,17,62,183,muril,hin
44,39,126,492,muril,hin
23,17,57,220,muril,hin
19,16,51,169,muril,hin
15,11,38,179,muril,hin
23,16,60,208,muril,hin
43,40,131,505,muril,hin
22,21,73,287,muril,hin
46,37,129,534,muril,hin
23,22,73,286,muril,hin
37,33,115,467,muril,hin
27,17,59,226,muril,hin
35,26,88,336,muril,hin
37,29,105,418,muril,hin
51,45,151,668,muril,hin
52,39,138,558,muril,hin
23,23,69,267,muril,hin
31,27,77,277,muril,hin
51,36,136,508,muril,hin
29,22,80,318,muril,hin
39,33,104,436,muril,hin
39,28,100,357,muril,hin
44,39,127,547,muril,hin
39,27,92,351,muril,hin
32,29,93,343,muril,hin
17,14,45,190,muril,hin
22,19,73,314,muril,hin
33,28,81,310,muril,hin
17,11,43,170,muril,hin
23,19,70,284,muril,hin
35,23,93,299,muril,hin
47,33,123,449,muril,hin
37,23,92,440,muril,hin
33,30,89,366,muril,hin
42,35,111,425,muril,hin
31,29,88,356,muril,hin
21,19,58,227,muril,hin
19,17,60,243,muril,hin
23,16,56,235,muril,hin
30,23,85,330,muril,hin
23,18,69,263,muril,hin
38,30,100,427,muril,hin
43,32,111,455,muril,hin
40,31,107,410,muril,hin
30,26,86,305,muril,hin
27,25,80,312,muril,hin
41,36,113,400,muril,hin
45,34,123,486,muril,hin
26,23,76,311,muril,hin
22,19,67,255,muril,hin
26,23,74,286,muril,hin
28,25,85,356,muril,hin
28,24,79,327,muril,hin
31,23,80,356,muril,hin
41,33,106,447,muril,hin
46,37,125,484,muril,hin
26,22,65,242,muril,hin
40,31,108,409,muril,hin
34,25,94,328,muril,hin
88,67,244,983,muril,hin
37,34,105,451,muril,hin
48,46,148,569,muril,hin
35,33,130,542,muril,hin
25,22,71,271,muril,hin
22,20,66,267,muril,hin
24,18,61,222,muril,hin
23,20,71,274,muril,hin
68,55,170,698,muril,hin
15,12,38,152,muril,hin
47,40,125,507,muril,hin
45,36,119,465,muril,hin
21,17,55,191,muril,hin
33,24,77,265,muril,hin
35,27,95,339,muril,hin
17,8,34,137,muril,hin
52,32,110,429,muril,hin
44,40,134,510,muril,hin
38,31,107,416,muril,hin
39,35,119,455,muril,hin
55,45,144,573,muril,hin
30,22,71,247,muril,hin
28,19,60,260,muril,hin
35,32,102,378,muril,hin
34,25,82,304,muril,hin
32,29,89,332,muril,hin
16,13,45,154,muril,hin
19,17,51,214,muril,hin
33,25,77,298,muril,hin
25,23,80,303,muril,hin
37,34,97,360,muril,hin
29,26,89,352,muril,hin
25,19,67,271,muril,hin
16,14,47,202,muril,hin
23,19,63,246,muril,hin
21,17,62,236,muril,hin
32,22,70,281,muril,hin
40,27,102,403,muril,hin
26,18,66,266,muril,hin
22,21,63,254,muril,hin
27,25,73,271,muril,hin
17,16,48,190,muril,hin
30,25,87,357,muril,hin
32,30,99,435,muril,hin
45,39,144,559,muril,hin
21,18,62,281,muril,hin
16,15,50,221,muril,hin
25,20,67,277,muril,hin
34,28,97,406,muril,hin
33,28,100,430,muril,hin
26,22,76,312,muril,hin
22,16,53,187,muril,hin
23,19,60,226,muril,hin
35,25,87,381,muril,hin
48,33,120,466,muril,hin
32,27,88,364,muril,hin
31,28,99,422,muril,hin
36,29,107,445,muril,hin
21,14,52,208,muril,hin
31,29,85,352,muril,hin
28,26,89,312,muril,hin
38,36,114,462,muril,hin
27,25,84,335,muril,hin
25,21,70,295,muril,hin
37,31,103,421,muril,hin
26,25,84,345,muril,hin
36,28,93,407,muril,hin
40,33,110,426,muril,hin
37,24,88,312,muril,hin
22,13,51,212,muril,hin
38,35,111,424,muril,hin
18,16,51,195,muril,hin
19,16,49,216,muril,hin
24,18,62,259,muril,hin
25,19,61,247,muril,hin
40,37,113,414,muril,hin
22,19,58,216,muril,hin
29,25,78,288,muril,hin
23,17,54,196,muril,hin
22,17,53,214,muril,hin
25,15,58,197,muril,hin
35,31,103,428,muril,hin
25,20,71,314,muril,hin
22,19,66,257,muril,hin
15,13,49,186,muril,hin
37,30,99,424,muril,hin
10,8,29,113,muril,hin
48,39,131,570,muril,hin
31,25,76,285,muril,hin
50,39,125,517,muril,hin
26,22,66,258,muril,hin
22,18,59,246,muril,hin
25,17,59,258,muril,hin
25,20,61,277,muril,hin
27,25,74,306,muril,hin
18,15,45,160,muril,hin
37,24,86,322,muril,hin
21,16,59,235,muril,hin
16,16,46,169,muril,hin
26,25,79,294,muril,hin
30,25,81,320,muril,hin
27,24,75,304,muril,hin
20,17,51,192,muril,hin
25,21,72,245,muril,hin
14,13,38,162,muril,hin
23,18,62,212,muril,hin
24,21,62,275,muril,hin
31,24,81,326,muril,hin
52,48,137,559,muril,hin
25,18,66,325,muril,hin
51,43,138,530,muril,hin
40,30,106,417,muril,hin
39,34,108,431,muril,hin
19,14,47,183,muril,hin
19,15,47,175,muril,hin
25,23,78,309,muril,hin
20,19,64,250,muril,hin
35,32,112,447,muril,hin
31,19,72,244,muril,hin
32,23,87,340,muril,hin
34,29,109,468,muril,hin
30,27,94,378,muril,hin
40,34,107,384,muril,hin
35,26,92,366,muril,hin
38,28,90,340,muril,hin
38,31,107,470,muril,hin
15,14,51,224,muril,hin
38,33,112,449,muril,hin
25,23,75,287,muril,hin
29,26,93,360,muril,hin
44,36,128,498,muril,hin
24,22,77,330,muril,hin
35,31,108,400,muril,hin
24,20,73,276,muril,hin
37,30,112,477,muril,hin
37,31,98,405,muril,hin
45,40,137,560,muril,hin
25,23,76,290,muril,hin
64,53,178,722,muril,hin
46,41,138,520,muril,hin
33,29,103,408,muril,hin
53,40,140,539,muril,hin
29,26,84,336,muril,hin
67,55,201,809,muril,hin
29,25,88,344,muril,hin
28,20,72,307,muril,hin
25,21,67,277,muril,hin
24,23,69,263,muril,hin
29,25,87,368,muril,hin
15,13,41,187,muril,hin
15,10,38,157,muril,hin
25,21,64,301,muril,hin
27,20,67,234,muril,hin
31,27,94,393,muril,hin
17,15,51,207,muril,hin
24,22,73,293,muril,hin
21,19,60,204,muril,hin
47,38,126,485,muril,hin
34,25,81,319,muril,hin
54,38,131,528,muril,hin
30,26,81,306,muril,hin
40,33,101,448,muril,hin
19,15,49,213,muril,hin
55,40,137,530,muril,hin
20,15,52,220,muril,hin
40,32,102,385,muril,hin
29,24,80,324,muril,hin
29,22,73,311,muril,hin
46,28,103,380,muril,hin
30,20,68,262,muril,hin
29,21,79,294,muril,hin
24,22,65,240,muril,hin
20,16,53,204,muril,hin
21,20,64,221,muril,hin
46,28,101,443,muril,hin
32,23,86,280,muril,hin
42,25,86,357,muril,hin
21,19,61,276,muril,hin
31,26,87,380,muril,hin
24,23,72,307,muril,hin
37,27,95,382,muril,hin
28,19,64,284,muril,hin
23,22,70,285,muril,hin
37,31,107,371,muril,hin
33,26,87,344,muril,hin
28,24,81,326,muril,hin
31,26,83,322,muril,hin
24,17,65,231,muril,hin
35,27,104,313,muril,hin
51,35,124,438,muril,hin
19,17,59,219,muril,hin
17,15,52,222,muril,hin
34,22,81,262,muril,hin
50,27,91,375,muril,hin
25,21,70,220,muril,hin
33,27,89,316,muril,hin
26,23,74,277,muril,hin
40,29,96,370,muril,hin
40,29,102,388,muril,hin
34,28,95,389,muril,hin
17,15,48,190,muril,hin
27,21,74,277,muril,hin
15,14,45,200,muril,hin
18,15,48,201,muril,hin
17,16,47,183,muril,hin
23,20,67,281,muril,hin
35,19,74,285,muril,hin
29,23,73,305,muril,hin
29,26,88,391,muril,hin
40,36,120,542,muril,hin
27,20,70,270,muril,hin
30,25,82,358,muril,hin
29,18,61,233,muril,hin
39,33,109,397,muril,hin
26,20,66,243,muril,hin
35,30,94,373,muril,hin
37,25,90,353,muril,hin
37,26,92,320,muril,hin
34,29,103,377,muril,hin
37,32,107,414,muril,hin
27,19,64,204,muril,hin
21,18,60,191,muril,hin
33,29,102,370,muril,hin
23,19,66,231,muril,hin
33,25,87,371,muril,hin
28,23,75,298,muril,hin
33,26,87,350,muril,hin
29,22,71,308,muril,hin
30,21,76,313,muril,hin
29,20,73,314,muril,hin
39,26,96,310,muril,hin
22,17,61,252,muril,hin
26,24,75,274,muril,hin
49,31,105,438,muril,hin
19,17,55,210,muril,hin
29,23,70,261,muril,hin
25,18,60,259,muril,hin
40,33,107,402,muril,hin
34,27,85,354,muril,hin
32,26,81,315,muril,hin
31,29,88,319,muril,hin
38,31,101,407,muril,hin
42,31,107,414,muril,hin
40,30,97,381,muril,hin
24,21,69,267,muril,hin
44,33,112,452,muril,hin
28,22,75,298,muril,hin
32,26,79,324,muril,hin
24,19,58,250,muril,hin
39,37,118,479,muril,hin
31,23,82,348,muril,hin
50,40,136,509,muril,hin
31,27,88,320,muril,hin
31,26,84,334,muril,hin
31,28,85,320,muril,hin
29,24,79,279,muril,hin
23,17,57,227,muril,hin
23,17,52,199,muril,hin
31,25,85,339,muril,hin
20,17,57,233,muril,hin
29,25,83,319,muril,hin
27,21,72,265,muril,hin
28,18,63,246,muril,hin
38,25,87,328,muril,hin
23,18,63,231,muril,hin
23,20,72,292,muril,hin
34,29,92,324,muril,hin
49,38,127,493,muril,hin
41,25,94,298,muril,hin
43,36,106,416,muril,hin
39,32,104,385,muril,hin
32,25,81,274,muril,hin
21,19,61,232,muril,hin
29,24,75,307,muril,hin
36,32,116,417,muril,hin
24,21,68,283,muril,hin
36,32,103,374,muril,hin
25,22,75,290,muril,hin
19,18,59,240,muril,hin
27,24,81,322,muril,hin
47,32,115,472,muril,hin
37,26,88,323,muril,hin
38,31,104,349,muril,hin
27,22,75,331,muril,hin
28,21,72,317,muril,hin
35,24,76,326,muril,hin
36,27,89,377,muril,hin
32,22,75,317,muril,hin
25,17,58,240,muril,hin
17,12,40,132,muril,hin
42,39,131,534,muril,hin
35,29,100,396,muril,hin
39,33,102,410,muril,hin
49,42,145,605,muril,hin
26,22,64,247,muril,hin
29,26,85,346,muril,hin
48,40,124,448,muril,hin
23,16,60,218,muril,hin
41,33,106,418,muril,hin
43,33,103,405,muril,hin
40,30,103,431,muril,hin
41,32,104,462,muril,hin
41,31,106,462,muril,hin
23,20,62,256,muril,hin
35,33,101,404,muril,hin
27,17,55,241,muril,hin
45,38,124,487,muril,hin
17,12,40,175,muril,hin
37,33,109,429,muril,hin
41,37,125,524,muril,hin
20,16,51,176,muril,hin
30,26,84,314,muril,hin
45,32,112,409,muril,hin
35,29,99,384,muril,hin
20,18,62,250,muril,hin
31,28,90,368,muril,hin
29,23,79,343,muril,hin
48,36,133,523,muril,hin
39,28,96,310,muril,hin
51,35,126,506,muril,hin
30,28,84,354,muril,hin
29,26,87,331,muril,hin
33,27,93,356,muril,hin
19,12,44,175,muril,hin
23,19,72,300,muril,hin
30,25,90,344,muril,hin
31,26,90,367,muril,hin
26,20,67,227,muril,hin
26,20,71,300,muril,hin
39,38,115,488,muril,hin
24,21,67,305,muril,hin
22,18,71,283,muril,hin
23,23,74,285,muril,hin
32,27,92,346,muril,hin
22,20,69,296,muril,hin
30,25,87,381,muril,hin
33,28,93,344,muril,hin
22,18,60,255,muril,hin
29,21,71,268,muril,hin
34,23,85,345,muril,hin
27,22,74,277,muril,hin
35,24,77,324,muril,hin
31,25,75,296,muril,hin
22,19,55,209,muril,hin
46,41,123,432,muril,hin
36,30,99,349,muril,hin
34,29,98,378,muril,hin
31,28,89,332,muril,hin
34,31,95,326,muril,hin
21,20,63,236,muril,hin
19,18,56,219,muril,hin
16,15,44,174,muril,hin
23,21,70,274,muril,hin
19,16,49,210,muril,hin
15,13,44,204,muril,hin
37,31,101,354,muril,hin
42,25,91,365,muril,hin
27,22,85,359,muril,hin
25,15,50,237,muril,hin
37,31,109,458,muril,hin
36,25,87,348,muril,hin
21,18,63,251,muril,hin
37,35,116,419,muril,hin
41,32,112,435,muril,hin
24,23,71,299,muril,hin
19,16,57,224,muril,hin
33,31,105,424,muril,hin
39,35,106,430,muril,hin
15,14,48,209,muril,hin
31,27,84,324,muril,hin
17,15,47,192,muril,hin
34,29,91,342,muril,hin
20,17,53,194,muril,hin
31,23,79,326,muril,hin
19,15,52,243,muril,hin
30,28,88,301,muril,hin
28,23,82,281,muril,hin
42,36,111,451,muril,hin
48,43,140,534,muril,hin
32,27,81,298,muril,hin
44,41,125,442,muril,hin
52,43,149,650,muril,hin
28,23,72,268,muril,hin
32,25,78,290,muril,hin
41,37,121,469,muril,hin
33,26,86,326,muril,hin
45,36,117,438,muril,hin
32,29,85,347,muril,hin
44,40,133,524,muril,hin
28,20,69,289,muril,hin
17,13,43,173,muril,hin
44,35,117,497,muril,hin
20,16,56,238,muril,hin
11,8,27,130,muril,hin
39,30,109,393,muril,hin
42,33,103,404,muril,hin
57,40,155,650,muril,hin
27,18,64,249,muril,hin
20,16,56,226,muril,hin
16,11,35,133,muril,hin
40,34,110,435,muril,hin
21,14,44,153,muril,hin
38,27,91,353,muril,hin
39,37,113,427,muril,hin
42,37,126,429,muril,hin
37,30,100,389,muril,hin
19,13,44,157,muril,hin
40,32,118,443,muril,hin
26,20,70,295,muril,hin
18,16,55,236,muril,hin
42,32,116,500,muril,hin
19,14,46,185,muril,hin
68,47,174,647,muril,hin
20,18,58,226,muril,hin
41,29,96,374,muril,hin
24,19,70,328,muril,hin
15,14,44,190,muril,hin
44,26,99,396,muril,hin
33,27,84,333,muril,hin
55,47,154,586,muril,hin
19,13,46,182,muril,hin
45,41,132,498,muril,hin
40,30,104,383,muril,hin
44,32,112,418,muril,hin
31,27,75,314,muril,hin
15,14,47,175,muril,hin
37,33,105,408,muril,hin
25,25,80,357,muril,hin
22,20,61,233,muril,hin
31,22,76,203,muril,hin
9,8,30,118,muril,hin
31,28,97,373,muril,hin
23,20,68,267,muril,hin
31,28,93,365,muril,hin
28,25,83,331,muril,hin
42,37,122,494,muril,hin
24,21,82,360,muril,hin
24,16,51,210,muril,hin
15,14,43,154,muril,hin
35,28,96,406,muril,hin
26,19,67,272,muril,hin
34,29,95,366,muril,hin
34,30,99,349,muril,hin
48,36,125,480,muril,hin
33,24,86,344,muril,hin
34,26,76,293,muril,hin
15,12,43,185,muril,hin
42,31,103,387,muril,hin
19,12,41,186,muril,hin
22,20,66,251,muril,hin
25,24,72,291,muril,hin
17,15,49,189,muril,hin
32,23,81,352,muril,hin
41,36,121,496,muril,hin
20,15,50,175,muril,hin
33,25,89,367,muril,hin
37,24,85,335,muril,hin
36,29,94,393,muril,hin
27,21,71,264,muril,hin
27,24,77,309,muril,hin
15,13,46,211,muril,hin
24,18,68,269,muril,hin
20,18,67,301,muril,hin
36,33,108,451,muril,hin
29,16,90,339,muril,tam
50,27,162,707,muril,tam
34,22,129,537,muril,tam
66,36,205,879,muril,tam
43,22,130,549,muril,tam
40,21,116,489,muril,tam
14,8,41,171,muril,tam
35,24,119,488,muril,tam
19,10,53,210,muril,tam
21,12,62,258,muril,tam
36,20,115,495,muril,tam
39,23,142,589,muril,tam
31,18,111,437,muril,tam
33,20,128,580,muril,tam
49,26,172,710,muril,tam
53,33,199,848,muril,tam
46,27,174,755,muril,tam
26,12,76,324,muril,tam
38,23,126,489,muril,tam
72,35,210,827,muril,tam
21,13,72,320,muril,tam
16,11,64,273,muril,tam
37,23,126,487,muril,tam
49,28,149,615,muril,tam
26,17,111,497,muril,tam
29,13,78,341,muril,tam
23,17,106,468,muril,tam
40,25,152,637,muril,tam
33,16,109,488,muril,tam
17,8,56,242,muril,tam
58,33,193,809,muril,tam
50,27,176,754,muril,tam
35,20,116,514,muril,tam
30,18,119,537,muril,tam
17,10,66,283,muril,tam
29,15,83,362,muril,tam
41,25,173,746,muril,tam
27,16,100,431,muril,tam
19,13,74,317,muril,tam
14,7,49,206,muril,tam
35,15,111,510,muril,tam
22,9,55,157,muril,tam
34,16,106,366,muril,tam
30,14,79,267,muril,tam
28,16,97,407,muril,tam
36,19,105,437,muril,tam
37,22,112,437,muril,tam
21,14,85,378,muril,tam
26,14,78,314,muril,tam
24,17,91,384,muril,tam
15,9,47,160,muril,tam
39,24,145,594,muril,tam
25,13,83,374,muril,tam
27,17,99,438,muril,tam
39,22,128,555,muril,tam
59,32,173,738,muril,tam
44,26,143,604,muril,tam
48,25,142,590,muril,tam
28,11,80,348,muril,tam
15,8,54,239,muril,tam
26,16,99,420,muril,tam
18,14,74,306,muril,tam
22,16,98,402,muril,tam
38,23,143,627,muril,tam
35,20,116,468,muril,tam
35,18,94,358,muril,tam
25,14,78,342,muril,tam
24,16,79,328,muril,tam
28,19,93,377,muril,tam
33,21,115,491,muril,tam
20,13,78,347,muril,tam
64,33,194,835,muril,tam
43,22,138,607,muril,tam
46,26,163,702,muril,tam
30,20,124,533,muril,tam
31,18,105,452,muril,tam
41,20,137,601,muril,tam
20,15,98,426,muril,tam
17,8,45,183,muril,tam
37,22,118,484,muril,tam
18,14,80,351,muril,tam
19,13,63,246,muril,tam
26,14,78,296,muril,tam
29,16,86,359,muril,tam
19,11,49,183,muril,tam
26,16,85,373,muril,tam
41,23,135,541,muril,tam
27,19,118,510,muril,tam
22,15,94,415,muril,tam
28,14,78,352,muril,tam
24,17,84,364,muril,tam
30,17,95,411,muril,tam
27,17,105,453,muril,tam
15,7,45,211,muril,tam
39,15,111,521,muril,tam
17,9,63,277,muril,tam
28,14,97,429,muril,tam
30,13,79,328,muril,tam
28,16,90,354,muril,tam
23,17,101,441,muril,tam
18,13,66,266,muril,tam
32,22,143,566,muril,tam
39,20,112,494,muril,tam
15,9,54,234,muril,tam
18,14,84,359,muril,tam
27,14,85,373,muril,tam
14,7,41,187,muril,tam
53,30,182,793,muril,tam
55,33,167,665,muril,tam
24,14,78,329,muril,tam
26,13,78,307,muril,tam
10,9,49,204,muril,tam
11,10,50,205,muril,tam
18,11,60,246,muril,tam
38,25,148,638,muril,tam
29,15,100,436,muril,tam
23,18,103,444,muril,tam
38,18,117,514,muril,tam
15,8,45,171,muril,tam
46,24,159,644,muril,tam
49,23,130,504,muril,tam
38,23,142,594,muril,tam
16,9,59,262,muril,tam
13,8,42,169,muril,tam
17,14,67,246,muril,tam
41,22,130,534,muril,tam
7,5,33,140,muril,tam
36,19,124,544,muril,tam
26,17,92,366,muril,tam
19,15,85,364,muril,tam
20,15,76,327,muril,tam
36,28,149,613,muril,tam
33,19,113,485,muril,tam
15,9,59,268,muril,tam
23,11,63,205,muril,tam
27,14,86,362,muril,tam
15,8,48,180,muril,tam
18,12,67,254,muril,tam
17,11,67,272,muril,tam
29,16,83,304,muril,tam
29,20,114,495,muril,tam
34,19,110,454,muril,tam
21,15,81,347,muril,tam
24,12,75,335,muril,tam
29,12,72,295,muril,tam
34,19,128,581,muril,tam
31,15,100,377,muril,tam
23,16,97,410,muril,tam
18,13,78,317,muril,tam
18,11,70,291,muril,tam
34,21,104,448,muril,tam
47,22,130,556,muril,tam
33,21,100,384,muril,tam
27,21,100,408,muril,tam
22,16,107,485,muril,tam
42,29,157,663,muril,tam
43,24,141,630,muril,tam
20,11,67,285,muril,tam
31,19,106,373,muril,tam
21,14,78,325,muril,tam
18,9,59,245,muril,tam
65,39,220,920,muril,tam
44,24,147,636,muril,tam
31,17,95,429,muril,tam
9,6,42,181,muril,tam
47,24,170,726,muril,tam
33,17,120,531,muril,tam
29,18,103,377,muril,tam
31,21,114,479,muril,tam
28,15,89,351,muril,tam
28,19,102,416,muril,tam
19,10,52,216,muril,tam
19,10,63,283,muril,tam
24,13,82,350,muril,tam
43,21,121,511,muril,tam
24,11,71,320,muril,tam
38,17,109,510,muril,tam
24,17,83,325,muril,tam
14,6,40,184,muril,tam
14,12,58,246,muril,tam
28,14,89,397,muril,tam
20,10,50,198,muril,tam
30,17,103,418,muril,tam
31,19,98,392,muril,tam
39,23,148,644,muril,tam
36,17,100,426,muril,tam
22,14,66,271,muril,tam
32,13,88,347,muril,tam
50,15,103,372,muril,tam
33,15,85,351,muril,tam
31,15,89,380,muril,tam
34,21,113,494,muril,tam
42,21,132,578,muril,tam
63,33,189,796,muril,tam
23,14,69,302,muril,tam
19,10,62,258,muril,tam
48,23,158,651,muril,tam
61,38,220,986,muril,tam
18,11,77,342,muril,tam
22,13,75,315,muril,tam
35,23,124,541,muril,tam
48,23,132,610,muril,tam
45,20,115,525,muril,tam
57,29,166,747,muril,tam
37,20,113,465,muril,tam
38,17,112,501,muril,tam
15,11,61,253,muril,tam
32,19,110,503,muril,tam
27,16,86,368,muril,tam
19,9,63,280,muril,tam
16,9,46,201,muril,tam
22,11,71,320,muril,tam
12,8,49,224,muril,tam
19,12,74,190,muril,tam
41,18,108,466,muril,tam
37,20,116,511,muril,tam
15,10,57,253,muril,tam
31,18,108,473,muril,tam
29,14,94,408,muril,tam
22,15,93,397,muril,tam
9,7,36,148,muril,tam
30,16,87,398,muril,tam
33,19,103,421,muril,tam
28,16,77,332,muril,tam
15,8,51,222,muril,tam
14,11,65,278,muril,tam
28,19,100,422,muril,tam
20,12,58,256,muril,tam
26,16,79,317,muril,tam
20,13,69,313,muril,tam
17,9,49,150,muril,tam
22,12,69,294,muril,tam
32,19,97,411,muril,tam
13,7,37,161,muril,tam
39,20,126,494,muril,tam
18,9,51,212,muril,tam
35,18,110,511,muril,tam
26,15,111,515,muril,tam
21,13,89,404,muril,tam
26,14,80,362,muril,tam
40,23,127,522,muril,tam
36,17,105,468,muril,tam
28,15,83,344,muril,tam
27,7,58,257,muril,tam
36,20,107,467,muril,tam
17,9,49,205,muril,tam
31,19,98,386,muril,tam
72,42,238,1006,muril,tam
49,28,147,610,muril,tam
26,14,75,302,muril,tam
36,21,119,388,muril,tam
17,13,80,327,muril,tam
28,15,97,422,muril,tam
10,7,39,167,muril,tam
16,10,57,251,muril,tam
35,23,144,598,muril,tam
38,17,107,448,muril,tam
23,15,96,399,muril,tam
26,13,87,385,muril,tam
36,13,102,452,muril,tam
30,18,106,466,muril,tam
22,15,93,383,muril,tam
9,6,32,130,muril,tam
15,12,64,270,muril,tam
40,17,103,474,muril,tam
48,23,143,555,muril,tam
30,19,90,384,muril,tam
38,24,131,451,muril,tam
27,12,71,302,muril,tam
31,13,74,287,muril,tam
39,18,98,430,muril,tam
46,26,144,602,muril,tam
22,9,50,225,muril,tam
19,10,63,278,muril,tam
33,19,112,424,muril,tam
73,35,202,775,muril,tam
41,22,120,493,muril,tam
18,11,52,227,muril,tam
47,25,128,537,muril,tam
31,16,82,337,muril,tam
21,11,72,323,muril,tam
17,11,55,241,muril,tam
16,10,54,212,muril,tam
23,16,81,323,muril,tam
16,9,58,258,muril,tam
16,7,48,217,muril,tam
22,12,65,285,muril,tam
23,16,100,416,muril,tam
37,18,123,545,muril,tam
41,14,109,457,muril,tam
28,16,118,533,muril,tam
30,20,114,464,muril,tam
23,16,98,433,muril,tam
30,19,109,464,muril,tam
26,15,99,442,muril,tam
64,21,144,632,muril,tam
46,21,145,661,muril,tam
21,11,65,271,muril,tam
11,6,33,138,muril,tam
25,18,86,363,muril,tam
19,10,68,296,muril,tam
25,11,77,297,muril,tam
36,21,120,505,muril,tam
21,14,93,383,muril,tam
32,16,94,323,muril,tam
26,11,85,335,muril,tam
27,13,71,239,muril,tam
16,11,66,284,muril,tam
14,11,59,264,muril,tam
30,18,110,511,muril,tam
19,9,51,219,muril,tam
19,11,66,268,muril,tam
23,11,75,324,muril,tam
23,10,69,311,muril,tam
14,8,49,227,muril,tam
25,12,76,315,muril,tam
23,12,79,355,muril,tam
23,13,81,373,muril,tam
20,10,64,282,muril,tam
11,6,35,153,muril,tam
40,17,103,416,muril,tam
71,30,174,674,muril,tam
28,18,102,386,muril,tam
39,23,129,570,muril,tam
18,14,75,310,muril,tam
36,23,140,584,muril,tam
44,21,133,559,muril,tam
19,11,74,335,muril,tam
37,17,115,487,muril,tam
28,16,106,480,muril,tam
21,13,79,347,muril,tam
28,20,119,528,muril,tam
23,16,83,333,muril,tam
24,10,64,250,muril,tam
13,6,42,167,muril,tam
37,22,131,571,muril,tam
37,23,159,712,muril,tam
30,17,115,518,muril,tam
25,16,106,461,muril,tam
25,16,96,415,muril,tam
82,40,257,1122,muril,tam
18,10,60,248,muril,tam
31,15,84,336,muril,tam
45,27,158,642,muril,tam
20,13,75,322,muril,tam
18,10,54,238,muril,tam
24,13,70,266,muril,tam
25,16,103,436,muril,tam
20,13,67,274,muril,tam
29,18,102,434,muril,tam
38,17,99,416,muril,tam
21,12,82,372,muril,tam
39,20,119,491,muril,tam
19,11,70,306,muril,tam
23,14,83,375,muril,tam
32,18,127,574,muril,tam
18,13,77,332,muril,tam
24,18,115,488,muril,tam
16,11,58,246,muril,tam
25,17,81,327,muril,tam
32,18,100,393,muril,tam
29,16,100,438,muril,tam
14,8,53,231,muril,tam
22,15,82,353,muril,tam
15,12,77,330,muril,tam
34,20,121,500,muril,tam
42,26,129,522,muril,tam
32,17,90,387,muril,tam
27,13,73,307,muril,tam
43,23,140,618,muril,tam
26,14,83,369,muril,tam
35,19,116,506,muril,tam
54,41,205,846,muril,tam
36,23,141,602,muril,tam
18,12,72,318,muril,tam
30,16,104,444,muril,tam
25,19,112,465,muril,tam
33,16,99,430,muril,tam
32,14,102,451,muril,tam
17,11,69,291,muril,tam
24,16,97,413,muril,tam
32,15,83,349,muril,tam
43,27,144,607,muril,tam
41,23,132,540,muril,tam
28,15,73,308,muril,tam
55,25,167,713,muril,tam
39,20,120,519,muril,tam
25,15,93,412,muril,tam
33,15,92,400,muril,tam
19,12,74,311,muril,tam
25,14,89,384,muril,tam
28,14,87,379,muril,tam
22,12,76,322,muril,tam
12,7,44,194,muril,tam
17,9,57,248,muril,tam
11,7,42,194,muril,tam
24,13,84,357,muril,tam
14,10,53,227,muril,tam
49,30,171,769,muril,tam
14,8,53,236,muril,tam
40,21,122,501,muril,tam
30,14,93,408,muril,tam
24,14,74,298,muril,tam
42,19,130,511,muril,tam
47,26,146,563,muril,tam
14,6,41,181,muril,tam
26,14,84,373,muril,tam
42,23,150,614,muril,tam
32,20,99,373,muril,tam
21,13,73,331,muril,tam
23,15,80,340,muril,tam
47,31,160,707,muril,tam
32,20,118,483,muril,tam
25,12,90,380,muril,tam
26,17,89,374,muril,tam
37,23,138,598,muril,tam
15,12,64,270,muril,tam
31,23,136,587,muril,tam
26,19,114,450,muril,tam
43,23,118,474,muril,tam
20,16,108,479,muril,tam
23,14,69,259,muril,tam
19,15,74,312,muril,tam
30,20,104,435,muril,tam
41,27,164,689,muril,tam
41,21,127,467,muril,tam
53,26,150,565,muril,tam
27,15,77,329,muril,tam
26,16,104,442,muril,tam
24,13,76,306,muril,tam
24,20,103,400,muril,tam
20,15,82,337,muril,tam
19,13,60,185,muril,tam
25,15,80,314,muril,tam
23,14,82,328,muril,tam
29,18,105,452,muril,tam
30,19,108,464,muril,tam
19,12,89,386,muril,tam
25,14,82,353,muril,tam
16,9,57,258,muril,tam
45,22,136,577,muril,tam
37,28,153,650,muril,tam
16,10,58,248,muril,tam
44,26,166,709,muril,tam
32,18,109,461,muril,tam
26,13,73,326,muril,tam
20,12,75,309,muril,tam
25,16,93,410,muril,tam
21,14,79,331,muril,tam
45,25,136,561,muril,tam
30,19,118,527,muril,tam
32,24,140,591,muril,tam
14,9,54,225,muril,tam
35,22,124,492,muril,tam
40,24,139,582,muril,tam
28,15,92,395,muril,tam
19,11,79,357,muril,tam
13,11,68,299,muril,tam
44,23,138,540,muril,tam
15,10,58,253,muril,tam
24,15,84,346,muril,tam
27,15,89,379,muril,tam
33,23,113,463,muril,tam
16,9,51,223,muril,tam
29,16,102,436,muril,tam
53,26,149,606,muril,tam
38,20,129,548,muril,tam
38,20,92,341,muril,tam
36,24,120,522,muril,tam
24,15,77,333,muril,tam
35,19,111,453,muril,tam
68,37,194,740,muril,tam
30,17,97,423,muril,tam
22,10,65,280,muril,tam
30,14,80,344,muril,tam
22,8,61,290,muril,tam
39,25,153,667,muril,tam
32,13,88,360,muril,tam
21,10,58,263,muril,tam
31,21,117,422,muril,tam
26,18,91,367,muril,tam
44,33,199,858,muril,tam
53,30,197,821,muril,tam
18,10,60,248,muril,tam
31,21,119,524,muril,tam
28,18,109,481,muril,tam
29,14,88,384,muril,tam
43,25,170,707,muril,tam
30,14,96,409,muril,tam
25,14,69,233,muril,tam
37,21,125,534,muril,tam
20,11,69,305,muril,tam
27,13,77,300,muril,tam
16,8,53,234,muril,tam
23,15,80,315,muril,tam
37,22,130,562,muril,tam
22,14,85,362,muril,tam
44,28,154,638,muril,tam
21,14,87,375,muril,tam
31,16,115,483,muril,tam
21,12,83,340,muril,tam
30,17,99,403,muril,tam
31,20,127,552,muril,tam
47,19,147,659,muril,tam
64,30,216,902,muril,tam
29,12,88,393,muril,tam
17,10,76,335,muril,tam
47,23,151,639,muril,tam
28,11,73,328,muril,tam
32,23,118,483,muril,tam
41,18,99,423,muril,tam
37,19,120,525,muril,tam
33,16,99,426,muril,tam
23,12,73,303,muril,tam
14,11,62,272,muril,tam
27,17,107,442,muril,tam
16,12,69,304,muril,tam
16,8,55,239,muril,tam
24,14,85,366,muril,tam
23,12,81,308,muril,tam
43,20,129,510,muril,tam
30,18,104,454,muril,tam
26,17,94,388,muril,tam
35,19,106,485,muril,tam
21,15,89,384,muril,tam
21,15,89,379,muril,tam
19,12,73,327,muril,tam
21,14,80,362,muril,tam
35,19,113,489,muril,tam
19,12,73,309,muril,tam
39,18,114,488,muril,tam
40,23,129,512,muril,tam
39,21,119,513,muril,tam
35,17,104,442,muril,tam
29,17,98,425,muril,tam
37,19,106,463,muril,tam
49,25,151,653,muril,tam
21,14,73,302,muril,tam
23,16,85,371,muril,tam
22,15,79,316,muril,tam
26,19,105,452,muril,tam
25,15,82,359,muril,tam
33,17,102,429,muril,tam
33,20,130,553,muril,tam
42,28,143,594,muril,tam
20,13,73,323,muril,tam
32,19,110,468,muril,tam
27,16,91,364,muril,tam
75,41,254,1047,muril,tam
22,19,104,442,muril,tam
45,26,163,700,muril,tam
30,23,148,616,muril,tam
21,12,73,292,muril,tam
21,14,83,378,muril,tam
24,14,83,330,muril,tam
24,14,86,371,muril,tam
67,36,233,970,muril,tam
16,7,53,230,muril,tam
44,23,128,532,muril,tam
37,22,142,599,muril,tam
22,11,73,303,muril,tam
24,12,78,312,muril,tam
32,17,115,491,muril,tam
18,8,54,230,muril,tam
47,20,135,577,muril,tam
38,17,120,529,muril,tam
34,23,130,564,muril,tam
34,23,147,627,muril,tam
49,31,165,695,muril,tam
27,14,85,309,muril,tam
19,14,67,279,muril,tam
35,21,112,473,muril,tam
26,17,89,356,muril,tam
30,17,97,399,muril,tam
22,14,76,317,muril,tam
16,9,54,220,muril,tam
32,17,97,407,muril,tam
20,13,84,364,muril,tam
45,28,137,501,muril,tam
23,15,90,383,muril,tam
20,13,80,346,muril,tam
19,8,52,239,muril,tam
18,11,68,297,muril,tam
32,17,104,459,muril,tam
36,15,96,421,muril,tam
42,22,123,466,muril,tam
25,17,90,358,muril,tam
21,11,71,314,muril,tam
27,15,84,348,muril,tam
14,8,51,222,muril,tam
24,14,91,412,muril,tam
27,19,118,501,muril,tam
44,30,171,741,muril,tam
24,12,80,351,muril,tam
20,9,61,262,muril,tam
23,15,85,370,muril,tam
29,17,113,497,muril,tam
32,19,121,499,muril,tam
26,16,97,417,muril,tam
19,13,63,250,muril,tam
28,11,74,309,muril,tam
34,20,111,448,muril,tam
34,23,142,630,muril,tam
29,17,114,488,muril,tam
25,17,101,424,muril,tam
36,18,133,592,muril,tam
23,11,76,348,muril,tam
35,24,147,632,muril,tam
30,16,104,456,muril,tam
32,22,131,571,muril,tam
18,14,98,441,muril,tam
22,15,78,324,muril,tam
36,21,139,579,muril,tam
25,17,105,444,muril,tam
35,15,100,409,muril,tam
35,19,133,575,muril,tam
31,17,108,422,muril,tam
16,9,63,263,muril,tam
29,17,105,436,muril,tam
19,11,68,300,muril,tam
16,11,68,279,muril,tam
22,12,62,259,muril,tam
19,12,67,277,muril,tam
38,27,139,552,muril,tam
17,9,52,215,muril,tam
25,19,95,382,muril,tam
14,11,47,177,muril,tam
20,12,65,275,muril,tam
24,13,71,257,muril,tam
37,21,122,536,muril,tam
28,17,102,433,muril,tam
22,18,80,316,muril,tam
15,11,68,284,muril,tam
21,16,93,418,muril,tam
12,7,42,181,muril,tam
39,28,171,739,muril,tam
30,18,106,462,muril,tam
40,23,117,474,muril,tam
25,18,98,373,muril,tam
19,14,87,355,muril,tam
18,10,67,280,muril,tam
27,12,77,328,muril,tam
30,18,92,389,muril,tam
16,11,58,237,muril,tam
21,13,86,377,muril,tam
24,12,75,331,muril,tam
16,12,61,262,muril,tam
27,16,97,424,muril,tam
26,17,82,338,muril,tam
23,13,70,291,muril,tam
19,12,73,316,muril,tam
27,13,73,291,muril,tam
22,13,80,341,muril,tam
23,15,92,380,muril,tam
19,13,80,341,muril,tam
29,19,115,484,muril,tam
36,23,136,572,muril,tam
27,14,82,360,muril,tam
46,22,140,531,muril,tam
40,20,130,566,muril,tam
35,26,137,587,muril,tam
14,9,48,217,muril,tam
14,10,65,289,muril,tam
15,12,68,277,muril,tam
18,12,81,363,muril,tam
34,24,142,611,muril,tam
27,16,81,303,muril,tam
33,19,111,444,muril,tam
32,19,129,581,muril,tam
20,14,93,413,muril,tam
30,20,109,480,muril,tam
30,17,112,487,muril,tam
23,14,90,366,muril,tam
28,18,110,467,muril,tam
13,9,53,237,muril,tam
27,18,108,456,muril,tam
21,15,90,380,muril,tam
21,13,93,398,muril,tam
36,24,133,552,muril,tam
14,11,64,257,muril,tam
32,20,130,573,muril,tam
23,13,85,365,muril,tam
28,21,127,551,muril,tam
29,21,114,472,muril,tam
44,23,152,665,muril,tam
27,19,116,526,muril,tam
52,26,167,686,muril,tam
34,22,148,648,muril,tam
22,16,98,419,muril,tam
59,24,166,663,muril,tam
20,16,94,421,muril,tam
60,27,180,717,muril,tam
32,21,110,463,muril,tam
23,13,76,338,muril,tam
28,13,87,375,muril,tam
25,18,92,370,muril,tam
19,12,86,373,muril,tam
13,9,59,264,muril,tam
22,9,64,269,muril,tam
25,16,98,401,muril,tam
24,11,63,273,muril,tam
29,18,109,489,muril,tam
15,9,55,252,muril,tam
24,12,85,370,muril,tam
13,10,56,241,muril,tam
30,19,110,480,muril,tam
34,18,104,425,muril,tam
50,21,131,545,muril,tam
28,15,88,372,muril,tam
37,19,110,475,muril,tam
24,11,62,258,muril,tam
55,25,152,666,muril,tam
18,13,68,295,muril,tam
31,16,93,391,muril,tam
25,16,100,456,muril,tam
30,15,86,358,muril,tam
38,17,98,409,muril,tam
28,12,87,344,muril,tam
36,20,107,440,muril,tam
24,14,91,351,muril,tam
22,13,76,315,muril,tam
22,14,83,355,muril,tam
42,22,130,571,muril,tam
27,17,95,364,muril,tam
22,12,88,362,muril,tam
16,12,69,296,muril,tam
32,21,124,558,muril,tam
25,16,93,407,muril,tam
32,16,104,472,muril,tam
19,10,60,287,muril,tam
22,12,79,347,muril,tam
38,22,145,625,muril,tam
25,17,94,367,muril,tam
26,17,110,459,muril,tam
26,22,110,455,muril,tam
22,14,79,295,muril,tam
37,20,120,450,muril,tam
47,28,172,731,muril,tam
24,11,78,354,muril,tam
16,10,62,250,muril,tam
32,18,95,350,muril,tam
50,22,119,521,muril,tam
22,16,80,284,muril,tam
34,19,114,436,muril,tam
27,14,83,345,muril,tam
32,19,116,521,muril,tam
32,18,104,458,muril,tam
36,19,114,500,muril,tam
15,9,53,238,muril,tam
24,13,83,354,muril,tam
19,12,62,270,muril,tam
20,12,64,280,muril,tam
10,9,46,189,muril,tam
28,15,87,397,muril,tam
30,15,95,380,muril,tam
19,13,71,302,muril,tam
22,16,108,487,muril,tam
30,20,118,516,muril,tam
30,14,95,438,muril,tam
26,13,76,341,muril,tam
19,14,67,265,muril,tam
44,26,134,577,muril,tam
19,15,77,310,muril,tam
29,16,107,484,muril,tam
40,20,150,639,muril,tam
28,15,83,352,muril,tam
41,21,138,571,muril,tam
39,22,130,544,muril,tam
25,16,79,293,muril,tam
16,9,56,201,muril,tam
32,21,122,496,muril,tam
26,16,89,363,muril,tam
29,19,95,390,muril,tam
21,14,83,339,muril,tam
25,18,95,395,muril,tam
29,16,94,403,muril,tam
32,16,91,400,muril,tam
20,13,75,316,muril,tam
38,20,109,424,muril,tam
18,11,65,276,muril,tam
25,16,93,396,muril,tam
65,21,130,539,muril,tam
25,12,72,305,muril,tam
18,13,79,329,muril,tam
23,13,88,385,muril,tam
29,22,121,487,muril,tam
30,16,97,418,muril,tam
31,17,99,404,muril,tam
31,18,103,452,muril,tam
34,20,124,534,muril,tam
36,23,126,526,muril,tam
33,19,107,437,muril,tam
20,13,73,307,muril,tam
35,21,125,555,muril,tam
20,15,86,382,muril,tam
18,11,63,282,muril,tam
18,10,57,256,muril,tam
37,18,119,535,muril,tam
43,18,136,601,muril,tam
41,23,149,643,muril,tam
26,17,105,442,muril,tam
36,18,128,547,muril,tam
31,20,108,438,muril,tam
25,18,90,382,muril,tam
23,11,65,291,muril,tam
26,18,87,372,muril,tam
22,15,87,377,muril,tam
22,12,76,322,muril,tam
29,15,102,437,muril,tam
27,17,92,393,muril,tam
26,14,94,421,muril,tam
35,24,119,459,muril,tam
24,16,83,322,muril,tam
19,15,82,328,muril,tam
32,16,100,423,muril,tam
33,19,116,502,muril,tam
41,20,117,448,muril,tam
33,20,104,418,muril,tam
31,22,119,516,muril,tam
28,15,89,374,muril,tam
15,11,61,254,muril,tam
15,13,70,284,muril,tam
36,25,136,597,muril,tam
14,10,60,265,muril,tam
33,16,107,471,muril,tam
21,16,92,391,muril,tam
25,13,86,376,muril,tam
24,16,96,412,muril,tam
46,21,139,618,muril,tam
30,19,111,480,muril,tam
45,32,169,647,muril,tam
27,18,97,410,muril,tam
40,22,133,579,muril,tam
30,13,82,369,muril,tam
42,23,134,560,muril,tam
42,16,110,504,muril,tam
18,13,72,302,muril,tam
22,9,61,215,muril,tam
34,21,141,624,muril,tam
34,21,111,437,muril,tam
25,17,95,415,muril,tam
54,31,189,792,muril,tam
20,12,68,294,muril,tam
28,15,105,461,muril,tam
46,24,138,622,muril,tam
19,11,61,259,muril,tam
40,24,130,547,muril,tam
36,21,117,515,muril,tam
45,19,128,564,muril,tam
47,25,156,716,muril,tam
39,19,121,494,muril,tam
25,15,82,325,muril,tam
41,20,134,582,muril,tam
29,13,88,387,muril,tam
45,25,152,651,muril,tam
14,7,39,184,muril,tam
32,19,103,438,muril,tam
33,25,134,570,muril,tam
16,10,58,242,muril,tam
26,18,99,421,muril,tam
46,21,127,551,muril,tam
28,19,123,497,muril,tam
20,15,84,355,muril,tam
24,16,91,381,muril,tam
31,18,111,493,muril,tam
45,24,148,638,muril,tam
29,15,84,305,muril,tam
45,25,156,627,muril,tam
25,17,98,405,muril,tam
28,15,97,409,muril,tam
20,14,93,402,muril,tam
12,9,53,226,muril,tam
25,16,105,444,muril,tam
33,24,131,554,muril,tam
23,18,99,425,muril,tam
49,26,151,644,muril,tam
28,16,92,387,muril,tam
30,18,118,517,muril,tam
21,13,71,311,muril,tam
19,12,72,307,muril,tam
22,12,77,338,muril,tam
30,20,101,403,muril,tam
28,16,95,409,muril,tam
27,18,106,466,muril,tam
30,17,110,465,muril,tam
11,9,63,273,muril,tam
17,12,69,279,muril,tam
31,16,96,422,muril,tam
26,16,89,361,muril,tam
27,19,101,426,muril,tam
27,14,85,372,muril,tam
21,10,66,293,muril,tam
35,19,125,558,muril,tam
32,18,101,434,muril,tam
20,12,86,378,muril,tam
34,20,126,582,muril,tam
31,16,108,509,muril,tam
17,11,70,321,muril,tam
19,13,73,308,muril,tam
21,12,69,302,muril,tam
24,18,96,403,muril,tam
20,8,54,237,muril,tam
13,6,49,231,muril,tam
35,20,125,498,muril,tam
36,17,102,450,muril,tam
27,15,88,385,muril,tam
24,9,61,272,muril,tam
35,18,108,444,muril,tam
30,15,84,331,muril,tam
20,13,75,327,muril,tam
33,18,113,525,muril,tam
25,14,86,372,muril,tam
19,13,75,314,muril,tam
23,12,81,353,muril,tam
23,15,95,408,muril,tam
25,16,91,389,muril,tam
11,8,45,188,muril,tam
27,16,98,389,muril,tam
11,4,35,151,muril,tam
28,19,108,435,muril,tam
19,12,58,236,muril,tam
38,20,109,455,muril,tam
29,14,102,460,muril,tam
21,17,97,408,muril,tam
19,10,60,268,muril,tam
35,22,131,559,muril,tam
49,25,166,714,muril,tam
29,19,103,429,muril,tam
30,26,139,580,muril,tam
33,20,122,496,muril,tam
25,17,102,418,muril,tam
29,18,101,424,muril,tam
39,20,127,535,muril,tam
38,23,129,523,muril,tam
37,21,126,541,muril,tam
29,17,94,399,muril,tam
31,20,123,522,muril,tam
24,11,67,292,muril,tam
14,8,39,152,muril,tam
52,24,162,684,muril,tam
22,14,93,422,muril,tam
15,7,37,157,muril,tam
31,21,124,524,muril,tam
28,16,99,401,muril,tam
59,33,202,831,muril,tam
20,12,74,321,muril,tam
17,9,58,244,muril,tam
13,8,42,179,muril,tam
38,19,121,515,muril,tam
20,10,53,230,muril,tam
27,16,87,357,muril,tam
32,25,152,662,muril,tam
30,18,122,508,muril,tam
35,16,101,439,muril,tam
20,11,67,290,muril,tam
40,19,116,526,muril,tam
23,14,97,424,muril,tam
14,10,68,293,muril,tam
38,22,146,623,muril,tam
23,7,61,275,muril,tam
59,24,152,605,muril,tam
14,9,56,249,muril,tam
41,23,126,527,muril,tam
26,18,104,425,muril,tam
15,11,60,242,muril,tam
34,18,104,425,muril,tam
29,15,84,361,muril,tam
45,24,161,708,muril,tam
16,8,44,189,muril,tam
42,27,155,651,muril,tam
39,20,126,527,muril,tam
43,23,116,478,muril,tam
28,13,80,339,muril,tam
20,12,69,303,muril,tam
36,18,118,519,muril,tam
22,13,95,415,muril,tam
24,15,86,355,muril,tam
31,17,89,368,muril,tam
10,9,55,231,muril,tam
28,15,93,391,muril,tam
18,11,67,303,muril,tam
23,18,97,415,muril,tam
27,14,97,406,muril,tam
36,25,146,591,muril,tam
19,12,80,335,muril,tam
24,13,71,308,muril,tam
16,9,48,213,muril,tam
30,17,123,524,muril,tam
26,13,82,329,muril,tam
25,12,81,340,muril,tam
22,16,98,435,muril,tam
41,23,139,562,muril,tam
29,16,92,388,muril,tam
20,11,63,293,muril,tam
13,9,53,237,muril,tam
38,21,125,532,muril,tam
14,8,50,215,muril,tam
20,12,71,316,muril,tam
28,16,115,497,muril,tam
16,10,59,250,muril,tam
27,16,106,441,muril,tam
40,20,139,607,muril,tam
17,10,58,251,muril,tam
26,14,85,377,muril,tam
29,14,86,346,muril,tam
34,19,109,482,muril,tam
33,18,92,379,muril,tam
20,13,80,350,muril,tam
19,10,64,273,muril,tam
23,18,91,374,muril,tam
19,10,66,287,muril,tam
32,17,119,543,muril,tam
47,17,85,308,muril,tel
62,28,130,651,muril,tel
45,26,119,509,muril,tel
64,32,152,702,muril,tel
50,26,112,477,muril,tel
35,18,70,306,muril,tel
11,7,28,114,muril,tel
36,18,82,380,muril,tel
16,8,46,148,muril,tel
22,11,44,221,muril,tel
38,20,99,484,muril,tel
50,23,103,487,muril,tel
37,17,86,427,muril,tel
46,21,104,551,muril,tel
53,29,125,580,muril,tel
47,21,112,546,muril,tel
59,26,127,578,muril,tel
37,17,72,287,muril,tel
41,22,108,425,muril,tel
68,39,175,704,muril,tel
23,13,51,268,muril,tel
16,10,44,214,muril,tel
58,24,111,554,muril,tel
58,28,121,539,muril,tel
30,19,87,448,muril,tel
24,13,54,248,muril,tel
35,18,92,404,muril,tel
46,24,114,545,muril,tel
30,18,67,319,muril,tel
20,10,48,222,muril,tel
51,32,136,600,muril,tel
51,32,141,640,muril,tel
25,19,74,319,muril,tel
41,23,89,417,muril,tel
18,10,47,226,muril,tel
22,10,52,213,muril,tel
46,23,101,469,muril,tel
29,13,67,323,muril,tel
26,13,54,290,muril,tel
15,8,34,173,muril,tel
30,20,84,422,muril,tel
33,9,48,213,muril,tel
32,14,73,250,muril,tel
23,10,54,194,muril,tel
21,12,50,238,muril,tel
44,17,85,399,muril,tel
41,19,89,405,muril,tel
18,13,55,227,muril,tel
36,14,71,338,muril,tel
36,16,77,314,muril,tel
20,11,43,184,muril,tel
42,22,95,397,muril,tel
28,17,84,318,muril,tel
35,21,84,432,muril,tel
57,28,129,601,muril,tel
54,27,108,558,muril,tel
52,27,119,605,muril,tel
46,24,106,492,muril,tel
27,13,65,317,muril,tel
18,10,46,227,muril,tel
31,13,66,276,muril,tel
23,16,66,301,muril,tel
27,17,73,338,muril,tel
39,23,112,522,muril,tel
36,20,93,434,muril,tel
36,17,67,302,muril,tel
30,14,57,300,muril,tel
23,16,69,332,muril,tel
25,15,72,247,muril,tel
33,20,75,357,muril,tel
21,14,61,299,muril,tel
55,32,135,620,muril,tel
50,21,114,497,muril,tel
38,25,133,579,muril,tel
33,20,101,401,muril,tel
43,18,83,421,muril,tel
48,22,104,505,muril,tel
24,10,58,289,muril,tel
18,8,41,115,muril,tel
47,20,89,443,muril,tel
24,14,67,293,muril,tel
23,13,55,255,muril,tel
30,16,80,283,muril,tel
38,20,87,389,muril,tel
16,8,33,149,muril,tel
40,13,61,328,muril,tel
58,30,148,539,muril,tel
37,21,95,460,muril,tel
28,15,70,343,muril,tel
31,17,68,344,muril,tel
31,11,61,307,muril,tel
26,14,65,350,muril,tel
35,22,84,385,muril,tel
14,8,35,182,muril,tel
36,16,81,402,muril,tel
26,14,56,267,muril,tel
29,13,61,307,muril,tel
31,14,65,268,muril,tel
36,18,82,327,muril,tel
34,16,79,357,muril,tel
24,13,54,249,muril,tel
38,21,101,422,muril,tel
41,23,97,411,muril,tel
14,9,44,225,muril,tel
25,12,49,253,muril,tel
27,13,53,301,muril,tel
13,7,33,181,muril,tel
43,24,124,475,muril,tel
50,22,116,481,muril,tel
25,12,49,225,muril,tel
27,11,53,245,muril,tel
13,9,35,156,muril,tel
15,9,38,186,muril,tel
22,10,42,209,muril,tel
53,26,113,552,muril,tel
37,21,87,436,muril,tel
32,21,99,499,muril,tel
33,18,77,371,muril,tel
16,10,41,161,muril,tel
48,25,121,543,muril,tel
50,22,125,338,muril,tel
35,23,99,401,muril,tel
24,10,54,257,muril,tel
17,11,39,178,muril,tel
22,13,50,221,muril,tel
51,19,102,477,muril,tel
9,8,32,152,muril,tel
42,18,100,479,muril,tel
28,13,68,325,muril,tel
28,18,81,341,muril,tel
25,12,65,287,muril,tel
43,24,100,465,muril,tel
37,18,89,402,muril,tel
24,11,53,285,muril,tel
24,11,50,175,muril,tel
30,12,58,301,muril,tel
17,10,46,186,muril,tel
30,10,50,223,muril,tel
29,13,63,271,muril,tel
27,13,57,257,muril,tel
33,18,90,442,muril,tel
46,19,86,372,muril,tel
28,13,66,338,muril,tel
29,13,55,287,muril,tel
33,12,53,214,muril,tel
34,16,71,351,muril,tel
26,13,67,343,muril,tel
33,17,72,362,muril,tel
21,14,61,288,muril,tel
29,14,65,314,muril,tel
35,17,67,355,muril,tel
46,20,115,362,muril,tel
43,22,94,404,muril,tel
28,16,64,304,muril,tel
29,14,78,336,muril,tel
41,18,78,385,muril,tel
43,26,103,519,muril,tel
19,11,56,273,muril,tel
42,21,92,349,muril,tel
24,11,49,263,muril,tel
30,12,58,208,muril,tel
89,44,202,969,muril,tel
44,22,96,446,muril,tel
31,16,65,313,muril,tel
16,7,29,181,muril,tel
56,29,141,623,muril,tel
32,18,87,467,muril,tel
34,20,89,334,muril,tel
41,25,112,507,muril,tel
36,18,74,299,muril,tel
24,16,69,343,muril,tel
19,9,44,209,muril,tel
20,12,52,198,muril,tel
23,14,55,273,muril,tel
46,15,89,351,muril,tel
23,11,53,263,muril,tel
44,17,79,451,muril,tel
36,18,79,272,muril,tel
20,10,47,144,muril,tel
19,11,41,210,muril,tel
32,14,64,375,muril,tel
26,9,45,197,muril,tel
30,17,75,350,muril,tel
31,18,89,382,muril,tel
45,21,92,452,muril,tel
34,18,76,334,muril,tel
16,5,38,99,muril,tel
37,10,73,225,muril,tel
55,14,81,312,muril,tel
58,21,105,457,muril,tel
36,12,61,321,muril,tel
38,21,84,389,muril,tel
37,17,103,345,muril,tel
63,34,144,627,muril,tel
28,13,55,276,muril,tel
25,11,59,272,muril,tel
50,24,119,518,muril,tel
71,37,155,802,muril,tel
28,12,60,295,muril,tel
30,14,67,301,muril,tel
50,22,91,494,muril,tel
48,22,99,483,muril,tel
49,19,90,472,muril,tel
60,29,125,619,muril,tel
30,17,75,327,muril,tel
48,23,110,438,muril,tel
23,12,50,206,muril,tel
45,22,121,397,muril,tel
37,14,62,329,muril,tel
25,9,46,261,muril,tel
26,13,55,266,muril,tel
37,20,87,423,muril,tel
20,9,39,195,muril,tel
21,13,50,213,muril,tel
35,17,83,363,muril,tel
30,19,91,431,muril,tel
22,11,45,224,muril,tel
34,14,72,391,muril,tel
41,17,72,376,muril,tel
38,16,73,344,muril,tel
14,9,37,183,muril,tel
20,13,50,226,muril,tel
32,18,78,353,muril,tel
32,18,65,280,muril,tel
16,8,36,167,muril,tel
18,11,44,223,muril,tel
26,17,81,329,muril,tel
28,12,54,267,muril,tel
34,17,69,290,muril,tel
18,11,45,194,muril,tel
19,9,45,180,muril,tel
19,12,50,247,muril,tel
37,20,86,410,muril,tel
15,6,29,136,muril,tel
42,18,79,345,muril,tel
26,14,53,237,muril,tel
52,23,90,462,muril,tel
42,17,83,407,muril,tel
30,14,67,351,muril,tel
24,10,48,246,muril,tel
50,21,88,414,muril,tel
37,17,75,351,muril,tel
27,16,66,313,muril,tel
27,10,46,203,muril,tel
35,18,69,324,muril,tel
17,8,35,147,muril,tel
35,16,70,284,muril,tel
79,41,182,793,muril,tel
50,22,104,452,muril,tel
30,15,61,312,muril,tel
41,21,86,415,muril,tel
18,14,56,241,muril,tel
34,17,77,424,muril,tel
10,7,29,125,muril,tel
18,10,40,168,muril,tel
38,22,94,432,muril,tel
36,15,72,342,muril,tel
32,14,75,371,muril,tel
28,12,58,274,muril,tel
42,14,68,335,muril,tel
23,17,67,321,muril,tel
29,16,64,311,muril,tel
9,7,25,119,muril,tel
29,12,54,275,muril,tel
38,16,71,388,muril,tel
57,25,115,479,muril,tel
37,17,73,369,muril,tel
38,22,86,407,muril,tel
30,13,52,277,muril,tel
39,13,57,261,muril,tel
43,14,65,330,muril,tel
55,23,98,482,muril,tel
18,10,46,212,muril,tel
21,10,55,248,muril,tel
35,22,91,367,muril,tel
85,42,181,765,muril,tel
49,24,100,488,muril,tel
17,11,48,243,muril,tel
49,24,106,508,muril,tel
38,14,55,255,muril,tel
24,10,51,247,muril,tel
19,8,40,214,muril,tel
10,6,23,103,muril,tel
25,15,64,315,muril,tel
17,9,36,189,muril,tel
18,8,36,190,muril,tel
26,11,46,212,muril,tel
34,18,77,382,muril,tel
43,20,87,433,muril,tel
41,17,109,389,muril,tel
37,16,71,350,muril,tel
34,15,74,364,muril,tel
26,15,67,285,muril,tel
51,21,109,519,muril,tel
45,17,85,438,muril,tel
46,20,99,495,muril,tel
44,26,107,481,muril,tel
34,14,63,305,muril,tel
17,10,47,148,muril,tel
37,18,82,396,muril,tel
26,12,63,251,muril,tel
24,11,55,259,muril,tel
38,18,76,331,muril,tel
25,15,75,302,muril,tel
41,17,89,340,muril,tel
26,8,52,232,muril,tel
25,12,62,176,muril,tel
23,12,51,273,muril,tel
20,9,40,192,muril,tel
35,15,64,324,muril,tel
23,7,31,145,muril,tel
20,11,51,249,muril,tel
21,12,53,210,muril,tel
32,17,73,334,muril,tel
17,8,37,206,muril,tel
27,13,60,281,muril,tel
24,12,56,286,muril,tel
38,14,70,348,muril,tel
31,15,68,333,muril,tel
17,7,29,148,muril,tel
56,24,106,497,muril,tel
64,22,113,494,muril,tel
32,19,82,327,muril,tel
48,24,109,535,muril,tel
34,18,77,364,muril,tel
42,22,97,468,muril,tel
48,27,113,478,muril,tel
25,10,58,253,muril,tel
26,22,117,438,muril,tel
25,18,77,363,muril,tel
33,17,83,393,muril,tel
38,17,76,414,muril,tel
29,20,77,332,muril,tel
22,9,43,189,muril,tel
13,8,37,153,muril,tel
48,26,101,503,muril,tel
52,25,133,689,muril,tel
34,19,83,406,muril,tel
27,15,69,321,muril,tel
30,15,63,315,muril,tel
90,43,193,968,muril,tel
23,10,46,215,muril,tel
40,16,71,340,muril,tel
60,27,134,605,muril,tel
26,14,57,257,muril,tel
28,13,50,225,muril,tel
23,14,59,261,muril,tel
33,15,71,349,muril,tel
25,12,50,215,muril,tel
32,19,74,329,muril,tel
36,16,75,349,muril,tel
33,13,64,301,muril,tel
43,24,111,527,muril,tel
19,13,53,245,muril,tel
23,13,59,299,muril,tel
31,16,85,456,muril,tel
21,14,59,275,muril,tel
27,16,69,314,muril,tel
19,10,44,182,muril,tel
30,17,59,281,muril,tel
39,20,83,376,muril,tel
18,12,50,229,muril,tel
24,11,45,237,muril,tel
33,15,58,242,muril,tel
27,16,74,335,muril,tel
50,27,105,490,muril,tel
37,20,82,352,muril,tel
41,14,64,295,muril,tel
28,14,52,244,muril,tel
50,21,104,471,muril,tel
30,15,75,345,muril,tel
40,24,102,445,muril,tel
55,36,147,659,muril,tel
40,27,116,520,muril,tel
20,12,51,205,muril,tel
27,18,86,410,muril,tel
28,17,74,326,muril,tel
41,21,91,429,muril,tel
33,16,80,372,muril,tel
20,11,62,276,muril,tel
41,22,89,423,muril,tel
32,14,73,240,muril,tel
41,25,107,463,muril,tel
44,26,104,442,muril,tel
27,16,61,239,muril,tel
50,26,112,494,muril,tel
30,15,69,324,muril,tel
21,14,67,291,muril,tel
38,21,89,382,muril,tel
23,15,72,295,muril,tel
28,13,66,311,muril,tel
27,16,71,323,muril,tel
28,12,59,306,muril,tel
10,7,28,136,muril,tel
16,8,35,177,muril,tel
14,7,34,139,muril,tel
23,14,59,292,muril,tel
17,10,46,161,muril,tel
54,32,129,646,muril,tel
17,10,48,233,muril,tel
36,18,84,412,muril,tel
25,14,62,297,muril,tel
18,13,44,172,muril,tel
47,18,91,390,muril,tel
46,26,114,456,muril,tel
15,7,33,146,muril,tel
33,15,59,321,muril,tel
43,17,93,361,muril,tel
40,14,75,278,muril,tel
24,16,65,342,muril,tel
25,16,70,275,muril,tel
51,28,122,547,muril,tel
31,17,87,453,muril,tel
28,13,72,320,muril,tel
31,18,81,383,muril,tel
31,15,72,345,muril,tel
16,11,44,216,muril,tel
28,15,70,340,muril,tel
29,23,96,393,muril,tel
47,18,83,386,muril,tel
25,15,70,352,muril,tel
29,14,63,275,muril,tel
44,14,78,293,muril,tel
24,15,60,281,muril,tel
46,28,126,593,muril,tel
44,23,102,451,muril,tel
60,25,130,540,muril,tel
27,18,95,186,muril,tel
29,13,63,310,muril,tel
24,11,52,243,muril,tel
31,18,78,336,muril,tel
28,18,75,379,muril,tel
19,9,44,149,muril,tel
31,16,67,321,muril,tel
27,15,68,297,muril,tel
39,17,77,354,muril,tel
33,17,80,367,muril,tel
17,12,64,237,muril,tel
20,13,60,287,muril,tel
14,11,46,230,muril,tel
30,16,78,381,muril,tel
31,20,83,430,muril,tel
12,7,43,211,muril,tel
57,25,128,586,muril,tel
32,17,81,398,muril,tel
36,14,67,330,muril,tel
21,13,57,229,muril,tel
27,16,75,363,muril,tel
23,12,61,317,muril,tel
37,21,86,373,muril,tel
35,23,90,399,muril,tel
39,25,110,509,muril,tel
21,12,52,237,muril,tel
34,19,84,387,muril,tel
46,26,117,574,muril,tel
26,17,80,392,muril,tel
24,16,66,292,muril,tel
22,13,53,244,muril,tel
54,25,119,486,muril,tel
18,12,51,253,muril,tel
21,15,61,283,muril,tel
33,19,80,349,muril,tel
39,25,109,484,muril,tel
13,9,43,121,muril,tel
33,16,74,359,muril,tel
64,26,115,524,muril,tel
42,18,85,410,muril,tel
35,18,79,344,muril,tel
37,27,94,417,muril,tel
43,21,86,424,muril,tel
44,23,95,464,muril,tel
62,33,148,638,muril,tel
34,17,70,345,muril,tel
26,13,51,220,muril,tel
32,15,67,289,muril,tel
20,11,60,213,muril,tel
40,23,95,499,muril,tel
28,16,76,312,muril,tel
22,11,52,276,muril,tel
32,19,87,320,muril,tel
23,16,66,283,muril,tel
53,33,139,646,muril,tel
57,30,151,733,muril,tel
15,10,49,226,muril,tel
34,19,86,459,muril,tel
42,22,104,455,muril,tel
40,14,61,299,muril,tel
59,29,139,650,muril,tel
36,13,74,383,muril,tel
26,17,71,294,muril,tel
32,25,104,450,muril,tel
25,12,49,246,muril,tel
17,13,52,185,muril,tel
16,7,35,202,muril,tel
27,14,64,276,muril,tel
37,27,132,609,muril,tel
23,15,75,343,muril,tel
37,22,101,469,muril,tel
24,15,70,345,muril,tel
32,20,84,405,muril,tel
27,13,57,269,muril,tel
31,14,74,324,muril,tel
38,18,78,350,muril,tel
79,29,162,786,muril,tel
77,35,170,846,muril,tel
25,12,59,291,muril,tel
20,11,57,267,muril,tel
47,22,108,530,muril,tel
37,18,83,397,muril,tel
45,25,108,539,muril,tel
48,25,126,440,muril,tel
46,20,104,546,muril,tel
29,15,63,284,muril,tel
25,13,54,244,muril,tel
14,10,45,193,muril,tel
29,15,72,344,muril,tel
17,10,40,199,muril,tel
14,8,40,186,muril,tel
15,11,49,242,muril,tel
40,13,81,310,muril,tel
48,19,102,464,muril,tel
38,17,82,407,muril,tel
30,13,59,302,muril,tel
54,24,101,489,muril,tel
27,15,69,339,muril,tel
29,12,61,287,muril,tel
36,13,58,314,muril,tel
30,13,62,301,muril,tel
38,19,85,378,muril,tel
29,13,70,260,muril,tel
34,18,79,359,muril,tel
46,21,98,447,muril,tel
48,21,99,433,muril,tel
33,17,75,352,muril,tel
32,16,76,406,muril,tel
39,24,100,467,muril,tel
40,20,89,363,muril,tel
24,15,62,291,muril,tel
28,20,78,387,muril,tel
27,14,60,300,muril,tel
31,18,76,350,muril,tel
32,14,64,313,muril,tel
41,15,70,346,muril,tel
44,19,95,486,muril,tel
41,24,113,514,muril,tel
30,14,63,336,muril,tel
37,20,105,492,muril,tel
32,17,83,368,muril,tel
89,42,199,943,muril,tel
32,17,89,391,muril,tel
45,26,114,521,muril,tel
39,22,115,551,muril,tel
26,13,62,293,muril,tel
31,16,71,330,muril,tel
23,14,67,317,muril,tel
27,13,63,314,muril,tel
59,30,132,592,muril,tel
12,6,27,149,muril,tel
38,23,100,471,muril,tel
39,19,88,432,muril,tel
21,13,55,248,muril,tel
22,13,59,265,muril,tel
40,22,95,410,muril,tel
19,7,36,178,muril,tel
49,20,122,439,muril,tel
37,20,101,490,muril,tel
49,20,93,459,muril,tel
37,20,91,412,muril,tel
54,30,125,638,muril,tel
37,12,75,205,muril,tel
35,16,73,377,muril,tel
33,20,84,368,muril,tel
35,18,72,315,muril,tel
25,14,73,343,muril,tel
22,10,45,194,muril,tel
13,10,41,199,muril,tel
35,16,64,286,muril,tel
21,15,67,321,muril,tel
43,24,99,436,muril,tel
38,18,86,395,muril,tel
27,15,70,298,muril,tel
14,10,37,154,muril,tel
22,12,51,225,muril,tel
30,16,70,311,muril,tel
51,24,107,523,muril,tel
42,21,99,448,muril,tel
33,15,65,292,muril,tel
17,11,48,220,muril,tel
33,15,56,283,muril,tel
12,9,36,168,muril,tel
25,14,70,355,muril,tel
34,20,86,453,muril,tel
46,23,124,558,muril,tel
24,12,55,303,muril,tel
23,10,48,253,muril,tel
23,11,48,265,muril,tel
31,18,85,390,muril,tel
44,19,94,437,muril,tel
30,14,63,312,muril,tel
21,13,59,202,muril,tel
25,12,64,247,muril,tel
39,22,81,386,muril,tel
55,26,120,562,muril,tel
40,14,74,338,muril,tel
35,16,78,392,muril,tel
34,19,98,440,muril,tel
26,10,50,233,muril,tel
28,16,65,290,muril,tel
33,17,73,368,muril,tel
34,21,99,486,muril,tel
28,17,75,378,muril,tel
20,15,64,312,muril,tel
46,21,104,495,muril,tel
34,25,98,478,muril,tel
32,14,65,320,muril,tel
36,17,87,450,muril,tel
33,18,80,343,muril,tel
22,12,53,231,muril,tel
44,19,102,474,muril,tel
21,11,48,221,muril,tel
21,11,56,284,muril,tel
24,10,41,173,muril,tel
23,11,47,260,muril,tel
34,24,101,482,muril,tel
19,8,43,208,muril,tel
26,17,70,302,muril,tel
13,9,36,163,muril,tel
20,13,49,216,muril,tel
27,14,60,228,muril,tel
42,17,82,404,muril,tel
31,18,79,373,muril,tel
20,17,64,267,muril,tel
17,10,48,217,muril,tel
23,18,81,364,muril,tel
9,6,26,117,muril,tel
40,27,118,516,muril,tel
43,21,97,465,muril,tel
48,26,113,519,muril,tel
28,14,65,318,muril,tel
22,12,54,255,muril,tel
22,11,46,210,muril,tel
26,16,68,314,muril,tel
25,11,49,231,muril,tel
13,9,37,178,muril,tel
18,10,47,225,muril,tel
28,12,55,307,muril,tel
18,9,41,204,muril,tel
29,15,64,346,muril,tel
29,18,69,331,muril,tel
29,16,64,324,muril,tel
24,12,47,233,muril,tel
23,15,60,239,muril,tel
17,9,33,162,muril,tel
24,15,60,277,muril,tel
32,15,71,363,muril,tel
33,14,76,389,muril,tel
38,26,107,539,muril,tel
27,16,71,282,muril,tel
54,24,122,574,muril,tel
43,21,107,490,muril,tel
40,22,90,453,muril,tel
17,9,38,184,muril,tel
19,10,46,205,muril,tel
25,14,54,267,muril,tel
26,11,48,242,muril,tel
47,26,111,537,muril,tel
50,18,90,273,muril,tel
38,14,67,336,muril,tel
44,21,101,466,muril,tel
39,19,89,425,muril,tel
38,16,84,411,muril,tel
36,15,74,376,muril,tel
27,12,65,300,muril,tel
42,19,94,492,muril,tel
18,11,51,248,muril,tel
46,25,113,502,muril,tel
29,16,75,362,muril,tel
27,19,95,403,muril,tel
48,26,111,504,muril,tel
22,13,64,270,muril,tel
33,17,85,381,muril,tel
25,13,63,311,muril,tel
35,20,100,496,muril,tel
37,19,90,431,muril,tel
48,20,96,524,muril,tel
43,20,86,428,muril,tel
58,30,149,744,muril,tel
50,23,107,551,muril,tel
29,16,83,401,muril,tel
67,24,128,583,muril,tel
32,14,69,375,muril,tel
92,34,192,917,muril,tel
43,20,94,438,muril,tel
32,16,70,332,muril,tel
23,13,55,271,muril,tel
19,15,63,283,muril,tel
29,14,66,295,muril,tel
11,9,36,201,muril,tel
24,10,50,221,muril,tel
30,20,74,356,muril,tel
26,14,59,294,muril,tel
34,17,84,413,muril,tel
18,12,52,259,muril,tel
21,14,60,300,muril,tel
19,8,39,164,muril,tel
43,18,94,417,muril,tel
46,18,86,386,muril,tel
47,18,91,448,muril,tel
35,19,78,359,muril,tel
46,17,78,402,muril,tel
18,10,54,209,muril,tel
45,20,92,442,muril,tel
19,13,55,206,muril,tel
33,17,72,352,muril,tel
45,19,91,443,muril,tel
38,15,66,343,muril,tel
45,17,77,354,muril,tel
45,12,69,256,muril,tel
23,16,66,303,muril,tel
21,15,63,272,muril,tel
20,15,64,208,muril,tel
24,17,74,319,muril,tel
39,19,85,394,muril,tel
32,16,79,345,muril,tel
29,13,77,326,muril,tel
19,14,56,261,muril,tel
27,18,76,381,muril,tel
18,16,59,292,muril,tel
38,20,78,377,muril,tel
25,15,58,265,muril,tel
27,18,69,327,muril,tel
33,21,94,440,muril,tel
39,20,85,400,muril,tel
24,15,77,346,muril,tel
35,19,79,332,muril,tel
31,14,65,274,muril,tel
38,21,96,389,muril,tel
54,22,112,457,muril,tel
16,14,57,270,muril,tel
32,17,74,363,muril,tel
36,19,85,339,muril,tel
53,21,100,446,muril,tel
26,21,77,318,muril,tel
31,18,75,321,muril,tel
29,14,61,321,muril,tel
34,17,77,399,muril,tel
41,21,92,412,muril,tel
59,21,105,449,muril,tel
17,6,34,183,muril,tel
33,14,62,298,muril,tel
24,9,45,246,muril,tel
20,10,45,244,muril,tel
19,12,48,225,muril,tel
34,18,69,334,muril,tel
30,13,69,183,muril,tel
25,13,49,274,muril,tel
36,17,71,398,muril,tel
55,24,121,624,muril,tel
38,13,57,317,muril,tel
34,13,65,340,muril,tel
27,13,69,262,muril,tel
42,24,107,530,muril,tel
34,14,67,286,muril,tel
32,16,80,359,muril,tel
37,21,93,392,muril,tel
24,15,67,284,muril,tel
43,22,108,466,muril,tel
46,19,107,469,muril,tel
24,15,60,238,muril,tel
17,11,51,199,muril,tel
44,16,81,382,muril,tel
24,13,59,276,muril,tel
37,20,86,401,muril,tel
28,16,69,303,muril,tel
32,19,88,432,muril,tel
30,17,65,282,muril,tel
38,17,72,390,muril,tel
33,14,63,298,muril,tel
45,23,105,399,muril,tel
21,11,45,252,muril,tel
32,13,62,275,muril,tel
53,22,91,407,muril,tel
24,11,52,252,muril,tel
36,17,78,349,muril,tel
20,11,62,262,muril,tel
31,25,99,423,muril,tel
28,18,74,338,muril,tel
32,17,70,345,muril,tel
23,13,62,319,muril,tel
48,23,89,453,muril,tel
45,22,86,451,muril,tel
46,24,102,432,muril,tel
26,14,57,252,muril,tel
37,22,96,470,muril,tel
27,16,68,323,muril,tel
27,12,59,310,muril,tel
17,10,39,196,muril,tel
43,23,95,448,muril,tel
38,17,82,389,muril,tel
45,23,111,529,muril,tel
39,19,97,467,muril,tel
34,21,96,429,muril,tel
38,19,86,425,muril,tel
32,18,68,343,muril,tel
24,12,53,259,muril,tel
29,15,63,272,muril,tel
23,17,71,334,muril,tel
22,11,54,260,muril,tel
29,17,78,373,muril,tel
32,18,85,399,muril,tel
33,11,57,284,muril,tel
50,21,91,344,muril,tel
25,16,69,321,muril,tel
28,16,62,288,muril,tel
28,18,81,365,muril,tel
30,19,87,390,muril,tel
40,14,71,249,muril,tel
41,20,83,400,muril,tel
33,19,79,384,muril,tel
31,15,73,340,muril,tel
25,12,56,298,muril,tel
19,12,51,259,muril,tel
37,24,104,470,muril,tel
21,10,44,206,muril,tel
42,19,86,480,muril,tel
39,19,89,404,muril,tel
24,15,64,331,muril,tel
28,18,81,413,muril,tel
39,20,117,368,muril,tel
47,24,102,468,muril,tel
50,26,119,454,muril,tel
23,14,64,279,muril,tel
37,19,81,391,muril,tel
35,15,65,346,muril,tel
42,22,88,381,muril,tel
34,17,80,350,muril,tel
26,15,67,283,muril,tel
21,9,38,145,muril,tel
33,22,112,523,muril,tel
31,16,76,324,muril,tel
33,19,71,330,muril,tel
48,26,119,536,muril,tel
24,10,39,187,muril,tel
28,16,69,323,muril,tel
53,20,100,526,muril,tel
32,15,57,247,muril,tel
52,24,100,469,muril,tel
45,25,94,430,muril,tel
49,21,94,484,muril,tel
50,21,84,449,muril,tel
50,23,103,490,muril,tel
23,13,48,211,muril,tel
33,19,89,440,muril,tel
35,15,53,302,muril,tel
47,25,108,506,muril,tel
19,9,35,168,muril,tel
60,34,132,664,muril,tel
43,26,110,545,muril,tel
13,8,32,156,muril,tel
27,18,66,316,muril,tel
45,23,92,401,muril,tel
28,19,87,422,muril,tel
24,15,69,319,muril,tel
25,14,69,329,muril,tel
35,20,84,369,muril,tel
45,26,101,460,muril,tel
25,14,62,297,muril,tel
74,28,149,653,muril,tel
38,18,71,367,muril,tel
24,17,74,339,muril,tel
27,12,64,308,muril,tel
18,12,56,270,muril,tel
32,16,79,359,muril,tel
36,21,101,443,muril,tel
24,14,74,337,muril,tel
43,19,90,375,muril,tel
23,12,56,273,muril,tel
32,19,88,452,muril,tel
24,9,42,228,muril,tel
28,13,73,250,muril,tel
24,13,63,299,muril,tel
26,19,74,332,muril,tel
20,13,74,327,muril,tel
30,15,83,429,muril,tel
40,22,85,391,muril,tel
18,12,51,258,muril,tel
26,15,62,261,muril,tel
37,15,61,306,muril,tel
30,17,65,288,muril,tel
34,22,87,417,muril,tel
28,13,63,307,muril,tel
19,13,50,215,muril,tel
38,20,82,379,muril,tel
30,18,71,334,muril,tel
21,15,69,342,muril,tel
29,18,74,371,muril,tel
29,17,81,378,muril,tel
18,12,54,240,muril,tel
21,14,56,252,muril,tel
25,13,55,275,muril,tel
26,19,72,326,muril,tel
23,10,38,182,muril,tel
27,8,42,215,muril,tel
39,19,88,367,muril,tel
36,15,68,355,muril,tel
36,15,71,371,muril,tel
28,13,55,296,muril,tel
54,18,93,466,muril,tel
39,21,79,360,muril,tel
26,13,54,247,muril,tel
36,26,93,417,muril,tel
32,14,62,298,muril,tel
26,13,56,272,muril,tel
23,11,52,279,muril,tel
32,18,91,446,muril,tel
33,19,78,380,muril,tel
15,9,38,195,muril,tel
44,19,82,368,muril,tel
15,7,27,125,muril,tel
33,17,70,300,muril,tel
30,14,56,245,muril,tel
34,17,77,364,muril,tel
17,11,66,206,muril,tel
22,14,58,314,muril,tel
26,15,66,281,muril,tel
46,25,102,464,muril,tel
44,22,103,458,muril,tel
31,17,70,315,muril,tel
25,17,87,349,muril,tel
49,23,106,509,muril,tel
23,17,68,308,muril,tel
28,17,71,354,muril,tel
32,18,81,379,muril,tel
43,26,105,448,muril,tel
44,24,98,445,muril,tel
26,16,63,299,muril,tel
46,26,112,548,muril,tel
24,10,51,246,muril,tel
18,7,32,151,muril,tel
50,26,104,500,muril,tel
26,12,56,265,muril,tel
15,6,27,148,muril,tel
33,19,85,354,muril,tel
38,23,92,428,muril,tel
55,32,150,691,muril,tel
32,14,61,314,muril,tel
21,9,42,216,muril,tel
14,9,36,159,muril,tel
53,27,123,561,muril,tel
30,12,46,226,muril,tel
31,15,81,383,muril,tel
25,14,68,339,muril,tel
32,23,108,466,muril,tel
27,14,70,270,muril,tel
27,12,44,231,muril,tel
41,21,100,476,muril,tel
21,15,64,310,muril,tel
17,10,51,242,muril,tel
47,24,111,515,muril,tel
25,9,44,205,muril,tel
59,26,135,543,muril,tel
25,11,48,243,muril,tel
41,22,99,392,muril,tel
28,17,71,321,muril,tel
13,10,36,169,muril,tel
46,20,92,427,muril,tel
30,12,55,283,muril,tel
47,26,115,569,muril,tel
27,9,37,187,muril,tel
59,30,126,584,muril,tel
42,21,101,470,muril,tel
45,23,92,413,muril,tel
33,17,66,306,muril,tel
21,10,40,208,muril,tel
43,22,100,440,muril,tel
27,11,55,237,muril,tel
28,17,70,316,muril,tel
28,14,68,198,muril,tel
18,8,41,200,muril,tel
36,19,94,432,muril,tel
26,9,40,211,muril,tel
28,15,69,356,muril,tel
21,11,58,269,muril,tel
27,19,77,363,muril,tel
24,13,69,319,muril,tel
25,13,51,245,muril,tel
18,10,37,175,muril,tel
34,20,78,373,muril,tel
29,14,69,342,muril,tel
33,12,69,334,muril,tel
27,18,84,389,muril,tel
52,25,112,504,muril,tel
42,18,77,376,muril,tel
37,14,59,312,muril,tel
18,7,34,166,muril,tel
44,22,102,420,muril,tel
22,10,43,220,muril,tel
26,17,73,345,muril,tel
24,13,69,385,muril,tel
19,12,47,222,muril,tel
26,16,65,320,muril,tel
43,20,99,534,muril,tel
24,11,49,232,muril,tel
31,16,67,310,muril,tel
37,15,74,349,muril,tel
43,17,80,395,muril,tel
19,13,56,257,muril,tel
27,16,72,330,muril,tel
36,13,62,306,muril,tel
25,17,69,325,muril,tel
21,13,55,271,muril,tel
15,10,43,199,muril,tel
24,15,88,88,ai4bharat,eng
46,36,225,225,ai4bharat,eng
31,28,166,166,ai4bharat,eng
61,50,315,315,ai4bharat,eng
37,29,175,175,ai4bharat,eng
32,20,130,130,ai4bharat,eng
10,8,35,35,ai4bharat,eng
25,21,128,128,ai4bharat,eng
16,10,67,67,ai4bharat,eng
15,12,81,81,ai4bharat,eng
27,24,166,166,ai4bharat,eng
29,23,150,150,ai4bharat,eng
32,24,133,133,ai4bharat,eng
32,28,175,175,ai4bharat,eng
42,33,213,213,ai4bharat,eng
45,39,254,254,ai4bharat,eng
40,34,195,197,ai4bharat,eng
27,18,117,117,ai4bharat,eng
31,24,157,157,ai4bharat,eng
57,42,275,277,ai4bharat,eng
18,14,95,95,ai4bharat,eng
13,11,79,79,ai4bharat,eng
35,22,187,187,ai4bharat,eng
40,31,191,193,ai4bharat,eng
28,24,151,151,ai4bharat,eng
20,16,107,108,ai4bharat,eng
23,19,131,131,ai4bharat,eng
34,27,190,190,ai4bharat,eng
28,16,109,109,ai4bharat,eng
13,12,69,69,ai4bharat,eng
51,40,251,255,ai4bharat,eng
51,42,253,253,ai4bharat,eng
31,24,136,136,ai4bharat,eng
28,23,152,152,ai4bharat,eng
15,11,72,72,ai4bharat,eng
19,14,91,91,ai4bharat,eng
39,34,190,190,ai4bharat,eng
25,19,115,115,ai4bharat,eng
19,15,91,91,ai4bharat,eng
14,10,60,60,ai4bharat,eng
25,21,112,112,ai4bharat,eng
24,11,72,72,ai4bharat,eng
34,21,128,128,ai4bharat,eng
28,19,128,128,ai4bharat,eng
28,22,120,120,ai4bharat,eng
33,25,143,143,ai4bharat,eng
27,24,125,125,ai4bharat,eng
23,19,96,96,ai4bharat,eng
18,16,100,100,ai4bharat,eng
27,22,146,146,ai4bharat,eng
14,11,61,61,ai4bharat,eng
30,27,149,149,ai4bharat,eng
26,25,138,138,ai4bharat,eng
27,26,151,151,ai4bharat,eng
40,35,230,232,ai4bharat,eng
39,29,195,195,ai4bharat,eng
39,34,204,204,ai4bharat,eng
35,28,194,194,ai4bharat,eng
20,18,136,136,ai4bharat,eng
12,11,60,60,ai4bharat,eng
29,25,133,133,ai4bharat,eng
19,18,111,111,ai4bharat,eng
34,29,156,156,ai4bharat,eng
35,29,185,185,ai4bharat,eng
23,21,133,133,ai4bharat,eng
22,20,103,103,ai4bharat,eng
20,15,107,107,ai4bharat,eng
23,18,100,100,ai4bharat,eng
27,19,114,114,ai4bharat,eng
31,25,157,157,ai4bharat,eng
23,20,107,107,ai4bharat,eng
48,36,220,220,ai4bharat,eng
39,29,196,196,ai4bharat,eng
52,44,255,255,ai4bharat,eng
37,31,186,186,ai4bharat,eng
32,25,162,162,ai4bharat,eng
36,29,189,189,ai4bharat,eng
21,19,120,120,ai4bharat,eng
13,8,56,56,ai4bharat,eng
32,23,160,160,ai4bharat,eng
24,18,116,116,ai4bharat,eng
20,16,90,90,ai4bharat,eng
22,17,107,107,ai4bharat,eng
33,25,148,148,ai4bharat,eng
15,12,60,60,ai4bharat,eng
22,17,117,117,ai4bharat,eng
42,33,176,176,ai4bharat,eng
26,23,150,150,ai4bharat,eng
22,19,122,122,ai4bharat,eng
29,24,133,133,ai4bharat,eng
28,24,124,124,ai4bharat,eng
22,21,119,119,ai4bharat,eng
31,28,140,140,ai4bharat,eng
10,9,58,58,ai4bharat,eng
28,23,139,139,ai4bharat,eng
21,15,101,101,ai4bharat,eng
21,19,125,125,ai4bharat,eng
30,16,118,118,ai4bharat,eng
24,21,121,121,ai4bharat,eng
26,21,124,124,ai4bharat,eng
18,14,74,74,ai4bharat,eng
42,32,189,189,ai4bharat,eng
33,25,154,154,ai4bharat,eng
11,10,65,65,ai4bharat,eng
20,19,99,99,ai4bharat,eng
20,16,100,100,ai4bharat,eng
13,12,67,67,ai4bharat,eng
39,33,201,201,ai4bharat,eng
50,36,216,216,ai4bharat,eng
18,13,79,79,ai4bharat,eng
21,13,94,94,ai4bharat,eng
15,14,70,70,ai4bharat,eng
14,13,70,70,ai4bharat,eng
17,13,80,80,ai4bharat,eng
31,28,202,202,ai4bharat,eng
25,22,143,143,ai4bharat,eng
30,28,169,169,ai4bharat,eng
28,23,130,131,ai4bharat,eng
14,11,64,64,ai4bharat,eng
36,28,164,164,ai4bharat,eng
42,27,161,162,ai4bharat,eng
36,31,184,184,ai4bharat,eng
17,14,94,94,ai4bharat,eng
16,13,63,63,ai4bharat,eng
21,20,107,107,ai4bharat,eng
30,27,155,155,ai4bharat,eng
11,10,55,55,ai4bharat,eng
30,24,163,163,ai4bharat,eng
25,20,109,109,ai4bharat,eng
18,13,96,96,ai4bharat,eng
23,19,113,115,ai4bharat,eng
34,32,207,207,ai4bharat,eng
32,30,173,173,ai4bharat,eng
17,13,85,85,ai4bharat,eng
23,14,74,74,ai4bharat,eng
18,16,95,95,ai4bharat,eng
14,10,57,57,ai4bharat,eng
21,19,113,113,ai4bharat,eng
17,14,97,97,ai4bharat,eng
26,19,118,118,ai4bharat,eng
28,25,145,145,ai4bharat,eng
37,29,179,179,ai4bharat,eng
20,18,112,112,ai4bharat,eng
23,18,93,93,ai4bharat,eng
24,21,99,99,ai4bharat,eng
35,23,172,172,ai4bharat,eng
25,17,123,123,ai4bharat,eng
22,21,121,121,ai4bharat,eng
21,19,107,107,ai4bharat,eng
17,16,84,84,ai4bharat,eng
28,22,142,142,ai4bharat,eng
35,26,163,163,ai4bharat,eng
33,27,147,147,ai4bharat,eng
24,23,126,126,ai4bharat,eng
23,19,136,136,ai4bharat,eng
27,25,140,140,ai4bharat,eng
39,38,202,202,ai4bharat,eng
20,18,95,95,ai4bharat,eng
30,24,126,126,ai4bharat,eng
19,17,104,104,ai4bharat,eng
16,14,77,77,ai4bharat,eng
67,52,327,327,ai4bharat,eng
37,29,189,189,ai4bharat,eng
24,20,120,120,ai4bharat,eng
10,8,62,62,ai4bharat,eng
44,40,228,228,ai4bharat,eng
29,25,177,177,ai4bharat,eng
29,20,127,127,ai4bharat,eng
34,31,183,183,ai4bharat,eng
25,19,109,109,ai4bharat,eng
30,23,132,132,ai4bharat,eng
17,11,73,73,ai4bharat,eng
13,11,71,71,ai4bharat,eng
19,15,117,117,ai4bharat,eng
32,26,153,153,ai4bharat,eng
12,11,79,79,ai4bharat,eng
35,25,149,149,ai4bharat,eng
25,18,97,97,ai4bharat,eng
15,9,56,56,ai4bharat,eng
21,18,88,88,ai4bharat,eng
26,21,122,122,ai4bharat,eng
18,11,68,68,ai4bharat,eng
25,21,143,143,ai4bharat,eng
31,21,120,120,ai4bharat,eng
39,31,163,163,ai4bharat,eng
27,21,139,139,ai4bharat,eng
16,10,66,66,ai4bharat,eng
24,18,129,129,ai4bharat,eng
21,14,92,92,ai4bharat,eng
34,25,136,136,ai4bharat,eng
24,21,122,122,ai4bharat,eng
33,21,155,155,ai4bharat,eng
36,26,170,170,ai4bharat,eng
54,46,256,256,ai4bharat,eng
19,14,77,77,ai4bharat,eng
18,14,98,98,ai4bharat,eng
44,35,198,198,ai4bharat,eng
57,49,327,327,ai4bharat,eng
20,18,110,110,ai4bharat,eng
20,18,102,102,ai4bharat,eng
41,29,188,188,ai4bharat,eng
38,21,159,159,ai4bharat,eng
39,22,143,143,ai4bharat,eng
55,28,197,197,ai4bharat,eng
33,25,155,155,ai4bharat,eng
36,27,165,165,ai4bharat,eng
21,18,106,106,ai4bharat,eng
27,24,176,176,ai4bharat,eng
25,17,105,105,ai4bharat,eng
12,11,87,87,ai4bharat,eng
17,15,83,83,ai4bharat,eng
22,20,143,143,ai4bharat,eng
15,12,75,75,ai4bharat,eng
22,16,84,84,ai4bharat,eng
28,21,125,125,ai4bharat,eng
29,26,153,153,ai4bharat,eng
13,12,71,71,ai4bharat,eng
21,19,117,117,ai4bharat,eng
24,19,115,117,ai4bharat,eng
23,21,124,124,ai4bharat,eng
11,10,73,73,ai4bharat,eng
16,14,88,88,ai4bharat,eng
25,22,122,122,ai4bharat,eng
22,17,101,101,ai4bharat,eng
11,9,64,64,ai4bharat,eng
16,15,78,78,ai4bharat,eng
24,22,125,125,ai4bharat,eng
21,20,93,93,ai4bharat,eng
25,20,106,106,ai4bharat,eng
18,16,89,89,ai4bharat,eng
19,10,56,56,ai4bharat,eng
19,14,95,95,ai4bharat,eng
31,24,163,163,ai4bharat,eng
13,10,56,56,ai4bharat,eng
38,27,163,163,ai4bharat,eng
20,15,102,102,ai4bharat,eng
36,24,172,172,ai4bharat,eng
31,21,153,153,ai4bharat,eng
20,19,109,109,ai4bharat,eng
22,16,90,90,ai4bharat,eng
37,28,156,156,ai4bharat,eng
27,21,130,130,ai4bharat,eng
24,18,102,104,ai4bharat,eng
20,17,81,81,ai4bharat,eng
25,21,125,125,ai4bharat,eng
15,13,71,71,ai4bharat,eng
27,20,112,112,ai4bharat,eng
63,52,282,282,ai4bharat,eng
35,28,158,158,ai4bharat,eng
27,16,111,111,ai4bharat,eng
32,27,153,153,ai4bharat,eng
20,18,110,110,ai4bharat,eng
29,21,140,140,ai4bharat,eng
11,8,56,56,ai4bharat,eng
14,13,77,77,ai4bharat,eng
29,26,144,144,ai4bharat,eng
23,19,118,118,ai4bharat,eng
22,20,125,125,ai4bharat,eng
20,16,100,100,ai4bharat,eng
25,20,130,130,ai4bharat,eng
28,22,115,115,ai4bharat,eng
19,17,103,103,ai4bharat,eng
18,12,63,63,ai4bharat,eng
15,14,57,57,ai4bharat,eng
26,21,127,127,ai4bharat,eng
40,35,184,184,ai4bharat,eng
31,21,135,135,ai4bharat,eng
36,29,153,153,ai4bharat,eng
20,15,92,92,ai4bharat,eng
26,15,97,97,ai4bharat,eng
29,18,125,125,ai4bharat,eng
41,29,168,168,ai4bharat,eng
16,11,67,67,ai4bharat,eng
18,12,90,90,ai4bharat,eng
33,28,137,137,ai4bharat,eng
75,46,278,279,ai4bharat,eng
37,29,148,148,ai4bharat,eng
12,11,71,71,ai4bharat,eng
26,23,134,134,ai4bharat,eng
27,16,98,98,ai4bharat,eng
15,14,100,100,ai4bharat,eng
19,17,93,93,ai4bharat,eng
11,9,59,59,ai4bharat,eng
21,20,120,120,ai4bharat,eng
15,12,76,76,ai4bharat,eng
15,9,69,69,ai4bharat,eng
17,13,81,81,ai4bharat,eng
24,22,135,135,ai4bharat,eng
25,23,155,155,ai4bharat,eng
29,24,150,150,ai4bharat,eng
28,24,150,150,ai4bharat,eng
30,24,143,143,ai4bharat,eng
22,21,130,130,ai4bharat,eng
30,29,163,163,ai4bharat,eng
27,23,150,150,ai4bharat,eng
36,25,182,182,ai4bharat,eng
36,29,208,208,ai4bharat,eng
18,13,86,86,ai4bharat,eng
13,8,41,41,ai4bharat,eng
28,24,152,152,ai4bharat,eng
19,13,98,98,ai4bharat,eng
18,14,96,96,ai4bharat,eng
28,23,142,142,ai4bharat,eng
28,21,122,122,ai4bharat,eng
27,19,132,132,ai4bharat,eng
16,12,89,89,ai4bharat,eng
29,13,78,78,ai4bharat,eng
18,16,105,105,ai4bharat,eng
14,13,82,82,ai4bharat,eng
25,21,129,129,ai4bharat,eng
13,9,52,52,ai4bharat,eng
15,14,81,81,ai4bharat,eng
20,15,106,106,ai4bharat,eng
24,19,107,107,ai4bharat,eng
17,12,76,78,ai4bharat,eng
24,17,100,100,ai4bharat,eng
20,17,104,104,ai4bharat,eng
24,18,107,107,ai4bharat,eng
17,13,102,102,ai4bharat,eng
9,7,43,43,ai4bharat,eng
38,29,162,162,ai4bharat,eng
41,23,150,150,ai4bharat,eng
29,25,140,140,ai4bharat,eng
36,30,190,190,ai4bharat,eng
24,20,108,108,ai4bharat,eng
37,33,190,190,ai4bharat,eng
37,33,176,176,ai4bharat,eng
21,20,99,99,ai4bharat,eng
30,26,169,169,ai4bharat,eng
22,21,137,137,ai4bharat,eng
26,24,136,136,ai4bharat,eng
24,20,127,127,ai4bharat,eng
25,17,110,110,ai4bharat,eng
14,10,63,63,ai4bharat,eng
12,11,53,53,ai4bharat,eng
32,27,150,150,ai4bharat,eng
36,27,204,204,ai4bharat,eng
35,26,158,158,ai4bharat,eng
27,23,143,143,ai4bharat,eng
28,22,133,134,ai4bharat,eng
70,49,328,328,ai4bharat,eng
18,16,79,79,ai4bharat,eng
25,21,108,108,ai4bharat,eng
38,32,184,184,ai4bharat,eng
19,15,82,82,ai4bharat,eng
19,15,92,92,ai4bharat,eng
23,19,94,94,ai4bharat,eng
27,21,131,131,ai4bharat,eng
22,17,92,92,ai4bharat,eng
23,21,108,108,ai4bharat,eng
28,20,123,123,ai4bharat,eng
26,20,110,110,ai4bharat,eng
34,30,184,184,ai4bharat,eng
17,15,80,80,ai4bharat,eng
17,15,86,86,ai4bharat,eng
31,25,149,151,ai4bharat,eng
19,18,86,86,ai4bharat,eng
29,27,151,151,ai4bharat,eng
16,13,76,76,ai4bharat,eng
22,19,108,108,ai4bharat,eng
35,24,146,146,ai4bharat,eng
26,24,127,127,ai4bharat,eng
15,12,69,69,ai4bharat,eng
23,20,102,102,ai4bharat,eng
19,17,101,101,ai4bharat,eng
35,29,162,162,ai4bharat,eng
31,26,143,143,ai4bharat,eng
34,24,128,128,ai4bharat,eng
30,21,111,111,ai4bharat,eng
44,32,174,174,ai4bharat,eng
31,21,124,124,ai4bharat,eng
40,31,176,176,ai4bharat,eng
68,60,323,323,ai4bharat,eng
33,30,197,197,ai4bharat,eng
20,15,94,94,ai4bharat,eng
27,24,134,134,ai4bharat,eng
28,23,141,141,ai4bharat,eng
30,25,160,160,ai4bharat,eng
25,18,116,116,ai4bharat,eng
18,13,79,79,ai4bharat,eng
28,24,138,138,ai4bharat,eng
23,15,91,91,ai4bharat,eng
41,34,182,182,ai4bharat,eng
41,29,154,154,ai4bharat,eng
27,22,112,112,ai4bharat,eng
42,34,189,189,ai4bharat,eng
41,38,215,215,ai4bharat,eng
22,19,114,114,ai4bharat,eng
29,20,118,118,ai4bharat,eng
19,18,98,98,ai4bharat,eng
25,24,136,136,ai4bharat,eng
19,18,103,103,ai4bharat,eng
22,16,98,98,ai4bharat,eng
12,11,55,55,ai4bharat,eng
16,14,71,71,ai4bharat,eng
14,13,63,63,ai4bharat,eng
25,22,126,126,ai4bharat,eng
17,15,83,83,ai4bharat,eng
39,31,187,187,ai4bharat,eng
18,14,85,85,ai4bharat,eng
30,22,154,154,ai4bharat,eng
27,24,137,137,ai4bharat,eng
26,22,117,117,ai4bharat,eng
36,31,190,190,ai4bharat,eng
41,33,175,177,ai4bharat,eng
16,13,63,63,ai4bharat,eng
26,19,108,108,ai4bharat,eng
34,29,159,159,ai4bharat,eng
21,15,99,99,ai4bharat,eng
20,19,118,118,ai4bharat,eng
26,21,127,127,ai4bharat,eng
48,33,207,207,ai4bharat,eng
33,25,186,186,ai4bharat,eng
18,17,121,121,ai4bharat,eng
29,23,168,172,ai4bharat,eng
38,30,188,188,ai4bharat,eng
15,13,73,73,ai4bharat,eng
29,28,184,184,ai4bharat,eng
31,27,162,162,ai4bharat,eng
30,18,140,140,ai4bharat,eng
21,18,122,122,ai4bharat,eng
24,18,111,111,ai4bharat,eng
27,20,120,120,ai4bharat,eng
29,23,144,146,ai4bharat,eng
38,31,218,218,ai4bharat,eng
37,27,162,164,ai4bharat,eng
47,33,205,205,ai4bharat,eng
31,21,124,124,ai4bharat,eng
27,26,140,140,ai4bharat,eng
19,15,95,95,ai4bharat,eng
32,28,151,151,ai4bharat,eng
22,20,124,124,ai4bharat,eng
21,14,83,83,ai4bharat,eng
28,21,123,123,ai4bharat,eng
22,18,111,111,ai4bharat,eng
28,22,136,136,ai4bharat,eng
30,27,166,166,ai4bharat,eng
22,18,117,117,ai4bharat,eng
21,20,130,130,ai4bharat,eng
15,9,64,64,ai4bharat,eng
32,31,179,179,ai4bharat,eng
34,32,175,175,ai4bharat,eng
16,13,86,86,ai4bharat,eng
33,29,221,221,ai4bharat,eng
23,20,133,133,ai4bharat,eng
22,18,123,123,ai4bharat,eng
21,17,107,107,ai4bharat,eng
26,23,129,129,ai4bharat,eng
25,22,110,110,ai4bharat,eng
40,32,170,170,ai4bharat,eng
28,26,145,145,ai4bharat,eng
38,33,191,191,ai4bharat,eng
15,14,91,91,ai4bharat,eng
37,30,166,170,ai4bharat,eng
44,37,207,207,ai4bharat,eng
20,19,125,125,ai4bharat,eng
23,20,113,113,ai4bharat,eng
24,19,128,128,ai4bharat,eng
40,29,176,186,ai4bharat,eng
21,16,104,106,ai4bharat,eng
26,23,118,118,ai4bharat,eng
29,25,114,114,ai4bharat,eng
33,30,166,166,ai4bharat,eng
22,18,92,92,ai4bharat,eng
28,24,135,135,ai4bharat,eng
49,33,204,204,ai4bharat,eng
39,28,164,164,ai4bharat,eng
28,23,107,107,ai4bharat,eng
38,34,162,162,ai4bharat,eng
22,15,92,92,ai4bharat,eng
29,26,145,145,ai4bharat,eng
63,46,269,269,ai4bharat,eng
25,23,131,131,ai4bharat,eng
17,16,85,85,ai4bharat,eng
27,24,118,118,ai4bharat,eng
25,20,124,124,ai4bharat,eng
43,38,218,218,ai4bharat,eng
31,21,145,145,ai4bharat,eng
19,16,99,99,ai4bharat,eng
35,29,165,167,ai4bharat,eng
26,24,135,135,ai4bharat,eng
48,42,281,281,ai4bharat,eng
48,40,287,287,ai4bharat,eng
18,16,92,92,ai4bharat,eng
32,29,169,169,ai4bharat,eng
30,28,169,169,ai4bharat,eng
29,17,113,113,ai4bharat,eng
46,37,233,233,ai4bharat,eng
29,25,152,152,ai4bharat,eng
27,20,103,103,ai4bharat,eng
35,32,195,195,ai4bharat,eng
23,20,108,108,ai4bharat,eng
18,16,89,89,ai4bharat,eng
15,14,83,83,ai4bharat,eng
22,19,102,102,ai4bharat,eng
41,37,203,203,ai4bharat,eng
30,23,150,150,ai4bharat,eng
35,27,184,184,ai4bharat,eng
19,18,120,120,ai4bharat,eng
26,20,138,138,ai4bharat,eng
26,16,108,108,ai4bharat,eng
29,21,156,156,ai4bharat,eng
30,22,150,150,ai4bharat,eng
47,40,244,244,ai4bharat,eng
51,39,247,247,ai4bharat,eng
18,16,104,104,ai4bharat,eng
24,22,108,108,ai4bharat,eng
43,32,213,213,ai4bharat,eng
21,16,110,110,ai4bharat,eng
39,35,205,205,ai4bharat,eng
36,27,143,143,ai4bharat,eng
34,28,175,175,ai4bharat,eng
26,22,122,122,ai4bharat,eng
25,21,115,115,ai4bharat,eng
16,14,74,74,ai4bharat,eng
23,18,120,120,ai4bharat,eng
22,20,117,117,ai4bharat,eng
13,10,76,76,ai4bharat,eng
20,18,124,124,ai4bharat,eng
27,17,121,129,ai4bharat,eng
35,24,184,192,ai4bharat,eng
29,22,151,151,ai4bharat,eng
23,18,119,119,ai4bharat,eng
34,28,185,185,ai4bharat,eng
21,19,115,115,ai4bharat,eng
19,16,105,105,ai4bharat,eng
18,15,99,99,ai4bharat,eng
20,15,106,106,ai4bharat,eng
33,27,159,159,ai4bharat,eng
19,14,107,107,ai4bharat,eng
33,30,180,180,ai4bharat,eng
35,24,164,164,ai4bharat,eng
34,28,163,163,ai4bharat,eng
28,22,146,148,ai4bharat,eng
22,21,119,119,ai4bharat,eng
36,32,149,149,ai4bharat,eng
38,25,156,156,ai4bharat,eng
25,20,117,119,ai4bharat,eng
25,22,135,135,ai4bharat,eng
22,20,118,118,ai4bharat,eng
31,28,149,149,ai4bharat,eng
27,20,127,127,ai4bharat,eng
29,18,147,147,ai4bharat,eng
36,30,203,203,ai4bharat,eng
40,36,192,192,ai4bharat,eng
22,20,96,96,ai4bharat,eng
37,31,164,164,ai4bharat,eng
29,23,140,140,ai4bharat,eng
72,52,368,368,ai4bharat,eng
23,22,120,120,ai4bharat,eng
43,37,213,213,ai4bharat,eng
35,32,186,186,ai4bharat,eng
22,16,89,89,ai4bharat,eng
23,20,109,109,ai4bharat,eng
24,17,100,100,ai4bharat,eng
21,17,94,94,ai4bharat,eng
47,40,251,251,ai4bharat,eng
13,11,61,61,ai4bharat,eng
36,32,194,194,ai4bharat,eng
37,32,178,178,ai4bharat,eng
19,17,94,94,ai4bharat,eng
23,16,107,107,ai4bharat,eng
29,23,152,152,ai4bharat,eng
16,10,76,76,ai4bharat,eng
45,27,182,182,ai4bharat,eng
35,32,181,181,ai4bharat,eng
39,33,185,185,ai4bharat,eng
39,29,214,214,ai4bharat,eng
43,38,213,213,ai4bharat,eng
21,15,89,89,ai4bharat,eng
22,20,102,102,ai4bharat,eng
32,29,133,133,ai4bharat,eng
28,23,142,142,ai4bharat,eng
24,18,111,111,ai4bharat,eng
19,15,87,87,ai4bharat,eng
17,15,74,74,ai4bharat,eng
27,21,103,103,ai4bharat,eng
25,22,127,127,ai4bharat,eng
38,30,147,147,ai4bharat,eng
24,21,147,147,ai4bharat,eng
21,20,126,126,ai4bharat,eng
13,12,77,77,ai4bharat,eng
20,16,82,82,ai4bharat,eng
22,16,112,112,ai4bharat,eng
27,16,99,99,ai4bharat,eng
36,29,190,190,ai4bharat,eng
28,24,124,124,ai4bharat,eng
16,15,80,80,ai4bharat,eng
25,22,105,105,ai4bharat,eng
13,12,65,65,ai4bharat,eng
20,18,110,110,ai4bharat,eng
28,24,144,146,ai4bharat,eng
41,32,207,209,ai4bharat,eng
19,15,98,98,ai4bharat,eng
16,11,80,80,ai4bharat,eng
20,18,112,112,ai4bharat,eng
28,22,156,156,ai4bharat,eng
33,24,168,168,ai4bharat,eng
27,21,140,140,ai4bharat,eng
20,17,100,100,ai4bharat,eng
22,15,85,85,ai4bharat,eng
27,24,143,143,ai4bharat,eng
36,31,195,195,ai4bharat,eng
25,19,121,121,ai4bharat,eng
26,21,151,151,ai4bharat,eng
26,19,149,149,ai4bharat,eng
19,11,82,82,ai4bharat,eng
30,28,159,159,ai4bharat,eng
22,19,127,127,ai4bharat,eng
34,29,179,179,ai4bharat,eng
16,14,121,121,ai4bharat,eng
18,17,112,112,ai4bharat,eng
32,27,180,180,ai4bharat,eng
26,24,144,144,ai4bharat,eng
20,16,129,129,ai4bharat,eng
30,25,183,183,ai4bharat,eng
32,21,150,150,ai4bharat,eng
15,11,83,83,ai4bharat,eng
30,27,151,151,ai4bharat,eng
17,16,86,86,ai4bharat,eng
14,13,69,69,ai4bharat,eng
19,15,88,88,ai4bharat,eng
21,17,97,97,ai4bharat,eng
32,28,163,163,ai4bharat,eng
21,14,79,79,ai4bharat,eng
29,27,142,142,ai4bharat,eng
17,14,70,70,ai4bharat,eng
25,21,107,107,ai4bharat,eng
24,17,100,100,ai4bharat,eng
35,29,186,186,ai4bharat,eng
21,18,119,119,ai4bharat,eng
26,22,136,136,ai4bharat,eng
11,10,73,73,ai4bharat,eng
25,24,132,132,ai4bharat,eng
9,8,48,48,ai4bharat,eng
39,35,208,208,ai4bharat,eng
34,26,147,147,ai4bharat,eng
41,33,180,180,ai4bharat,eng
26,21,118,118,ai4bharat,eng
22,18,113,113,ai4bharat,eng
17,14,89,89,ai4bharat,eng
19,17,96,96,ai4bharat,eng
23,20,106,106,ai4bharat,eng
16,14,67,67,ai4bharat,eng
22,18,105,105,ai4bharat,eng
18,15,89,89,ai4bharat,eng
15,14,83,83,ai4bharat,eng
26,21,118,118,ai4bharat,eng
24,21,110,110,ai4bharat,eng
21,18,100,100,ai4bharat,eng
23,21,99,99,ai4bharat,eng
20,19,81,81,ai4bharat,eng
15,11,62,62,ai4bharat,eng
28,25,120,120,ai4bharat,eng
15,14,83,83,ai4bharat,eng
23,19,126,126,ai4bharat,eng
35,34,179,179,ai4bharat,eng
26,15,102,102,ai4bharat,eng
37,29,163,167,ai4bharat,eng
26,20,178,178,ai4bharat,eng
36,31,169,169,ai4bharat,eng
17,15,88,88,ai4bharat,eng
19,15,87,87,ai4bharat,eng
20,18,115,115,ai4bharat,eng
16,15,95,95,ai4bharat,eng
29,28,171,171,ai4bharat,eng
33,21,118,122,ai4bharat,eng
27,23,135,139,ai4bharat,eng
30,28,195,195,ai4bharat,eng
23,19,143,143,ai4bharat,eng
30,26,151,151,ai4bharat,eng
23,21,145,145,ai4bharat,eng
24,20,127,127,ai4bharat,eng
32,26,177,177,ai4bharat,eng
13,12,92,92,ai4bharat,eng
33,27,162,162,ai4bharat,eng
19,18,111,111,ai4bharat,eng
24,23,133,133,ai4bharat,eng
33,28,183,183,ai4bharat,eng
15,13,92,92,ai4bharat,eng
29,22,158,158,ai4bharat,eng
17,15,103,103,ai4bharat,eng
35,30,182,186,ai4bharat,eng
31,29,145,145,ai4bharat,eng
30,26,170,170,ai4bharat,eng
23,22,116,116,ai4bharat,eng
46,38,220,220,ai4bharat,eng
32,27,179,179,ai4bharat,eng
22,20,124,124,ai4bharat,eng
38,31,188,188,ai4bharat,eng
22,19,130,130,ai4bharat,eng
51,42,287,287,ai4bharat,eng
28,21,138,138,ai4bharat,eng
26,20,110,110,ai4bharat,eng
19,15,105,105,ai4bharat,eng
18,14,97,97,ai4bharat,eng
24,22,135,135,ai4bharat,eng
16,15,81,81,ai4bharat,eng
19,17,87,87,ai4bharat,eng
21,18,114,114,ai4bharat,eng
24,20,95,95,ai4bharat,eng
26,23,141,141,ai4bharat,eng
23,20,97,97,ai4bharat,eng
21,18,114,114,ai4bharat,eng
17,15,73,73,ai4bharat,eng
30,27,160,160,ai4bharat,eng
32,23,124,124,ai4bharat,eng
43,31,177,177,ai4bharat,eng
27,21,118,118,ai4bharat,eng
32,24,145,145,ai4bharat,eng
18,14,76,76,ai4bharat,eng
48,32,196,196,ai4bharat,eng
19,17,91,91,ai4bharat,eng
30,22,133,135,ai4bharat,eng
32,27,160,160,ai4bharat,eng
26,22,126,126,ai4bharat,eng
37,22,129,129,ai4bharat,eng
27,18,115,115,ai4bharat,eng
27,19,118,118,ai4bharat,eng
25,21,103,103,ai4bharat,eng
22,18,97,97,ai4bharat,eng
30,25,125,125,ai4bharat,eng
47,34,193,193,ai4bharat,eng
23,16,103,104,ai4bharat,eng
26,22,127,127,ai4bharat,eng
19,17,99,99,ai4bharat,eng
34,31,164,164,ai4bharat,eng
24,23,120,120,ai4bharat,eng
33,31,171,171,ai4bharat,eng
24,18,98,98,ai4bharat,eng
23,19,120,120,ai4bharat,eng
36,31,162,162,ai4bharat,eng
33,25,151,151,ai4bharat,eng
25,23,145,145,ai4bharat,eng
31,26,156,158,ai4bharat,eng
26,17,100,101,ai4bharat,eng
33,29,163,163,ai4bharat,eng
43,27,182,182,ai4bharat,eng
23,19,103,103,ai4bharat,eng
18,14,92,92,ai4bharat,eng
29,22,118,118,ai4bharat,eng
46,28,167,167,ai4bharat,eng
29,23,103,103,ai4bharat,eng
28,23,140,140,ai4bharat,eng
24,21,134,134,ai4bharat,eng
30,23,170,171,ai4bharat,eng
34,24,144,146,ai4bharat,eng
35,29,176,176,ai4bharat,eng
14,11,79,79,ai4bharat,eng
26,20,118,119,ai4bharat,eng
19,17,87,87,ai4bharat,eng
21,17,93,94,ai4bharat,eng
16,15,81,81,ai4bharat,eng
23,17,102,102,ai4bharat,eng
32,21,125,125,ai4bharat,eng
24,22,114,114,ai4bharat,eng
24,23,148,148,ai4bharat,eng
38,34,209,209,ai4bharat,eng
24,20,126,126,ai4bharat,eng
28,21,120,120,ai4bharat,eng
24,14,91,92,ai4bharat,eng
32,27,165,165,ai4bharat,eng
25,19,113,113,ai4bharat,eng
27,25,134,134,ai4bharat,eng
28,22,137,137,ai4bharat,eng
28,18,102,102,ai4bharat,eng
35,27,169,169,ai4bharat,eng
28,23,132,132,ai4bharat,eng
29,22,107,107,ai4bharat,eng
20,16,84,84,ai4bharat,eng
29,26,141,141,ai4bharat,eng
22,18,104,104,ai4bharat,eng
36,28,175,175,ai4bharat,eng
27,19,111,111,ai4bharat,eng
31,25,138,138,ai4bharat,eng
22,17,103,103,ai4bharat,eng
28,21,125,125,ai4bharat,eng
21,17,105,105,ai4bharat,eng
31,24,131,131,ai4bharat,eng
22,18,100,100,ai4bharat,eng
22,20,101,101,ai4bharat,eng
44,29,174,174,ai4bharat,eng
17,14,84,84,ai4bharat,eng
25,23,110,110,ai4bharat,eng
19,15,96,96,ai4bharat,eng
29,24,146,146,ai4bharat,eng
22,18,105,105,ai4bharat,eng
28,19,123,123,ai4bharat,eng
23,22,130,130,ai4bharat,eng
31,27,170,170,ai4bharat,eng
24,20,152,152,ai4bharat,eng
31,26,145,145,ai4bharat,eng
21,19,115,115,ai4bharat,eng
31,28,162,162,ai4bharat,eng
29,26,116,116,ai4bharat,eng
31,29,163,163,ai4bharat,eng
12,11,75,75,ai4bharat,eng
27,23,142,142,ai4bharat,eng
21,17,119,119,ai4bharat,eng
30,26,149,149,ai4bharat,eng
26,22,124,124,ai4bharat,eng
28,22,151,151,ai4bharat,eng
27,22,141,141,ai4bharat,eng
23,19,95,95,ai4bharat,eng
18,14,76,76,ai4bharat,eng
21,18,106,106,ai4bharat,eng
26,22,130,130,ai4bharat,eng
17,15,92,92,ai4bharat,eng
23,19,120,120,ai4bharat,eng
23,20,126,126,ai4bharat,eng
22,15,92,92,ai4bharat,eng
33,24,141,141,ai4bharat,eng
24,22,129,129,ai4bharat,eng
21,19,102,102,ai4bharat,eng
22,20,125,125,ai4bharat,eng
31,23,158,158,ai4bharat,eng
31,18,120,123,ai4bharat,eng
32,27,142,142,ai4bharat,eng
33,22,121,121,ai4bharat,eng
25,19,106,106,ai4bharat,eng
16,13,90,90,ai4bharat,eng
18,16,89,89,ai4bharat,eng
30,25,149,149,ai4bharat,eng
16,15,92,92,ai4bharat,eng
25,19,122,122,ai4bharat,eng
25,20,126,126,ai4bharat,eng
19,17,104,104,ai4bharat,eng
26,24,165,165,ai4bharat,eng
32,23,184,184,ai4bharat,eng
31,22,131,131,ai4bharat,eng
42,30,185,189,ai4bharat,eng
30,21,136,136,ai4bharat,eng
28,21,128,128,ai4bharat,eng
28,21,138,138,ai4bharat,eng
30,24,149,149,ai4bharat,eng
30,19,118,118,ai4bharat,eng
18,16,85,85,ai4bharat,eng
19,14,71,71,ai4bharat,eng
35,30,186,186,ai4bharat,eng
27,23,141,141,ai4bharat,eng
28,25,143,143,ai4bharat,eng
47,33,252,252,ai4bharat,eng
22,16,87,87,ai4bharat,eng
28,25,135,135,ai4bharat,eng
42,37,185,185,ai4bharat,eng
19,15,82,82,ai4bharat,eng
34,26,158,158,ai4bharat,eng
34,23,141,142,ai4bharat,eng
30,24,164,164,ai4bharat,eng
36,24,170,170,ai4bharat,eng
30,23,160,160,ai4bharat,eng
21,19,93,95,ai4bharat,eng
31,27,149,149,ai4bharat,eng
23,15,92,92,ai4bharat,eng
34,28,167,167,ai4bharat,eng
12,11,55,55,ai4bharat,eng
38,35,199,201,ai4bharat,eng
36,33,236,236,ai4bharat,eng
17,12,76,76,ai4bharat,eng
23,20,123,123,ai4bharat,eng
38,28,165,165,ai4bharat,eng
26,22,140,140,ai4bharat,eng
23,21,126,126,ai4bharat,eng
21,15,107,107,ai4bharat,eng
28,23,149,150,ai4bharat,eng
39,27,178,179,ai4bharat,eng
27,17,94,97,ai4bharat,eng
40,28,200,200,ai4bharat,eng
27,25,155,155,ai4bharat,eng
24,22,124,124,ai4bharat,eng
19,17,109,109,ai4bharat,eng
15,13,80,80,ai4bharat,eng
23,17,128,128,ai4bharat,eng
28,25,157,157,ai4bharat,eng
30,24,155,155,ai4bharat,eng
34,21,157,157,ai4bharat,eng
22,14,106,106,ai4bharat,eng
24,23,131,131,ai4bharat,eng
19,18,106,106,ai4bharat,eng
22,18,111,111,ai4bharat,eng
20,18,116,116,ai4bharat,eng
26,22,118,118,ai4bharat,eng
19,17,113,113,ai4bharat,eng
22,16,115,115,ai4bharat,eng
26,23,140,140,ai4bharat,eng
16,13,88,88,ai4bharat,eng
22,16,104,104,ai4bharat,eng
21,17,118,118,ai4bharat,eng
20,18,98,98,ai4bharat,eng
28,25,137,137,ai4bharat,eng
20,18,105,105,ai4bharat,eng
19,17,88,88,ai4bharat,eng
31,28,153,153,ai4bharat,eng
29,21,124,124,ai4bharat,eng
25,22,137,137,ai4bharat,eng
26,22,127,127,ai4bharat,eng
25,22,134,134,ai4bharat,eng
16,15,107,107,ai4bharat,eng
19,18,92,92,ai4bharat,eng
21,19,92,92,ai4bharat,eng
25,23,118,118,ai4bharat,eng
18,14,67,67,ai4bharat,eng
17,14,79,79,ai4bharat,eng
27,21,128,128,ai4bharat,eng
26,22,129,129,ai4bharat,eng
28,19,139,139,ai4bharat,eng
20,14,87,87,ai4bharat,eng
34,27,162,162,ai4bharat,eng
30,19,122,122,ai4bharat,eng
18,15,92,92,ai4bharat,eng
33,31,159,159,ai4bharat,eng
25,21,130,130,ai4bharat,eng
18,17,111,111,ai4bharat,eng
18,15,89,89,ai4bharat,eng
24,20,137,137,ai4bharat,eng
29,24,145,145,ai4bharat,eng
14,13,78,78,ai4bharat,eng
31,25,146,146,ai4bharat,eng
15,12,66,66,ai4bharat,eng
30,25,152,152,ai4bharat,eng
20,16,85,85,ai4bharat,eng
30,23,131,131,ai4bharat,eng
19,14,87,87,ai4bharat,eng
24,23,119,119,ai4bharat,eng
24,18,96,96,ai4bharat,eng
43,38,188,188,ai4bharat,eng
31,27,165,165,ai4bharat,eng
29,26,137,137,ai4bharat,eng
34,32,176,176,ai4bharat,eng
31,25,171,171,ai4bharat,eng
24,21,119,119,ai4bharat,eng
23,21,111,111,ai4bharat,eng
37,33,177,177,ai4bharat,eng
37,33,159,159,ai4bharat,eng
37,32,170,170,ai4bharat,eng
27,23,132,132,ai4bharat,eng
35,32,181,181,ai4bharat,eng
24,16,95,97,ai4bharat,eng
15,11,74,74,ai4bharat,eng
41,32,197,197,ai4bharat,eng
21,17,121,121,ai4bharat,eng
10,8,52,52,ai4bharat,eng
34,27,153,154,ai4bharat,eng
32,25,142,142,ai4bharat,eng
50,37,263,263,ai4bharat,eng
27,17,104,105,ai4bharat,eng
17,13,84,84,ai4bharat,eng
14,11,63,63,ai4bharat,eng
38,33,187,187,ai4bharat,eng
19,12,71,71,ai4bharat,eng
26,21,123,123,ai4bharat,eng
37,30,178,178,ai4bharat,eng
37,32,172,172,ai4bharat,eng
28,23,129,129,ai4bharat,eng
15,12,73,73,ai4bharat,eng
30,24,163,163,ai4bharat,eng
21,19,114,114,ai4bharat,eng
14,12,74,74,ai4bharat,eng
39,32,211,211,ai4bharat,eng
15,10,68,68,ai4bharat,eng
53,41,230,232,ai4bharat,eng
19,12,88,88,ai4bharat,eng
34,24,158,158,ai4bharat,eng
27,22,134,134,ai4bharat,eng
16,15,78,78,ai4bharat,eng
37,26,149,149,ai4bharat,eng
22,19,123,123,ai4bharat,eng
43,35,190,190,ai4bharat,eng
15,13,74,74,ai4bharat,eng
38,34,184,184,ai4bharat,eng
31,24,154,154,ai4bharat,eng
38,27,163,163,ai4bharat,eng
27,21,112,112,ai4bharat,eng
14,12,71,71,ai4bharat,eng
33,28,163,163,ai4bharat,eng
20,16,104,104,ai4bharat,eng
23,20,109,109,ai4bharat,eng
23,16,96,96,ai4bharat,eng
10,9,57,57,ai4bharat,eng
20,17,117,117,ai4bharat,eng
21,18,95,95,ai4bharat,eng
24,22,134,134,ai4bharat,eng
20,14,98,98,ai4bharat,eng
37,33,176,176,ai4bharat,eng
16,14,110,110,ai4bharat,eng
22,17,99,99,ai4bharat,eng
15,13,74,74,ai4bharat,eng
28,25,150,150,ai4bharat,eng
24,19,114,114,ai4bharat,eng
22,17,116,116,ai4bharat,eng
24,22,127,127,ai4bharat,eng
42,33,173,173,ai4bharat,eng
30,24,145,145,ai4bharat,eng
26,23,123,123,ai4bharat,eng
13,12,62,62,ai4bharat,eng
34,27,153,153,ai4bharat,eng
11,10,62,62,ai4bharat,eng
20,18,108,108,ai4bharat,eng
26,21,146,146,ai4bharat,eng
20,17,92,92,ai4bharat,eng
27,21,138,138,ai4bharat,eng
35,31,214,214,ai4bharat,eng
18,16,100,100,ai4bharat,eng
31,26,154,154,ai4bharat,eng
30,21,128,128,ai4bharat,eng
31,27,150,150,ai4bharat,eng
26,22,113,113,ai4bharat,eng
27,23,129,129,ai4bharat,eng
19,15,90,90,ai4bharat,eng
23,18,105,105,ai4bharat,eng
15,12,103,103,ai4bharat,eng
28,22,150,150,ai4bharat,eng
25,22,66,265,ai4bharat,hin
54,37,135,576,ai4bharat,hin
48,43,132,514,ai4bharat,hin
64,55,195,774,ai4bharat,hin
46,36,121,445,ai4bharat,hin
37,30,98,370,ai4bharat,hin
22,12,44,177,ai4bharat,hin
36,30,95,374,ai4bharat,hin
20,12,45,158,ai4bharat,hin
16,13,48,193,ai4bharat,hin
35,30,97,380,ai4bharat,hin
42,33,114,445,ai4bharat,hin
43,34,114,426,ai4bharat,hin
40,32,117,462,ai4bharat,hin
43,38,123,412,ai4bharat,hin
59,50,169,629,ai4bharat,hin
49,39,141,553,ai4bharat,hin
35,27,89,317,ai4bharat,hin
37,30,109,375,ai4bharat,hin
67,50,189,688,ai4bharat,hin
30,22,73,320,ai4bharat,hin
17,14,50,221,ai4bharat,hin
41,23,105,488,ai4bharat,hin
43,33,105,443,ai4bharat,hin
29,27,90,391,ai4bharat,hin
25,20,62,245,ai4bharat,hin
35,30,101,394,ai4bharat,hin
50,42,142,510,ai4bharat,hin
28,19,64,253,ai4bharat,hin
16,14,43,179,ai4bharat,hin
69,51,169,708,ai4bharat,hin
60,49,161,636,ai4bharat,hin
32,27,83,322,ai4bharat,hin
33,27,91,352,ai4bharat,hin
16,13,43,189,ai4bharat,hin
23,16,60,225,ai4bharat,hin
37,32,111,463,ai4bharat,hin
36,27,83,335,ai4bharat,hin
21,16,54,233,ai4bharat,hin
17,13,44,176,ai4bharat,hin
31,26,83,333,ai4bharat,hin
26,13,55,182,ai4bharat,hin
36,24,91,269,ai4bharat,hin
32,22,87,306,ai4bharat,hin
28,22,74,268,ai4bharat,hin
42,38,118,409,ai4bharat,hin
32,28,101,370,ai4bharat,hin
26,23,77,303,ai4bharat,hin
23,22,72,297,ai4bharat,hin
30,26,87,358,ai4bharat,hin
15,12,42,143,ai4bharat,hin
37,35,111,432,ai4bharat,hin
28,27,84,330,ai4bharat,hin
31,29,101,391,ai4bharat,hin
50,46,154,601,ai4bharat,hin
47,34,121,499,ai4bharat,hin
45,39,131,550,ai4bharat,hin
42,31,112,446,ai4bharat,hin
23,21,72,321,ai4bharat,hin
16,14,45,180,ai4bharat,hin
28,25,77,325,ai4bharat,hin
20,16,59,218,ai4bharat,hin
33,29,91,358,ai4bharat,hin
46,40,132,508,ai4bharat,hin
33,28,97,402,ai4bharat,hin
27,24,72,262,ai4bharat,hin
19,17,64,263,ai4bharat,hin
24,20,66,233,ai4bharat,hin
24,21,73,302,ai4bharat,hin
36,29,102,423,ai4bharat,hin
25,22,67,280,ai4bharat,hin
59,48,168,626,ai4bharat,hin
50,37,121,470,ai4bharat,hin
47,39,139,548,ai4bharat,hin
38,32,113,440,ai4bharat,hin
42,32,106,419,ai4bharat,hin
45,37,123,501,ai4bharat,hin
22,21,73,269,ai4bharat,hin
11,10,34,163,ai4bharat,hin
42,28,102,472,ai4bharat,hin
27,15,64,257,ai4bharat,hin
24,18,59,226,ai4bharat,hin
26,19,64,268,ai4bharat,hin
38,31,95,369,ai4bharat,hin
19,16,46,160,ai4bharat,hin
32,23,78,321,ai4bharat,hin
49,40,131,448,ai4bharat,hin
41,39,124,502,ai4bharat,hin
32,22,78,347,ai4bharat,hin
33,27,81,318,ai4bharat,hin
34,25,81,301,ai4bharat,hin
27,26,86,346,ai4bharat,hin
34,29,94,363,ai4bharat,hin
14,12,41,185,ai4bharat,hin
39,30,98,378,ai4bharat,hin
23,17,61,243,ai4bharat,hin
23,20,72,269,ai4bharat,hin
31,17,66,283,ai4bharat,hin
24,19,69,284,ai4bharat,hin
28,26,78,320,ai4bharat,hin
20,17,56,208,ai4bharat,hin
46,31,113,436,ai4bharat,hin
32,27,93,313,ai4bharat,hin
16,15,48,192,ai4bharat,hin
24,23,69,251,ai4bharat,hin
15,14,50,196,ai4bharat,hin
13,10,40,166,ai4bharat,hin
52,42,132,541,ai4bharat,hin
56,41,143,507,ai4bharat,hin
24,18,58,215,ai4bharat,hin
27,17,56,216,ai4bharat,hin
11,10,31,103,ai4bharat,hin
15,14,45,173,ai4bharat,hin
22,18,53,222,ai4bharat,hin
39,33,119,478,ai4bharat,hin
29,23,81,327,ai4bharat,hin
29,28,93,393,ai4bharat,hin
33,26,88,318,ai4bharat,hin
17,13,44,173,ai4bharat,hin
39,33,109,409,ai4bharat,hin
40,28,100,412,ai4bharat,hin
44,37,113,434,ai4bharat,hin
22,17,58,225,ai4bharat,hin
16,13,43,155,ai4bharat,hin
18,16,56,176,ai4bharat,hin
37,32,99,364,ai4bharat,hin
11,10,29,111,ai4bharat,hin
43,40,132,520,ai4bharat,hin
36,31,104,440,ai4bharat,hin
22,17,63,228,ai4bharat,hin
27,24,73,323,ai4bharat,hin
41,36,120,478,ai4bharat,hin
34,31,99,364,ai4bharat,hin
19,17,54,231,ai4bharat,hin
23,16,53,166,ai4bharat,hin
28,25,79,316,ai4bharat,hin
14,11,35,109,ai4bharat,hin
23,19,59,198,ai4bharat,hin
24,18,58,237,ai4bharat,hin
31,23,73,289,ai4bharat,hin
39,33,103,413,ai4bharat,hin
42,34,113,449,ai4bharat,hin
31,29,92,351,ai4bharat,hin
24,20,62,284,ai4bharat,hin
22,19,61,213,ai4bharat,hin
35,25,89,406,ai4bharat,hin
21,14,57,238,ai4bharat,hin
28,27,91,351,ai4bharat,hin
16,14,48,204,ai4bharat,hin
18,16,51,198,ai4bharat,hin
29,22,76,320,ai4bharat,hin
42,32,109,432,ai4bharat,hin
46,33,110,384,ai4bharat,hin
35,28,89,356,ai4bharat,hin
34,28,94,389,ai4bharat,hin
31,30,90,330,ai4bharat,hin
44,38,125,511,ai4bharat,hin
24,21,71,253,ai4bharat,hin
36,26,90,267,ai4bharat,hin
25,17,55,231,ai4bharat,hin
20,15,44,175,ai4bharat,hin
71,50,185,771,ai4bharat,hin
49,40,140,515,ai4bharat,hin
32,27,89,346,ai4bharat,hin
16,13,43,200,ai4bharat,hin
53,43,139,525,ai4bharat,hin
35,32,107,469,ai4bharat,hin
33,27,91,294,ai4bharat,hin
39,33,125,491,ai4bharat,hin
30,25,83,313,ai4bharat,hin
35,29,106,368,ai4bharat,hin
23,17,64,187,ai4bharat,hin
21,17,51,221,ai4bharat,hin
30,26,84,333,ai4bharat,hin
23,20,65,273,ai4bharat,hin
16,14,52,223,ai4bharat,hin
40,25,89,396,ai4bharat,hin
25,22,69,233,ai4bharat,hin
18,12,43,185,ai4bharat,hin
28,20,61,226,ai4bharat,hin
29,19,67,302,ai4bharat,hin
18,12,44,164,ai4bharat,hin
32,20,84,370,ai4bharat,hin
35,26,89,300,ai4bharat,hin
38,29,84,334,ai4bharat,hin
36,24,85,347,ai4bharat,hin
16,12,42,169,ai4bharat,hin
23,19,66,253,ai4bharat,hin
28,21,71,258,ai4bharat,hin
33,24,83,353,ai4bharat,hin
32,26,90,354,ai4bharat,hin
38,23,87,363,ai4bharat,hin
38,27,87,349,ai4bharat,hin
69,60,184,703,ai4bharat,hin
21,17,54,224,ai4bharat,hin
26,17,60,237,ai4bharat,hin
55,47,143,548,ai4bharat,hin
68,56,197,780,ai4bharat,hin
24,19,72,269,ai4bharat,hin
25,19,67,227,ai4bharat,hin
48,35,118,487,ai4bharat,hin
41,26,98,437,ai4bharat,hin
40,26,91,416,ai4bharat,hin
54,34,130,548,ai4bharat,hin
36,34,100,398,ai4bharat,hin
44,36,122,483,ai4bharat,hin
27,21,71,273,ai4bharat,hin
38,31,107,487,ai4bharat,hin
24,21,68,279,ai4bharat,hin
20,16,52,237,ai4bharat,hin
16,13,46,170,ai4bharat,hin
32,30,99,393,ai4bharat,hin
23,15,46,168,ai4bharat,hin
25,19,59,226,ai4bharat,hin
36,29,93,342,ai4bharat,hin
31,25,82,324,ai4bharat,hin
18,15,51,189,ai4bharat,hin
35,29,89,356,ai4bharat,hin
28,23,80,320,ai4bharat,hin
31,26,94,387,ai4bharat,hin
13,12,42,180,ai4bharat,hin
24,22,70,257,ai4bharat,hin
36,32,108,388,ai4bharat,hin
29,25,81,271,ai4bharat,hin
17,14,45,185,ai4bharat,hin
14,13,42,150,ai4bharat,hin
28,26,81,309,ai4bharat,hin
23,19,61,230,ai4bharat,hin
30,24,79,295,ai4bharat,hin
20,18,60,225,ai4bharat,hin
18,11,46,135,ai4bharat,hin
17,15,49,198,ai4bharat,hin
32,26,88,313,ai4bharat,hin
13,9,30,112,ai4bharat,hin
45,29,102,364,ai4bharat,hin
21,15,52,204,ai4bharat,hin
33,23,79,344,ai4bharat,hin
42,28,107,433,ai4bharat,hin
19,17,59,233,ai4bharat,hin
27,21,69,264,ai4bharat,hin
44,32,110,434,ai4bharat,hin
36,27,86,338,ai4bharat,hin
26,19,58,274,ai4bharat,hin
23,18,57,192,ai4bharat,hin
26,19,66,238,ai4bharat,hin
17,14,45,186,ai4bharat,hin
32,26,83,291,ai4bharat,hin
77,60,200,713,ai4bharat,hin
43,34,108,411,ai4bharat,hin
28,21,69,288,ai4bharat,hin
42,35,112,422,ai4bharat,hin
27,26,76,248,ai4bharat,hin
28,22,72,318,ai4bharat,hin
11,10,34,115,ai4bharat,hin
12,11,34,137,ai4bharat,hin
32,29,95,383,ai4bharat,hin
30,25,83,316,ai4bharat,hin
29,25,84,358,ai4bharat,hin
23,17,58,260,ai4bharat,hin
40,27,93,410,ai4bharat,hin
27,25,83,338,ai4bharat,hin
25,21,73,284,ai4bharat,hin
15,13,40,145,ai4bharat,hin
22,22,65,235,ai4bharat,hin
37,29,101,446,ai4bharat,hin
47,41,135,520,ai4bharat,hin
29,24,85,313,ai4bharat,hin
45,37,118,469,ai4bharat,hin
18,14,46,193,ai4bharat,hin
26,19,65,225,ai4bharat,hin
32,20,73,305,ai4bharat,hin
52,40,131,469,ai4bharat,hin
20,16,52,194,ai4bharat,hin
22,15,55,229,ai4bharat,hin
36,32,99,382,ai4bharat,hin
78,50,177,647,ai4bharat,hin
37,32,104,376,ai4bharat,hin
13,12,42,162,ai4bharat,hin
35,32,108,426,ai4bharat,hin
27,15,54,212,ai4bharat,hin
21,19,61,232,ai4bharat,hin
21,19,56,195,ai4bharat,hin
11,9,29,118,ai4bharat,hin
35,30,99,337,ai4bharat,hin
17,13,42,172,ai4bharat,hin
19,13,44,208,ai4bharat,hin
21,15,47,191,ai4bharat,hin
31,26,89,343,ai4bharat,hin
34,32,101,398,ai4bharat,hin
40,27,97,421,ai4bharat,hin
31,28,90,350,ai4bharat,hin
30,23,83,327,ai4bharat,hin
30,27,85,339,ai4bharat,hin
42,38,129,489,ai4bharat,hin
39,33,113,472,ai4bharat,hin
32,24,86,342,ai4bharat,hin
40,32,119,473,ai4bharat,hin
21,15,51,173,ai4bharat,hin
13,9,27,116,ai4bharat,hin
33,30,96,384,ai4bharat,hin
22,19,65,286,ai4bharat,hin
22,18,59,198,ai4bharat,hin
31,25,85,282,ai4bharat,hin
25,20,77,296,ai4bharat,hin
29,25,81,271,ai4bharat,hin
25,21,68,270,ai4bharat,hin
25,15,65,224,ai4bharat,hin
25,21,71,294,ai4bharat,hin
19,15,47,198,ai4bharat,hin
26,23,82,328,ai4bharat,hin
18,12,43,164,ai4bharat,hin
23,21,58,201,ai4bharat,hin
21,16,54,238,ai4bharat,hin
33,24,74,308,ai4bharat,hin
18,15,48,204,ai4bharat,hin
27,24,82,354,ai4bharat,hin
25,21,68,247,ai4bharat,hin
26,25,74,295,ai4bharat,hin
26,17,61,262,ai4bharat,hin
11,8,25,113,ai4bharat,hin
47,36,120,454,ai4bharat,hin
47,31,116,414,ai4bharat,hin
33,29,100,350,ai4bharat,hin
38,34,119,494,ai4bharat,hin
34,28,92,373,ai4bharat,hin
44,41,134,542,ai4bharat,hin
37,31,110,436,ai4bharat,hin
25,23,71,296,ai4bharat,hin
36,29,99,406,ai4bharat,hin
29,26,87,329,ai4bharat,hin
17,14,46,170,ai4bharat,hin
29,25,83,336,ai4bharat,hin
30,27,92,338,ai4bharat,hin
12,8,36,155,ai4bharat,hin
15,14,48,183,ai4bharat,hin
40,33,108,434,ai4bharat,hin
49,37,148,570,ai4bharat,hin
36,29,103,435,ai4bharat,hin
27,25,80,322,ai4bharat,hin
30,22,80,328,ai4bharat,hin
76,53,195,890,ai4bharat,hin
21,18,54,187,ai4bharat,hin
32,26,76,281,ai4bharat,hin
55,43,144,555,ai4bharat,hin
23,20,64,221,ai4bharat,hin
20,14,50,178,ai4bharat,hin
19,14,51,161,ai4bharat,hin
32,25,87,375,ai4bharat,hin
25,19,54,224,ai4bharat,hin
23,20,70,246,ai4bharat,hin
31,22,75,285,ai4bharat,hin
27,18,58,252,ai4bharat,hin
38,32,105,434,ai4bharat,hin
16,14,48,183,ai4bharat,hin
21,17,59,216,ai4bharat,hin
36,31,105,443,ai4bharat,hin
22,19,61,241,ai4bharat,hin
35,28,87,350,ai4bharat,hin
18,15,49,180,ai4bharat,hin
30,24,79,315,ai4bharat,hin
36,24,79,323,ai4bharat,hin
20,19,58,244,ai4bharat,hin
16,13,45,196,ai4bharat,hin
29,23,68,249,ai4bharat,hin
24,19,66,249,ai4bharat,hin
51,42,136,531,ai4bharat,hin
46,41,136,475,ai4bharat,hin
43,26,85,312,ai4bharat,hin
30,23,73,283,ai4bharat,hin
51,36,124,477,ai4bharat,hin
35,27,87,350,ai4bharat,hin
48,38,128,461,ai4bharat,hin
69,64,186,681,ai4bharat,hin
36,30,118,408,ai4bharat,hin
23,20,64,225,ai4bharat,hin
30,24,81,279,ai4bharat,hin
25,21,70,284,ai4bharat,hin
32,27,96,378,ai4bharat,hin
32,27,93,390,ai4bharat,hin
20,14,46,198,ai4bharat,hin
38,34,106,415,ai4bharat,hin
27,19,66,244,ai4bharat,hin
51,43,129,499,ai4bharat,hin
44,32,108,387,ai4bharat,hin
34,28,87,336,ai4bharat,hin
57,39,147,572,ai4bharat,hin
42,36,119,418,ai4bharat,hin
24,21,68,282,ai4bharat,hin
36,29,89,305,ai4bharat,hin
21,19,64,265,ai4bharat,hin
23,21,70,276,ai4bharat,hin
25,23,76,301,ai4bharat,hin
38,27,86,328,ai4bharat,hin
11,9,28,108,ai4bharat,hin
12,10,33,136,ai4bharat,hin
11,10,31,127,ai4bharat,hin
28,23,77,298,ai4bharat,hin
19,15,47,182,ai4bharat,hin
51,40,133,520,ai4bharat,hin
22,18,59,208,ai4bharat,hin
38,22,89,351,ai4bharat,hin
30,23,77,313,ai4bharat,hin
27,21,67,267,ai4bharat,hin
32,27,89,335,ai4bharat,hin
40,31,98,353,ai4bharat,hin
21,18,53,193,ai4bharat,hin
29,24,74,310,ai4bharat,hin
44,33,107,455,ai4bharat,hin
27,19,69,261,ai4bharat,hin
30,24,70,309,ai4bharat,hin
34,32,100,375,ai4bharat,hin
54,41,145,518,ai4bharat,hin
35,26,91,402,ai4bharat,hin
21,19,60,271,ai4bharat,hin
32,27,100,406,ai4bharat,hin
42,38,125,539,ai4bharat,hin
20,17,55,215,ai4bharat,hin
36,35,113,460,ai4bharat,hin
29,26,85,329,ai4bharat,hin
43,22,93,361,ai4bharat,hin
26,20,76,369,ai4bharat,hin
32,24,77,294,ai4bharat,hin
28,23,77,309,ai4bharat,hin
31,22,73,307,ai4bharat,hin
55,47,159,593,ai4bharat,hin
36,28,103,374,ai4bharat,hin
52,38,141,487,ai4bharat,hin
29,19,63,266,ai4bharat,hin
29,28,88,337,ai4bharat,hin
26,23,72,281,ai4bharat,hin
34,24,85,351,ai4bharat,hin
31,27,95,373,ai4bharat,hin
22,19,58,225,ai4bharat,hin
32,23,84,313,ai4bharat,hin
28,20,80,276,ai4bharat,hin
27,24,88,328,ai4bharat,hin
36,30,104,374,ai4bharat,hin
24,22,71,272,ai4bharat,hin
26,21,68,274,ai4bharat,hin
15,13,42,169,ai4bharat,hin
36,33,100,372,ai4bharat,hin
45,44,127,485,ai4bharat,hin
18,15,49,211,ai4bharat,hin
38,32,123,554,ai4bharat,hin
36,34,106,421,ai4bharat,hin
32,27,92,367,ai4bharat,hin
19,17,62,237,ai4bharat,hin
30,27,84,351,ai4bharat,hin
25,21,75,298,ai4bharat,hin
34,27,97,376,ai4bharat,hin
32,27,92,348,ai4bharat,hin
43,38,123,477,ai4bharat,hin
19,16,54,198,ai4bharat,hin
48,38,113,444,ai4bharat,hin
39,33,118,483,ai4bharat,hin
25,23,78,317,ai4bharat,hin
23,22,68,273,ai4bharat,hin
29,22,73,326,ai4bharat,hin
44,36,119,442,ai4bharat,hin
26,24,76,283,ai4bharat,hin
25,24,68,290,ai4bharat,hin
38,32,101,371,ai4bharat,hin
43,37,119,427,ai4bharat,hin
22,17,49,193,ai4bharat,hin
32,26,88,386,ai4bharat,hin
47,30,102,416,ai4bharat,hin
40,32,103,420,ai4bharat,hin
34,26,83,310,ai4bharat,hin
47,40,124,432,ai4bharat,hin
26,19,73,249,ai4bharat,hin
37,31,108,441,ai4bharat,hin
65,51,170,601,ai4bharat,hin
28,22,75,296,ai4bharat,hin
18,17,51,200,ai4bharat,hin
32,27,87,348,ai4bharat,hin
21,18,59,261,ai4bharat,hin
55,51,161,636,ai4bharat,hin
25,18,67,309,ai4bharat,hin
20,18,59,231,ai4bharat,hin
44,36,126,419,ai4bharat,hin
26,25,84,292,ai4bharat,hin
53,45,164,728,ai4bharat,hin
51,44,161,669,ai4bharat,hin
22,20,66,239,ai4bharat,hin
39,31,109,415,ai4bharat,hin
36,30,105,422,ai4bharat,hin
29,18,62,263,ai4bharat,hin
55,43,145,575,ai4bharat,hin
38,31,98,391,ai4bharat,hin
25,17,62,183,ai4bharat,hin
45,39,126,492,ai4bharat,hin
22,17,57,220,ai4bharat,hin
19,16,51,169,ai4bharat,hin
15,11,38,179,ai4bharat,hin
22,16,60,208,ai4bharat,hin
43,40,131,505,ai4bharat,hin
22,21,73,287,ai4bharat,hin
43,37,129,534,ai4bharat,hin
23,22,73,286,ai4bharat,hin
37,33,115,467,ai4bharat,hin
28,17,59,226,ai4bharat,hin
35,26,88,336,ai4bharat,hin
37,29,105,418,ai4bharat,hin
50,45,151,668,ai4bharat,hin
53,39,138,558,ai4bharat,hin
23,23,69,267,ai4bharat,hin
30,27,77,277,ai4bharat,hin
50,36,136,508,ai4bharat,hin
29,22,80,318,ai4bharat,hin
40,33,104,436,ai4bharat,hin
41,28,100,357,ai4bharat,hin
47,39,127,547,ai4bharat,hin
33,27,92,351,ai4bharat,hin
32,29,93,343,ai4bharat,hin
16,14,45,190,ai4bharat,hin
22,19,73,314,ai4bharat,hin
31,28,81,310,ai4bharat,hin
17,11,43,170,ai4bharat,hin
24,19,70,284,ai4bharat,hin
33,23,93,299,ai4bharat,hin
48,33,123,449,ai4bharat,hin
37,23,92,440,ai4bharat,hin
33,30,89,366,ai4bharat,hin
40,35,111,425,ai4bharat,hin
31,29,88,356,ai4bharat,hin
22,19,58,227,ai4bharat,hin
21,17,60,243,ai4bharat,hin
22,16,56,235,ai4bharat,hin
31,23,85,330,ai4bharat,hin
23,18,69,263,ai4bharat,hin
37,30,100,427,ai4bharat,hin
44,32,111,455,ai4bharat,hin
39,31,107,410,ai4bharat,hin
30,26,86,305,ai4bharat,hin
26,25,80,312,ai4bharat,hin
41,36,113,400,ai4bharat,hin
44,34,123,486,ai4bharat,hin
26,23,76,311,ai4bharat,hin
22,19,67,255,ai4bharat,hin
26,23,74,286,ai4bharat,hin
28,25,85,356,ai4bharat,hin
28,24,79,327,ai4bharat,hin
32,23,80,356,ai4bharat,hin
40,33,106,447,ai4bharat,hin
44,37,125,484,ai4bharat,hin
24,22,65,242,ai4bharat,hin
41,31,108,409,ai4bharat,hin
35,25,94,328,ai4bharat,hin
86,67,244,983,ai4bharat,hin
37,34,105,451,ai4bharat,hin
48,46,148,569,ai4bharat,hin
35,33,130,542,ai4bharat,hin
25,22,71,271,ai4bharat,hin
22,20,66,267,ai4bharat,hin
23,18,61,222,ai4bharat,hin
24,20,71,274,ai4bharat,hin
65,55,170,698,ai4bharat,hin
15,12,38,152,ai4bharat,hin
46,40,125,507,ai4bharat,hin
42,36,119,465,ai4bharat,hin
21,17,55,191,ai4bharat,hin
32,24,77,265,ai4bharat,hin
35,27,95,339,ai4bharat,hin
16,8,34,137,ai4bharat,hin
50,32,110,429,ai4bharat,hin
43,40,134,510,ai4bharat,hin
36,31,107,416,ai4bharat,hin
40,35,119,455,ai4bharat,hin
54,45,144,573,ai4bharat,hin
31,22,71,247,ai4bharat,hin
26,19,60,260,ai4bharat,hin
35,32,102,378,ai4bharat,hin
32,25,82,304,ai4bharat,hin
32,29,89,332,ai4bharat,hin
16,13,45,154,ai4bharat,hin
19,17,51,214,ai4bharat,hin
33,25,77,298,ai4bharat,hin
28,23,80,303,ai4bharat,hin
42,34,97,360,ai4bharat,hin
30,26,89,352,ai4bharat,hin
25,19,67,271,ai4bharat,hin
16,14,47,202,ai4bharat,hin
23,19,63,246,ai4bharat,hin
21,17,62,236,ai4bharat,hin
30,22,70,281,ai4bharat,hin
39,27,102,403,ai4bharat,hin
25,18,66,266,ai4bharat,hin
22,21,63,254,ai4bharat,hin
26,25,73,271,ai4bharat,hin
17,16,48,190,ai4bharat,hin
30,25,87,357,ai4bharat,hin
32,30,99,435,ai4bharat,hin
45,39,144,559,ai4bharat,hin
22,18,62,281,ai4bharat,hin
18,15,50,221,ai4bharat,hin
26,20,67,277,ai4bharat,hin
34,28,97,406,ai4bharat,hin
36,28,100,430,ai4bharat,hin
27,22,76,312,ai4bharat,hin
21,16,53,187,ai4bharat,hin
22,19,60,226,ai4bharat,hin
35,25,87,381,ai4bharat,hin
46,33,120,466,ai4bharat,hin
31,27,88,364,ai4bharat,hin
31,28,99,422,ai4bharat,hin
35,29,107,445,ai4bharat,hin
23,14,52,208,ai4bharat,hin
31,29,85,352,ai4bharat,hin
29,26,89,312,ai4bharat,hin
38,36,114,462,ai4bharat,hin
27,25,84,335,ai4bharat,hin
25,21,70,295,ai4bharat,hin
36,31,103,421,ai4bharat,hin
26,25,84,345,ai4bharat,hin
34,28,93,407,ai4bharat,hin
40,33,110,426,ai4bharat,hin
37,24,88,312,ai4bharat,hin
21,13,51,212,ai4bharat,hin
39,35,111,424,ai4bharat,hin
19,16,51,195,ai4bharat,hin
19,16,49,216,ai4bharat,hin
29,18,62,259,ai4bharat,hin
25,19,61,247,ai4bharat,hin
40,37,113,414,ai4bharat,hin
22,19,58,216,ai4bharat,hin
28,25,78,288,ai4bharat,hin
22,17,54,196,ai4bharat,hin
21,17,53,214,ai4bharat,hin
25,15,58,197,ai4bharat,hin
37,31,103,428,ai4bharat,hin
26,20,71,314,ai4bharat,hin
22,19,66,257,ai4bharat,hin
15,13,49,186,ai4bharat,hin
37,30,99,424,ai4bharat,hin
10,8,29,113,ai4bharat,hin
46,39,131,570,ai4bharat,hin
33,25,76,285,ai4bharat,hin
48,39,125,517,ai4bharat,hin
27,22,66,258,ai4bharat,hin
24,18,59,246,ai4bharat,hin
24,17,59,258,ai4bharat,hin
26,20,61,277,ai4bharat,hin
27,25,74,306,ai4bharat,hin
18,15,45,160,ai4bharat,hin
34,24,86,322,ai4bharat,hin
20,16,59,235,ai4bharat,hin
17,16,46,169,ai4bharat,hin
30,25,79,294,ai4bharat,hin
29,25,81,320,ai4bharat,hin
28,24,75,304,ai4bharat,hin
21,17,51,192,ai4bharat,hin
25,21,72,245,ai4bharat,hin
15,13,38,162,ai4bharat,hin
23,18,62,212,ai4bharat,hin
25,21,62,275,ai4bharat,hin
31,24,81,326,ai4bharat,hin
52,48,137,559,ai4bharat,hin
26,18,66,325,ai4bharat,hin
50,43,138,530,ai4bharat,hin
38,30,106,417,ai4bharat,hin
38,34,108,431,ai4bharat,hin
17,14,47,183,ai4bharat,hin
19,15,47,175,ai4bharat,hin
25,23,78,309,ai4bharat,hin
20,19,64,250,ai4bharat,hin
35,32,112,447,ai4bharat,hin
31,19,72,244,ai4bharat,hin
32,23,87,340,ai4bharat,hin
31,29,109,468,ai4bharat,hin
30,27,94,378,ai4bharat,hin
37,34,107,384,ai4bharat,hin
32,26,92,366,ai4bharat,hin
34,28,90,340,ai4bharat,hin
36,31,107,470,ai4bharat,hin
15,14,51,224,ai4bharat,hin
37,33,112,449,ai4bharat,hin
25,23,75,287,ai4bharat,hin
30,26,93,360,ai4bharat,hin
40,36,128,498,ai4bharat,hin
23,22,77,330,ai4bharat,hin
35,31,108,400,ai4bharat,hin
24,20,73,276,ai4bharat,hin
37,30,112,477,ai4bharat,hin
35,31,98,405,ai4bharat,hin
46,40,137,560,ai4bharat,hin
24,23,76,290,ai4bharat,hin
63,53,178,722,ai4bharat,hin
48,41,138,520,ai4bharat,hin
34,29,103,408,ai4bharat,hin
51,40,140,539,ai4bharat,hin
29,26,84,336,ai4bharat,hin
66,55,201,809,ai4bharat,hin
29,25,88,344,ai4bharat,hin
28,20,72,307,ai4bharat,hin
26,21,67,277,ai4bharat,hin
25,23,69,263,ai4bharat,hin
31,25,87,368,ai4bharat,hin
15,13,41,187,ai4bharat,hin
14,10,38,157,ai4bharat,hin
26,21,64,301,ai4bharat,hin
27,20,67,234,ai4bharat,hin
36,27,94,393,ai4bharat,hin
17,15,51,207,ai4bharat,hin
25,22,73,293,ai4bharat,hin
22,19,60,204,ai4bharat,hin
42,38,126,485,ai4bharat,hin
33,25,81,319,ai4bharat,hin
50,38,131,528,ai4bharat,hin
31,26,81,306,ai4bharat,hin
41,33,101,448,ai4bharat,hin
19,15,49,213,ai4bharat,hin
58,40,137,530,ai4bharat,hin
20,15,52,220,ai4bharat,hin
39,32,102,385,ai4bharat,hin
30,24,80,324,ai4bharat,hin
28,22,73,311,ai4bharat,hin
45,28,103,380,ai4bharat,hin
31,20,68,262,ai4bharat,hin
31,21,79,294,ai4bharat,hin
24,22,65,240,ai4bharat,hin
20,16,53,204,ai4bharat,hin
21,20,64,221,ai4bharat,hin
43,28,101,443,ai4bharat,hin
33,23,86,280,ai4bharat,hin
38,25,86,357,ai4bharat,hin
21,19,61,276,ai4bharat,hin
32,26,87,380,ai4bharat,hin
24,23,72,307,ai4bharat,hin
36,27,95,382,ai4bharat,hin
25,19,64,284,ai4bharat,hin
23,22,70,285,ai4bharat,hin
35,31,107,371,ai4bharat,hin
33,26,87,344,ai4bharat,hin
28,24,81,326,ai4bharat,hin
32,26,83,322,ai4bharat,hin
25,17,65,231,ai4bharat,hin
34,27,104,313,ai4bharat,hin
51,35,124,438,ai4bharat,hin
19,17,59,219,ai4bharat,hin
17,15,52,222,ai4bharat,hin
34,22,81,262,ai4bharat,hin
46,27,91,375,ai4bharat,hin
25,21,70,220,ai4bharat,hin
34,27,89,316,ai4bharat,hin
26,23,74,277,ai4bharat,hin
40,29,96,370,ai4bharat,hin
40,29,102,388,ai4bharat,hin
35,28,95,389,ai4bharat,hin
19,15,48,190,ai4bharat,hin
28,21,74,277,ai4bharat,hin
16,14,45,200,ai4bharat,hin
19,15,48,201,ai4bharat,hin
17,16,47,183,ai4bharat,hin
25,20,67,281,ai4bharat,hin
33,19,74,285,ai4bharat,hin
28,23,73,305,ai4bharat,hin
28,26,88,391,ai4bharat,hin
40,36,120,542,ai4bharat,hin
26,20,70,270,ai4bharat,hin
31,25,82,358,ai4bharat,hin
28,18,61,233,ai4bharat,hin
39,33,109,397,ai4bharat,hin
26,20,66,243,ai4bharat,hin
35,30,94,373,ai4bharat,hin
37,25,90,353,ai4bharat,hin
36,26,92,320,ai4bharat,hin
33,29,103,377,ai4bharat,hin
38,32,107,414,ai4bharat,hin
27,19,64,204,ai4bharat,hin
21,18,60,191,ai4bharat,hin
31,29,102,370,ai4bharat,hin
23,19,66,231,ai4bharat,hin
32,25,87,371,ai4bharat,hin
28,23,75,298,ai4bharat,hin
32,26,87,350,ai4bharat,hin
28,22,71,308,ai4bharat,hin
30,21,76,313,ai4bharat,hin
29,20,73,314,ai4bharat,hin
39,26,96,310,ai4bharat,hin
22,17,61,252,ai4bharat,hin
26,24,75,274,ai4bharat,hin
49,31,105,438,ai4bharat,hin
19,17,55,210,ai4bharat,hin
30,23,70,261,ai4bharat,hin
21,18,60,259,ai4bharat,hin
41,33,107,402,ai4bharat,hin
32,27,85,354,ai4bharat,hin
33,26,81,315,ai4bharat,hin
30,29,88,319,ai4bharat,hin
34,31,101,407,ai4bharat,hin
40,31,107,414,ai4bharat,hin
40,30,97,381,ai4bharat,hin
22,21,69,267,ai4bharat,hin
44,33,112,452,ai4bharat,hin
29,22,75,298,ai4bharat,hin
34,26,79,324,ai4bharat,hin
23,19,58,250,ai4bharat,hin
39,37,118,479,ai4bharat,hin
34,23,82,348,ai4bharat,hin
48,40,136,509,ai4bharat,hin
31,27,88,320,ai4bharat,hin
31,26,84,334,ai4bharat,hin
32,28,85,320,ai4bharat,hin
31,24,79,279,ai4bharat,hin
24,17,57,227,ai4bharat,hin
21,17,52,199,ai4bharat,hin
31,25,85,339,ai4bharat,hin
20,17,57,233,ai4bharat,hin
29,25,83,319,ai4bharat,hin
26,21,72,265,ai4bharat,hin
28,18,63,246,ai4bharat,hin
37,25,87,328,ai4bharat,hin
23,18,63,231,ai4bharat,hin
23,20,72,292,ai4bharat,hin
31,29,92,324,ai4bharat,hin
44,38,127,493,ai4bharat,hin
38,25,94,298,ai4bharat,hin
43,36,106,416,ai4bharat,hin
38,32,104,385,ai4bharat,hin
32,25,81,274,ai4bharat,hin
21,19,61,232,ai4bharat,hin
28,24,75,307,ai4bharat,hin
36,32,116,417,ai4bharat,hin
24,21,68,283,ai4bharat,hin
36,32,103,374,ai4bharat,hin
25,22,75,290,ai4bharat,hin
19,18,59,240,ai4bharat,hin
28,24,81,322,ai4bharat,hin
47,32,115,472,ai4bharat,hin
35,26,88,323,ai4bharat,hin
38,31,104,349,ai4bharat,hin
27,22,75,331,ai4bharat,hin
28,21,72,317,ai4bharat,hin
33,24,76,326,ai4bharat,hin
34,27,89,377,ai4bharat,hin
32,22,75,317,ai4bharat,hin
25,17,58,240,ai4bharat,hin
18,12,40,132,ai4bharat,hin
41,39,131,534,ai4bharat,hin
36,29,100,396,ai4bharat,hin
38,33,102,410,ai4bharat,hin
53,42,145,605,ai4bharat,hin
26,22,64,247,ai4bharat,hin
28,26,85,346,ai4bharat,hin
48,40,124,448,ai4bharat,hin
25,16,60,218,ai4bharat,hin
42,33,106,418,ai4bharat,hin
44,33,103,405,ai4bharat,hin
41,30,103,431,ai4bharat,hin
41,32,104,462,ai4bharat,hin
43,31,106,462,ai4bharat,hin
23,20,62,256,ai4bharat,hin
36,33,101,404,ai4bharat,hin
26,17,55,241,ai4bharat,hin
48,38,124,487,ai4bharat,hin
17,12,40,175,ai4bharat,hin
37,33,109,429,ai4bharat,hin
41,37,125,524,ai4bharat,hin
20,16,51,176,ai4bharat,hin
29,26,84,314,ai4bharat,hin
45,32,112,409,ai4bharat,hin
34,29,99,384,ai4bharat,hin
20,18,62,250,ai4bharat,hin
31,28,90,368,ai4bharat,hin
28,23,79,343,ai4bharat,hin
48,36,133,523,ai4bharat,hin
39,28,96,310,ai4bharat,hin
49,35,126,506,ai4bharat,hin
30,28,84,354,ai4bharat,hin
29,26,87,331,ai4bharat,hin
33,27,93,356,ai4bharat,hin
18,12,44,175,ai4bharat,hin
24,19,72,300,ai4bharat,hin
29,25,90,344,ai4bharat,hin
33,26,90,367,ai4bharat,hin
26,20,67,227,ai4bharat,hin
29,20,71,300,ai4bharat,hin
39,38,115,488,ai4bharat,hin
24,21,67,305,ai4bharat,hin
22,18,71,283,ai4bharat,hin
23,23,74,285,ai4bharat,hin
31,27,92,346,ai4bharat,hin
23,20,69,296,ai4bharat,hin
30,25,87,381,ai4bharat,hin
32,28,93,344,ai4bharat,hin
21,18,60,255,ai4bharat,hin
27,21,71,268,ai4bharat,hin
29,23,85,345,ai4bharat,hin
26,22,74,277,ai4bharat,hin
31,24,77,324,ai4bharat,hin
30,25,75,296,ai4bharat,hin
22,19,55,209,ai4bharat,hin
45,41,123,432,ai4bharat,hin
35,30,99,349,ai4bharat,hin
34,29,98,378,ai4bharat,hin
31,28,89,332,ai4bharat,hin
34,31,95,326,ai4bharat,hin
21,20,63,236,ai4bharat,hin
20,18,56,219,ai4bharat,hin
17,15,44,174,ai4bharat,hin
23,21,70,274,ai4bharat,hin
20,16,49,210,ai4bharat,hin
17,13,44,204,ai4bharat,hin
37,31,101,354,ai4bharat,hin
40,25,91,365,ai4bharat,hin
30,22,85,359,ai4bharat,hin
25,15,50,237,ai4bharat,hin
39,31,109,458,ai4bharat,hin
37,25,87,348,ai4bharat,hin
23,18,63,251,ai4bharat,hin
37,35,116,419,ai4bharat,hin
39,32,112,435,ai4bharat,hin
24,23,71,299,ai4bharat,hin
19,16,57,224,ai4bharat,hin
33,31,105,424,ai4bharat,hin
39,35,106,430,ai4bharat,hin
15,14,48,209,ai4bharat,hin
33,27,84,324,ai4bharat,hin
18,15,47,192,ai4bharat,hin
35,29,91,342,ai4bharat,hin
20,17,53,194,ai4bharat,hin
29,23,79,326,ai4bharat,hin
21,15,52,243,ai4bharat,hin
29,28,88,301,ai4bharat,hin
27,23,82,281,ai4bharat,hin
43,36,111,451,ai4bharat,hin
47,43,140,534,ai4bharat,hin
30,27,81,298,ai4bharat,hin
44,41,125,442,ai4bharat,hin
52,43,149,650,ai4bharat,hin
27,23,72,268,ai4bharat,hin
31,25,78,290,ai4bharat,hin
40,37,121,469,ai4bharat,hin
32,26,86,326,ai4bharat,hin
44,36,117,438,ai4bharat,hin
34,29,85,347,ai4bharat,hin
44,40,133,524,ai4bharat,hin
28,20,69,289,ai4bharat,hin
17,13,43,173,ai4bharat,hin
42,35,117,497,ai4bharat,hin
19,16,56,238,ai4bharat,hin
12,8,27,130,ai4bharat,hin
40,30,109,393,ai4bharat,hin
40,33,103,404,ai4bharat,hin
59,40,155,650,ai4bharat,hin
26,18,64,249,ai4bharat,hin
23,16,56,226,ai4bharat,hin
14,11,35,133,ai4bharat,hin
40,34,110,435,ai4bharat,hin
20,14,44,153,ai4bharat,hin
35,27,91,353,ai4bharat,hin
39,37,113,427,ai4bharat,hin
42,37,126,429,ai4bharat,hin
37,30,100,389,ai4bharat,hin
16,13,44,157,ai4bharat,hin
39,32,118,443,ai4bharat,hin
25,20,70,295,ai4bharat,hin
18,16,55,236,ai4bharat,hin
41,32,116,500,ai4bharat,hin
19,14,46,185,ai4bharat,hin
66,47,174,647,ai4bharat,hin
20,18,58,226,ai4bharat,hin
39,29,96,374,ai4bharat,hin
24,19,70,328,ai4bharat,hin
15,14,44,190,ai4bharat,hin
45,26,99,396,ai4bharat,hin
32,27,84,333,ai4bharat,hin
54,47,154,586,ai4bharat,hin
19,13,46,182,ai4bharat,hin
45,41,132,498,ai4bharat,hin
39,30,104,383,ai4bharat,hin
43,32,112,418,ai4bharat,hin
31,27,75,314,ai4bharat,hin
16,14,47,175,ai4bharat,hin
37,33,105,408,ai4bharat,hin
25,25,80,357,ai4bharat,hin
22,20,61,233,ai4bharat,hin
31,22,76,203,ai4bharat,hin
9,8,30,118,ai4bharat,hin
31,28,97,373,ai4bharat,hin
25,20,68,267,ai4bharat,hin
32,28,93,365,ai4bharat,hin
29,25,83,331,ai4bharat,hin
41,37,122,494,ai4bharat,hin
27,21,82,360,ai4bharat,hin
22,16,51,210,ai4bharat,hin
15,14,43,154,ai4bharat,hin
34,28,96,406,ai4bharat,hin
24,19,67,272,ai4bharat,hin
34,29,95,366,ai4bharat,hin
33,30,99,349,ai4bharat,hin
47,36,125,480,ai4bharat,hin
34,24,86,344,ai4bharat,hin
32,26,76,293,ai4bharat,hin
13,12,43,185,ai4bharat,hin
44,31,103,387,ai4bharat,hin
18,12,41,186,ai4bharat,hin
22,20,66,251,ai4bharat,hin
25,24,72,291,ai4bharat,hin
18,15,49,189,ai4bharat,hin
30,23,81,352,ai4bharat,hin
44,36,121,496,ai4bharat,hin
20,15,50,175,ai4bharat,hin
33,25,89,367,ai4bharat,hin
37,24,85,335,ai4bharat,hin
37,29,94,393,ai4bharat,hin
26,21,71,264,ai4bharat,hin
26,24,77,309,ai4bharat,hin
15,13,46,211,ai4bharat,hin
23,18,68,269,ai4bharat,hin
20,18,67,301,ai4bharat,hin
36,33,108,451,ai4bharat,hin
24,16,90,339,ai4bharat,tam
48,27,162,707,ai4bharat,tam
32,22,129,537,ai4bharat,tam
62,36,205,879,ai4bharat,tam
36,22,130,549,ai4bharat,tam
41,21,116,489,ai4bharat,tam
13,8,41,171,ai4bharat,tam
35,24,119,488,ai4bharat,tam
21,10,53,210,ai4bharat,tam
20,12,62,258,ai4bharat,tam
34,20,115,495,ai4bharat,tam
38,23,142,589,ai4bharat,tam
33,18,111,437,ai4bharat,tam
32,20,128,580,ai4bharat,tam
45,26,172,710,ai4bharat,tam
51,33,199,848,ai4bharat,tam
45,27,174,755,ai4bharat,tam
26,12,76,324,ai4bharat,tam
36,23,126,489,ai4bharat,tam
70,35,210,827,ai4bharat,tam
22,13,72,320,ai4bharat,tam
18,11,64,273,ai4bharat,tam
37,23,126,487,ai4bharat,tam
50,28,149,615,ai4bharat,tam
26,17,111,497,ai4bharat,tam
24,13,78,341,ai4bharat,tam
23,17,106,468,ai4bharat,tam
44,25,152,637,ai4bharat,tam
37,16,109,488,ai4bharat,tam
16,8,56,242,ai4bharat,tam
56,33,193,809,ai4bharat,tam
48,27,176,754,ai4bharat,tam
35,20,116,514,ai4bharat,tam
29,18,119,537,ai4bharat,tam
17,10,66,283,ai4bharat,tam
26,15,83,362,ai4bharat,tam
42,25,173,746,ai4bharat,tam
26,16,100,431,ai4bharat,tam
19,13,74,317,ai4bharat,tam
15,7,49,206,ai4bharat,tam
33,15,111,510,ai4bharat,tam
24,9,55,157,ai4bharat,tam
35,16,106,366,ai4bharat,tam
29,14,79,267,ai4bharat,tam
27,16,97,407,ai4bharat,tam
29,19,105,437,ai4bharat,tam
35,22,112,437,ai4bharat,tam
20,14,85,378,ai4bharat,tam
22,14,78,314,ai4bharat,tam
23,17,91,384,ai4bharat,tam
15,9,47,160,ai4bharat,tam
35,24,145,594,ai4bharat,tam
19,13,83,374,ai4bharat,tam
25,17,99,438,ai4bharat,tam
35,22,128,555,ai4bharat,tam
59,32,173,738,ai4bharat,tam
41,26,143,604,ai4bharat,tam
47,25,142,590,ai4bharat,tam
20,11,80,348,ai4bharat,tam
16,8,54,239,ai4bharat,tam
28,16,99,420,ai4bharat,tam
20,14,74,306,ai4bharat,tam
23,16,98,402,ai4bharat,tam
41,23,143,627,ai4bharat,tam
32,20,116,468,ai4bharat,tam
30,18,94,358,ai4bharat,tam
21,14,78,342,ai4bharat,tam
22,16,79,328,ai4bharat,tam
31,19,93,377,ai4bharat,tam
31,21,115,491,ai4bharat,tam
21,13,78,347,ai4bharat,tam
64,33,194,835,ai4bharat,tam
41,22,138,607,ai4bharat,tam
41,26,163,702,ai4bharat,tam
30,20,124,533,ai4bharat,tam
29,18,105,452,ai4bharat,tam
37,20,137,601,ai4bharat,tam
23,15,98,426,ai4bharat,tam
16,8,45,183,ai4bharat,tam
33,22,118,484,ai4bharat,tam
29,14,80,351,ai4bharat,tam
20,13,63,246,ai4bharat,tam
28,14,78,296,ai4bharat,tam
30,16,86,359,ai4bharat,tam
17,11,49,183,ai4bharat,tam
24,16,85,373,ai4bharat,tam
37,23,135,541,ai4bharat,tam
28,19,118,510,ai4bharat,tam
24,15,94,415,ai4bharat,tam
25,14,78,352,ai4bharat,tam
27,17,84,364,ai4bharat,tam
28,17,95,411,ai4bharat,tam
29,17,105,453,ai4bharat,tam
14,7,45,211,ai4bharat,tam
36,15,111,521,ai4bharat,tam
20,9,63,277,ai4bharat,tam
27,14,97,429,ai4bharat,tam
29,13,79,328,ai4bharat,tam
26,16,90,354,ai4bharat,tam
23,17,101,441,ai4bharat,tam
18,13,66,266,ai4bharat,tam
33,22,143,566,ai4bharat,tam
38,20,112,494,ai4bharat,tam
15,9,54,234,ai4bharat,tam
19,14,84,359,ai4bharat,tam
25,14,85,373,ai4bharat,tam
11,7,41,187,ai4bharat,tam
52,30,182,793,ai4bharat,tam
58,33,167,665,ai4bharat,tam
21,14,78,329,ai4bharat,tam
27,13,78,307,ai4bharat,tam
10,9,49,204,ai4bharat,tam
12,10,50,205,ai4bharat,tam
17,11,60,246,ai4bharat,tam
39,25,148,638,ai4bharat,tam
27,15,100,436,ai4bharat,tam
22,18,103,444,ai4bharat,tam
36,18,117,514,ai4bharat,tam
14,8,45,171,ai4bharat,tam
43,24,159,644,ai4bharat,tam
45,23,130,504,ai4bharat,tam
38,23,142,594,ai4bharat,tam
15,9,59,262,ai4bharat,tam
11,8,42,169,ai4bharat,tam
17,14,67,246,ai4bharat,tam
34,22,130,534,ai4bharat,tam
7,5,33,140,ai4bharat,tam
38,19,124,544,ai4bharat,tam
25,17,92,366,ai4bharat,tam
19,15,85,364,ai4bharat,tam
18,15,76,327,ai4bharat,tam
36,28,149,613,ai4bharat,tam
29,19,113,485,ai4bharat,tam
17,9,59,268,ai4bharat,tam
22,11,63,205,ai4bharat,tam
23,14,86,362,ai4bharat,tam
13,8,48,180,ai4bharat,tam
18,12,67,254,ai4bharat,tam
18,11,67,272,ai4bharat,tam
29,16,83,304,ai4bharat,tam
31,20,114,495,ai4bharat,tam
31,19,110,454,ai4bharat,tam
22,15,81,347,ai4bharat,tam
23,12,75,335,ai4bharat,tam
20,12,72,295,ai4bharat,tam
32,19,128,581,ai4bharat,tam
30,15,100,377,ai4bharat,tam
25,16,97,410,ai4bharat,tam
19,13,78,317,ai4bharat,tam
18,11,70,291,ai4bharat,tam
31,21,104,448,ai4bharat,tam
44,22,130,556,ai4bharat,tam
33,21,100,384,ai4bharat,tam
28,21,100,408,ai4bharat,tam
25,16,107,485,ai4bharat,tam
39,29,157,663,ai4bharat,tam
39,24,141,630,ai4bharat,tam
17,11,67,285,ai4bharat,tam
30,19,106,373,ai4bharat,tam
24,14,78,325,ai4bharat,tam
16,9,59,245,ai4bharat,tam
63,39,220,920,ai4bharat,tam
39,24,147,636,ai4bharat,tam
27,17,95,429,ai4bharat,tam
9,6,42,181,ai4bharat,tam
43,24,170,726,ai4bharat,tam
33,17,120,531,ai4bharat,tam
27,18,103,377,ai4bharat,tam
34,21,114,479,ai4bharat,tam
26,15,89,351,ai4bharat,tam
26,19,102,416,ai4bharat,tam
22,10,52,216,ai4bharat,tam
17,10,63,283,ai4bharat,tam
22,13,82,350,ai4bharat,tam
41,21,121,511,ai4bharat,tam
20,11,71,320,ai4bharat,tam
37,17,109,510,ai4bharat,tam
24,17,83,325,ai4bharat,tam
15,6,40,184,ai4bharat,tam
15,12,58,246,ai4bharat,tam
27,14,89,397,ai4bharat,tam
19,10,50,198,ai4bharat,tam
31,17,103,418,ai4bharat,tam
33,19,98,392,ai4bharat,tam
36,23,148,644,ai4bharat,tam
34,17,100,426,ai4bharat,tam
21,14,66,271,ai4bharat,tam
29,13,88,347,ai4bharat,tam
30,15,103,372,ai4bharat,tam
31,15,85,351,ai4bharat,tam
27,15,89,380,ai4bharat,tam
34,21,113,494,ai4bharat,tam
42,21,132,578,ai4bharat,tam
58,33,189,796,ai4bharat,tam
23,14,69,302,ai4bharat,tam
18,10,62,258,ai4bharat,tam
39,23,158,651,ai4bharat,tam
66,38,220,986,ai4bharat,tam
17,11,77,342,ai4bharat,tam
20,13,75,315,ai4bharat,tam
41,23,124,541,ai4bharat,tam
49,23,132,610,ai4bharat,tam
40,20,115,525,ai4bharat,tam
60,29,166,747,ai4bharat,tam
35,20,113,465,ai4bharat,tam
35,17,112,501,ai4bharat,tam
15,11,61,253,ai4bharat,tam
35,19,110,503,ai4bharat,tam
29,16,86,368,ai4bharat,tam
19,9,63,280,ai4bharat,tam
15,9,46,201,ai4bharat,tam
18,11,71,320,ai4bharat,tam
13,8,49,224,ai4bharat,tam
19,12,74,190,ai4bharat,tam
36,18,108,466,ai4bharat,tam
34,20,116,511,ai4bharat,tam
14,10,57,253,ai4bharat,tam
29,18,108,473,ai4bharat,tam
24,14,94,408,ai4bharat,tam
23,15,93,397,ai4bharat,tam
9,7,36,148,ai4bharat,tam
25,16,87,398,ai4bharat,tam
29,19,103,421,ai4bharat,tam
31,16,77,332,ai4bharat,tam
13,8,51,222,ai4bharat,tam
17,11,65,278,ai4bharat,tam
30,19,100,422,ai4bharat,tam
21,12,58,256,ai4bharat,tam
26,16,79,317,ai4bharat,tam
20,13,69,313,ai4bharat,tam
16,9,49,150,ai4bharat,tam
20,12,69,294,ai4bharat,tam
33,19,97,411,ai4bharat,tam
13,7,37,161,ai4bharat,tam
38,20,126,494,ai4bharat,tam
18,9,51,212,ai4bharat,tam
38,18,110,511,ai4bharat,tam
27,15,111,515,ai4bharat,tam
23,13,89,404,ai4bharat,tam
25,14,80,362,ai4bharat,tam
38,23,127,522,ai4bharat,tam
31,17,105,468,ai4bharat,tam
24,15,83,344,ai4bharat,tam
18,7,58,257,ai4bharat,tam
36,20,107,467,ai4bharat,tam
16,9,49,205,ai4bharat,tam
30,19,98,386,ai4bharat,tam
72,42,238,1006,ai4bharat,tam
46,28,147,610,ai4bharat,tam
25,14,75,302,ai4bharat,tam
34,21,119,388,ai4bharat,tam
16,13,80,327,ai4bharat,tam
29,15,97,422,ai4bharat,tam
11,7,39,167,ai4bharat,tam
16,10,57,251,ai4bharat,tam
30,23,144,598,ai4bharat,tam
33,17,107,448,ai4bharat,tam
24,15,96,399,ai4bharat,tam
26,13,87,385,ai4bharat,tam
38,13,102,452,ai4bharat,tam
27,18,106,466,ai4bharat,tam
22,15,93,383,ai4bharat,tam
9,6,32,130,ai4bharat,tam
15,12,64,270,ai4bharat,tam
36,17,103,474,ai4bharat,tam
40,23,143,555,ai4bharat,tam
29,19,90,384,ai4bharat,tam
34,24,131,451,ai4bharat,tam
21,12,71,302,ai4bharat,tam
31,13,74,287,ai4bharat,tam
33,18,98,430,ai4bharat,tam
44,26,144,602,ai4bharat,tam
23,9,50,225,ai4bharat,tam
19,10,63,278,ai4bharat,tam
31,19,112,424,ai4bharat,tam
70,35,202,775,ai4bharat,tam
37,22,120,493,ai4bharat,tam
16,11,52,227,ai4bharat,tam
38,25,128,537,ai4bharat,tam
30,16,82,337,ai4bharat,tam
19,11,72,323,ai4bharat,tam
16,11,55,241,ai4bharat,tam
14,10,54,212,ai4bharat,tam
23,16,81,323,ai4bharat,tam
16,9,58,258,ai4bharat,tam
15,7,48,217,ai4bharat,tam
22,12,65,285,ai4bharat,tam
23,16,100,416,ai4bharat,tam
34,18,123,545,ai4bharat,tam
29,14,109,457,ai4bharat,tam
25,16,118,533,ai4bharat,tam
31,20,114,464,ai4bharat,tam
26,16,98,433,ai4bharat,tam
32,19,109,464,ai4bharat,tam
22,15,99,442,ai4bharat,tam
57,21,144,632,ai4bharat,tam
41,21,145,661,ai4bharat,tam
20,11,65,271,ai4bharat,tam
11,6,33,138,ai4bharat,tam
26,18,86,363,ai4bharat,tam
22,10,68,296,ai4bharat,tam
23,11,77,297,ai4bharat,tam
33,21,120,505,ai4bharat,tam
24,14,93,383,ai4bharat,tam
28,16,94,323,ai4bharat,tam
19,11,85,335,ai4bharat,tam
28,13,71,239,ai4bharat,tam
16,11,66,284,ai4bharat,tam
14,11,59,264,ai4bharat,tam
29,18,110,511,ai4bharat,tam
18,9,51,219,ai4bharat,tam
18,11,66,268,ai4bharat,tam
22,11,75,324,ai4bharat,tam
21,10,69,311,ai4bharat,tam
16,8,49,227,ai4bharat,tam
21,12,76,315,ai4bharat,tam
23,12,79,355,ai4bharat,tam
20,13,81,373,ai4bharat,tam
18,10,64,282,ai4bharat,tam
12,6,35,153,ai4bharat,tam
33,17,103,416,ai4bharat,tam
52,30,174,674,ai4bharat,tam
26,18,102,386,ai4bharat,tam
36,23,129,570,ai4bharat,tam
21,14,75,310,ai4bharat,tam
35,23,140,584,ai4bharat,tam
43,21,133,559,ai4bharat,tam
18,11,74,335,ai4bharat,tam
37,17,115,487,ai4bharat,tam
27,16,106,480,ai4bharat,tam
21,13,79,347,ai4bharat,tam
30,20,119,528,ai4bharat,tam
22,16,83,333,ai4bharat,tam
17,10,64,250,ai4bharat,tam
13,6,42,167,ai4bharat,tam
33,22,131,571,ai4bharat,tam
37,23,159,712,ai4bharat,tam
30,17,115,518,ai4bharat,tam
24,16,106,461,ai4bharat,tam
27,16,96,415,ai4bharat,tam
77,40,257,1122,ai4bharat,tam
19,10,60,248,ai4bharat,tam
28,15,84,336,ai4bharat,tam
44,27,158,642,ai4bharat,tam
22,13,75,322,ai4bharat,tam
20,10,54,238,ai4bharat,tam
25,13,70,266,ai4bharat,tam
34,16,103,436,ai4bharat,tam
19,13,67,274,ai4bharat,tam
30,18,102,434,ai4bharat,tam
30,17,99,416,ai4bharat,tam
22,12,82,372,ai4bharat,tam
34,20,119,491,ai4bharat,tam
17,11,70,306,ai4bharat,tam
23,14,83,375,ai4bharat,tam
34,18,127,574,ai4bharat,tam
21,13,77,332,ai4bharat,tam
27,18,115,488,ai4bharat,tam
15,11,58,246,ai4bharat,tam
26,17,81,327,ai4bharat,tam
32,18,100,393,ai4bharat,tam
30,16,100,438,ai4bharat,tam
16,8,53,231,ai4bharat,tam
23,15,82,353,ai4bharat,tam
15,12,77,330,ai4bharat,tam
33,20,121,500,ai4bharat,tam
40,26,129,522,ai4bharat,tam
32,17,90,387,ai4bharat,tam
27,13,73,307,ai4bharat,tam
45,23,140,618,ai4bharat,tam
23,14,83,369,ai4bharat,tam
35,19,116,506,ai4bharat,tam
53,41,205,846,ai4bharat,tam
34,23,141,602,ai4bharat,tam
17,12,72,318,ai4bharat,tam
27,16,104,444,ai4bharat,tam
23,19,112,465,ai4bharat,tam
33,16,99,430,ai4bharat,tam
32,14,102,451,ai4bharat,tam
19,11,69,291,ai4bharat,tam
24,16,97,413,ai4bharat,tam
27,15,83,349,ai4bharat,tam
41,27,144,607,ai4bharat,tam
39,23,132,540,ai4bharat,tam
26,15,73,308,ai4bharat,tam
53,25,167,713,ai4bharat,tam
33,20,120,519,ai4bharat,tam
28,15,93,412,ai4bharat,tam
36,15,92,400,ai4bharat,tam
18,12,74,311,ai4bharat,tam
27,14,89,384,ai4bharat,tam
26,14,87,379,ai4bharat,tam
22,12,76,322,ai4bharat,tam
14,7,44,194,ai4bharat,tam
17,9,57,248,ai4bharat,tam
12,7,42,194,ai4bharat,tam
23,13,84,357,ai4bharat,tam
14,10,53,227,ai4bharat,tam
55,30,171,769,ai4bharat,tam
13,8,53,236,ai4bharat,tam
39,21,122,501,ai4bharat,tam
28,14,93,408,ai4bharat,tam
25,14,74,298,ai4bharat,tam
39,19,130,511,ai4bharat,tam
48,26,146,563,ai4bharat,tam
15,6,41,181,ai4bharat,tam
27,14,84,373,ai4bharat,tam
37,23,150,614,ai4bharat,tam
30,20,99,373,ai4bharat,tam
21,13,73,331,ai4bharat,tam
22,15,80,340,ai4bharat,tam
48,31,160,707,ai4bharat,tam
29,20,118,483,ai4bharat,tam
21,12,90,380,ai4bharat,tam
27,17,89,374,ai4bharat,tam
34,23,138,598,ai4bharat,tam
13,12,64,270,ai4bharat,tam
28,23,136,587,ai4bharat,tam
29,19,114,450,ai4bharat,tam
42,23,118,474,ai4bharat,tam
22,16,108,479,ai4bharat,tam
22,14,69,259,ai4bharat,tam
22,15,74,312,ai4bharat,tam
32,20,104,435,ai4bharat,tam
47,27,164,689,ai4bharat,tam
46,21,127,467,ai4bharat,tam
49,26,150,565,ai4bharat,tam
25,15,77,329,ai4bharat,tam
23,16,104,442,ai4bharat,tam
22,13,76,306,ai4bharat,tam
28,20,103,400,ai4bharat,tam
20,15,82,337,ai4bharat,tam
17,13,60,185,ai4bharat,tam
25,15,80,314,ai4bharat,tam
22,14,82,328,ai4bharat,tam
27,18,105,452,ai4bharat,tam
31,19,108,464,ai4bharat,tam
21,12,89,386,ai4bharat,tam
21,14,82,353,ai4bharat,tam
16,9,57,258,ai4bharat,tam
41,22,136,577,ai4bharat,tam
40,28,153,650,ai4bharat,tam
15,10,58,248,ai4bharat,tam
43,26,166,709,ai4bharat,tam
31,18,109,461,ai4bharat,tam
25,13,73,326,ai4bharat,tam
21,12,75,309,ai4bharat,tam
22,16,93,410,ai4bharat,tam
21,14,79,331,ai4bharat,tam
41,25,136,561,ai4bharat,tam
28,19,118,527,ai4bharat,tam
35,24,140,591,ai4bharat,tam
14,9,54,225,ai4bharat,tam
35,22,124,492,ai4bharat,tam
36,24,139,582,ai4bharat,tam
25,15,92,395,ai4bharat,tam
19,11,79,357,ai4bharat,tam
16,11,68,299,ai4bharat,tam
39,23,138,540,ai4bharat,tam
18,10,58,253,ai4bharat,tam
28,15,84,346,ai4bharat,tam
24,15,89,379,ai4bharat,tam
34,23,113,463,ai4bharat,tam
16,9,51,223,ai4bharat,tam
32,16,102,436,ai4bharat,tam
53,26,149,606,ai4bharat,tam
39,20,129,548,ai4bharat,tam
31,20,92,341,ai4bharat,tam
35,24,120,522,ai4bharat,tam
22,15,77,333,ai4bharat,tam
31,19,111,453,ai4bharat,tam
74,37,194,740,ai4bharat,tam
30,17,97,423,ai4bharat,tam
20,10,65,280,ai4bharat,tam
26,14,80,344,ai4bharat,tam
16,8,61,290,ai4bharat,tam
39,25,153,667,ai4bharat,tam
25,13,88,360,ai4bharat,tam
19,10,58,263,ai4bharat,tam
33,21,117,422,ai4bharat,tam
28,18,91,367,ai4bharat,tam
42,33,199,858,ai4bharat,tam
50,30,197,821,ai4bharat,tam
16,10,60,248,ai4bharat,tam
29,21,119,524,ai4bharat,tam
27,18,109,481,ai4bharat,tam
30,14,88,384,ai4bharat,tam
43,25,170,707,ai4bharat,tam
30,14,96,409,ai4bharat,tam
26,14,69,233,ai4bharat,tam
39,21,125,534,ai4bharat,tam
21,11,69,305,ai4bharat,tam
24,13,77,300,ai4bharat,tam
17,8,53,234,ai4bharat,tam
24,15,80,315,ai4bharat,tam
36,22,130,562,ai4bharat,tam
20,14,85,362,ai4bharat,tam
44,28,154,638,ai4bharat,tam
19,14,87,375,ai4bharat,tam
31,16,115,483,ai4bharat,tam
23,12,83,340,ai4bharat,tam
34,17,99,403,ai4bharat,tam
32,20,127,552,ai4bharat,tam
42,19,147,659,ai4bharat,tam
56,30,216,902,ai4bharat,tam
22,12,88,393,ai4bharat,tam
15,10,76,335,ai4bharat,tam
42,23,151,639,ai4bharat,tam
26,11,73,328,ai4bharat,tam
31,23,118,483,ai4bharat,tam
35,18,99,423,ai4bharat,tam
35,19,120,525,ai4bharat,tam
28,16,99,426,ai4bharat,tam
20,12,73,303,ai4bharat,tam
14,11,62,272,ai4bharat,tam
25,17,107,442,ai4bharat,tam
16,12,69,304,ai4bharat,tam
14,8,55,239,ai4bharat,tam
24,14,85,366,ai4bharat,tam
21,12,81,308,ai4bharat,tam
36,20,129,510,ai4bharat,tam
29,18,104,454,ai4bharat,tam
25,17,94,388,ai4bharat,tam
31,19,106,485,ai4bharat,tam
21,15,89,384,ai4bharat,tam
23,15,89,379,ai4bharat,tam
20,12,73,327,ai4bharat,tam
22,14,80,362,ai4bharat,tam
34,19,113,489,ai4bharat,tam
19,12,73,309,ai4bharat,tam
37,18,114,488,ai4bharat,tam
41,23,129,512,ai4bharat,tam
36,21,119,513,ai4bharat,tam
29,17,104,442,ai4bharat,tam
27,17,98,425,ai4bharat,tam
33,19,106,463,ai4bharat,tam
44,25,151,653,ai4bharat,tam
21,14,73,302,ai4bharat,tam
24,16,85,371,ai4bharat,tam
21,15,79,316,ai4bharat,tam
29,19,105,452,ai4bharat,tam
25,15,82,359,ai4bharat,tam
33,17,102,429,ai4bharat,tam
33,20,130,553,ai4bharat,tam
42,28,143,594,ai4bharat,tam
19,13,73,323,ai4bharat,tam
33,19,110,468,ai4bharat,tam
28,16,91,364,ai4bharat,tam
67,41,254,1047,ai4bharat,tam
23,19,104,442,ai4bharat,tam
40,26,163,700,ai4bharat,tam
39,23,148,616,ai4bharat,tam
21,12,73,292,ai4bharat,tam
24,14,83,378,ai4bharat,tam
26,14,83,330,ai4bharat,tam
25,14,86,371,ai4bharat,tam
65,36,233,970,ai4bharat,tam
15,7,53,230,ai4bharat,tam
41,23,128,532,ai4bharat,tam
36,22,142,599,ai4bharat,tam
21,11,73,303,ai4bharat,tam
23,12,78,312,ai4bharat,tam
31,17,115,491,ai4bharat,tam
15,8,54,230,ai4bharat,tam
47,20,135,577,ai4bharat,tam
31,17,120,529,ai4bharat,tam
33,23,130,564,ai4bharat,tam
33,23,147,627,ai4bharat,tam
48,31,165,695,ai4bharat,tam
26,14,85,309,ai4bharat,tam
20,14,67,279,ai4bharat,tam
35,21,112,473,ai4bharat,tam
26,17,89,356,ai4bharat,tam
33,17,97,399,ai4bharat,tam
23,14,76,317,ai4bharat,tam
16,9,54,220,ai4bharat,tam
30,17,97,407,ai4bharat,tam
22,13,84,364,ai4bharat,tam
45,28,137,501,ai4bharat,tam
23,15,90,383,ai4bharat,tam
20,13,80,346,ai4bharat,tam
18,8,52,239,ai4bharat,tam
21,11,68,297,ai4bharat,tam
32,17,104,459,ai4bharat,tam
31,15,96,421,ai4bharat,tam
39,22,123,466,ai4bharat,tam
25,17,90,358,ai4bharat,tam
21,11,71,314,ai4bharat,tam
23,15,84,348,ai4bharat,tam
13,8,51,222,ai4bharat,tam
22,14,91,412,ai4bharat,tam
30,19,118,501,ai4bharat,tam
42,30,171,741,ai4bharat,tam
23,12,80,351,ai4bharat,tam
19,9,61,262,ai4bharat,tam
21,15,85,370,ai4bharat,tam
30,17,113,497,ai4bharat,tam
31,19,121,499,ai4bharat,tam
27,16,97,417,ai4bharat,tam
18,13,63,250,ai4bharat,tam
25,11,74,309,ai4bharat,tam
38,20,111,448,ai4bharat,tam
35,23,142,630,ai4bharat,tam
28,17,114,488,ai4bharat,tam
23,17,101,424,ai4bharat,tam
36,18,133,592,ai4bharat,tam
24,11,76,348,ai4bharat,tam
31,24,147,632,ai4bharat,tam
29,16,104,456,ai4bharat,tam
32,22,131,571,ai4bharat,tam
18,14,98,441,ai4bharat,tam
20,15,78,324,ai4bharat,tam
35,21,139,579,ai4bharat,tam
23,17,105,444,ai4bharat,tam
32,15,100,409,ai4bharat,tam
33,19,133,575,ai4bharat,tam
32,17,108,422,ai4bharat,tam
18,9,63,263,ai4bharat,tam
30,17,105,436,ai4bharat,tam
18,11,68,300,ai4bharat,tam
19,11,68,279,ai4bharat,tam
23,12,62,259,ai4bharat,tam
20,12,67,277,ai4bharat,tam
37,27,139,552,ai4bharat,tam
16,9,52,215,ai4bharat,tam
26,19,95,382,ai4bharat,tam
16,11,47,177,ai4bharat,tam
19,12,65,275,ai4bharat,tam
24,13,71,257,ai4bharat,tam
37,21,122,536,ai4bharat,tam
29,17,102,433,ai4bharat,tam
22,18,80,316,ai4bharat,tam
16,11,68,284,ai4bharat,tam
24,16,93,418,ai4bharat,tam
12,7,42,181,ai4bharat,tam
41,28,171,739,ai4bharat,tam
30,18,106,462,ai4bharat,tam
38,23,117,474,ai4bharat,tam
27,18,98,373,ai4bharat,tam
21,14,87,355,ai4bharat,tam
18,10,67,280,ai4bharat,tam
26,12,77,328,ai4bharat,tam
27,18,92,389,ai4bharat,tam
15,11,58,237,ai4bharat,tam
19,13,86,377,ai4bharat,tam
22,12,75,331,ai4bharat,tam
17,12,61,262,ai4bharat,tam
29,16,97,424,ai4bharat,tam
25,17,82,338,ai4bharat,tam
25,13,70,291,ai4bharat,tam
21,12,73,316,ai4bharat,tam
25,13,73,291,ai4bharat,tam
22,13,80,341,ai4bharat,tam
24,15,92,380,ai4bharat,tam
21,13,80,341,ai4bharat,tam
28,19,115,484,ai4bharat,tam
35,23,136,572,ai4bharat,tam
28,14,82,360,ai4bharat,tam
44,22,140,531,ai4bharat,tam
33,20,130,566,ai4bharat,tam
36,26,137,587,ai4bharat,tam
12,9,48,217,ai4bharat,tam
14,10,65,289,ai4bharat,tam
18,12,68,277,ai4bharat,tam
19,12,81,363,ai4bharat,tam
32,24,142,611,ai4bharat,tam
27,16,81,303,ai4bharat,tam
27,19,111,444,ai4bharat,tam
30,19,129,581,ai4bharat,tam
22,14,93,413,ai4bharat,tam
27,20,109,480,ai4bharat,tam
29,17,112,487,ai4bharat,tam
22,14,90,366,ai4bharat,tam
31,18,110,467,ai4bharat,tam
13,9,53,237,ai4bharat,tam
29,18,108,456,ai4bharat,tam
23,15,90,380,ai4bharat,tam
24,13,93,398,ai4bharat,tam
38,24,133,552,ai4bharat,tam
15,11,64,257,ai4bharat,tam
30,20,130,573,ai4bharat,tam
22,13,85,365,ai4bharat,tam
27,21,127,551,ai4bharat,tam
26,21,114,472,ai4bharat,tam
41,23,152,665,ai4bharat,tam
27,19,116,526,ai4bharat,tam
50,26,167,686,ai4bharat,tam
35,22,148,648,ai4bharat,tam
22,16,98,419,ai4bharat,tam
47,24,166,663,ai4bharat,tam
21,16,94,421,ai4bharat,tam
51,27,180,717,ai4bharat,tam
30,21,110,463,ai4bharat,tam
29,13,76,338,ai4bharat,tam
27,13,87,375,ai4bharat,tam
23,18,92,370,ai4bharat,tam
21,12,86,373,ai4bharat,tam
15,9,59,264,ai4bharat,tam
21,9,64,269,ai4bharat,tam
26,16,98,401,ai4bharat,tam
21,11,63,273,ai4bharat,tam
30,18,109,489,ai4bharat,tam
20,9,55,252,ai4bharat,tam
22,12,85,370,ai4bharat,tam
14,10,56,241,ai4bharat,tam
30,19,110,480,ai4bharat,tam
26,18,104,425,ai4bharat,tam
48,21,131,545,ai4bharat,tam
33,15,88,372,ai4bharat,tam
39,19,110,475,ai4bharat,tam
22,11,62,258,ai4bharat,tam
51,25,152,666,ai4bharat,tam
22,13,68,295,ai4bharat,tam
31,16,93,391,ai4bharat,tam
28,16,100,456,ai4bharat,tam
27,15,86,358,ai4bharat,tam
35,17,98,409,ai4bharat,tam
29,12,87,344,ai4bharat,tam
34,20,107,440,ai4bharat,tam
24,14,91,351,ai4bharat,tam
25,13,76,315,ai4bharat,tam
24,14,83,355,ai4bharat,tam
43,22,130,571,ai4bharat,tam
25,17,95,364,ai4bharat,tam
21,12,88,362,ai4bharat,tam
16,12,69,296,ai4bharat,tam
30,21,124,558,ai4bharat,tam
26,16,93,407,ai4bharat,tam
32,16,104,472,ai4bharat,tam
20,10,60,287,ai4bharat,tam
23,12,79,347,ai4bharat,tam
38,22,145,625,ai4bharat,tam
28,17,94,367,ai4bharat,tam
28,17,110,459,ai4bharat,tam
30,22,110,455,ai4bharat,tam
26,14,79,295,ai4bharat,tam
36,20,120,450,ai4bharat,tam
47,28,172,731,ai4bharat,tam
18,11,78,354,ai4bharat,tam
16,10,62,250,ai4bharat,tam
31,18,95,350,ai4bharat,tam
49,22,119,521,ai4bharat,tam
24,16,80,284,ai4bharat,tam
34,19,114,436,ai4bharat,tam
25,14,83,345,ai4bharat,tam
32,19,116,521,ai4bharat,tam
32,18,104,458,ai4bharat,tam
33,19,114,500,ai4bharat,tam
16,9,53,238,ai4bharat,tam
23,13,83,354,ai4bharat,tam
17,12,62,270,ai4bharat,tam
21,12,64,280,ai4bharat,tam
12,9,46,189,ai4bharat,tam
28,15,87,397,ai4bharat,tam
33,15,95,380,ai4bharat,tam
20,13,71,302,ai4bharat,tam
23,16,108,487,ai4bharat,tam
28,20,118,516,ai4bharat,tam
30,14,95,438,ai4bharat,tam
24,13,76,341,ai4bharat,tam
19,14,67,265,ai4bharat,tam
42,26,134,577,ai4bharat,tam
19,15,77,310,ai4bharat,tam
25,16,107,484,ai4bharat,tam
46,20,150,639,ai4bharat,tam
30,15,83,352,ai4bharat,tam
39,21,138,571,ai4bharat,tam
34,22,130,544,ai4bharat,tam
27,16,79,293,ai4bharat,tam
18,9,56,201,ai4bharat,tam
30,21,122,496,ai4bharat,tam
24,16,89,363,ai4bharat,tam
28,19,95,390,ai4bharat,tam
21,14,83,339,ai4bharat,tam
28,18,95,395,ai4bharat,tam
28,16,94,403,ai4bharat,tam
33,16,91,400,ai4bharat,tam
18,13,75,316,ai4bharat,tam
36,20,109,424,ai4bharat,tam
18,11,65,276,ai4bharat,tam
24,16,93,396,ai4bharat,tam
51,21,130,539,ai4bharat,tam
25,12,72,305,ai4bharat,tam
19,13,79,329,ai4bharat,tam
20,13,88,385,ai4bharat,tam
31,22,121,487,ai4bharat,tam
30,16,97,418,ai4bharat,tam
34,17,99,404,ai4bharat,tam
28,18,103,452,ai4bharat,tam
33,20,124,534,ai4bharat,tam
34,23,126,526,ai4bharat,tam
32,19,107,437,ai4bharat,tam
19,13,73,307,ai4bharat,tam
36,21,125,555,ai4bharat,tam
20,15,86,382,ai4bharat,tam
18,11,63,282,ai4bharat,tam
14,10,57,256,ai4bharat,tam
35,18,119,535,ai4bharat,tam
41,18,136,601,ai4bharat,tam
38,23,149,643,ai4bharat,tam
24,17,105,442,ai4bharat,tam
34,18,128,547,ai4bharat,tam
35,20,108,438,ai4bharat,tam
26,18,90,382,ai4bharat,tam
20,11,65,291,ai4bharat,tam
27,18,87,372,ai4bharat,tam
27,15,87,377,ai4bharat,tam
19,12,76,322,ai4bharat,tam
29,15,102,437,ai4bharat,tam
28,17,92,393,ai4bharat,tam
26,14,94,421,ai4bharat,tam
34,24,119,459,ai4bharat,tam
24,16,83,322,ai4bharat,tam
24,15,82,328,ai4bharat,tam
25,16,100,423,ai4bharat,tam
29,19,116,502,ai4bharat,tam
36,20,117,448,ai4bharat,tam
36,20,104,418,ai4bharat,tam
33,22,119,516,ai4bharat,tam
25,15,89,374,ai4bharat,tam
14,11,61,254,ai4bharat,tam
17,13,70,284,ai4bharat,tam
37,25,136,597,ai4bharat,tam
17,10,60,265,ai4bharat,tam
30,16,107,471,ai4bharat,tam
21,16,92,391,ai4bharat,tam
23,13,86,376,ai4bharat,tam
22,16,96,412,ai4bharat,tam
45,21,139,618,ai4bharat,tam
28,19,111,480,ai4bharat,tam
44,32,169,647,ai4bharat,tam
27,18,97,410,ai4bharat,tam
39,22,133,579,ai4bharat,tam
28,13,82,369,ai4bharat,tam
41,23,134,560,ai4bharat,tam
39,16,110,504,ai4bharat,tam
19,13,72,302,ai4bharat,tam
19,9,61,215,ai4bharat,tam
35,21,141,624,ai4bharat,tam
33,21,111,437,ai4bharat,tam
27,17,95,415,ai4bharat,tam
57,31,189,792,ai4bharat,tam
26,12,68,294,ai4bharat,tam
30,15,105,461,ai4bharat,tam
43,24,138,622,ai4bharat,tam
19,11,61,259,ai4bharat,tam
40,24,130,547,ai4bharat,tam
35,21,117,515,ai4bharat,tam
43,19,128,564,ai4bharat,tam
51,25,156,716,ai4bharat,tam
35,19,121,494,ai4bharat,tam
29,15,82,325,ai4bharat,tam
42,20,134,582,ai4bharat,tam
33,13,88,387,ai4bharat,tam
51,25,152,651,ai4bharat,tam
17,7,39,184,ai4bharat,tam
34,19,103,438,ai4bharat,tam
34,25,134,570,ai4bharat,tam
16,10,58,242,ai4bharat,tam
24,18,99,421,ai4bharat,tam
41,21,127,551,ai4bharat,tam
28,19,123,497,ai4bharat,tam
22,15,84,355,ai4bharat,tam
22,16,91,381,ai4bharat,tam
28,18,111,493,ai4bharat,tam
48,24,148,638,ai4bharat,tam
28,15,84,305,ai4bharat,tam
41,25,156,627,ai4bharat,tam
25,17,98,405,ai4bharat,tam
24,15,97,409,ai4bharat,tam
19,14,93,402,ai4bharat,tam
12,9,53,226,ai4bharat,tam
24,16,105,444,ai4bharat,tam
34,24,131,554,ai4bharat,tam
23,18,99,425,ai4bharat,tam
50,26,151,644,ai4bharat,tam
28,16,92,387,ai4bharat,tam
27,18,118,517,ai4bharat,tam
20,13,71,311,ai4bharat,tam
20,12,72,307,ai4bharat,tam
20,12,77,338,ai4bharat,tam
30,20,101,403,ai4bharat,tam
31,16,95,409,ai4bharat,tam
26,18,106,466,ai4bharat,tam
31,17,110,465,ai4bharat,tam
14,9,63,273,ai4bharat,tam
16,12,69,279,ai4bharat,tam
26,16,96,422,ai4bharat,tam
27,16,89,361,ai4bharat,tam
27,19,101,426,ai4bharat,tam
25,14,85,372,ai4bharat,tam
20,10,66,293,ai4bharat,tam
30,19,125,558,ai4bharat,tam
31,18,101,434,ai4bharat,tam
21,12,86,378,ai4bharat,tam
29,20,126,582,ai4bharat,tam
29,16,108,509,ai4bharat,tam
15,11,70,321,ai4bharat,tam
16,13,73,308,ai4bharat,tam
20,12,69,302,ai4bharat,tam
24,18,96,403,ai4bharat,tam
20,8,54,237,ai4bharat,tam
13,6,49,231,ai4bharat,tam
38,20,125,498,ai4bharat,tam
34,17,102,450,ai4bharat,tam
26,15,88,385,ai4bharat,tam
24,9,61,272,ai4bharat,tam
40,18,108,444,ai4bharat,tam
32,15,84,331,ai4bharat,tam
19,13,75,327,ai4bharat,tam
29,18,113,525,ai4bharat,tam
21,14,86,372,ai4bharat,tam
19,13,75,314,ai4bharat,tam
22,12,81,353,ai4bharat,tam
24,15,95,408,ai4bharat,tam
24,16,91,389,ai4bharat,tam
11,8,45,188,ai4bharat,tam
27,16,98,389,ai4bharat,tam
10,4,35,151,ai4bharat,tam
30,19,108,435,ai4bharat,tam
20,12,58,236,ai4bharat,tam
36,20,109,455,ai4bharat,tam
29,14,102,460,ai4bharat,tam
21,17,97,408,ai4bharat,tam
17,10,60,268,ai4bharat,tam
36,22,131,559,ai4bharat,tam
40,25,166,714,ai4bharat,tam
26,19,103,429,ai4bharat,tam
32,26,139,580,ai4bharat,tam
33,20,122,496,ai4bharat,tam
23,17,102,418,ai4bharat,tam
27,18,101,424,ai4bharat,tam
34,20,127,535,ai4bharat,tam
34,23,129,523,ai4bharat,tam
35,21,126,541,ai4bharat,tam
25,17,94,399,ai4bharat,tam
31,20,123,522,ai4bharat,tam
22,11,67,292,ai4bharat,tam
12,8,39,152,ai4bharat,tam
47,24,162,684,ai4bharat,tam
20,14,93,422,ai4bharat,tam
15,7,37,157,ai4bharat,tam
33,21,124,524,ai4bharat,tam
29,16,99,401,ai4bharat,tam
58,33,202,831,ai4bharat,tam
21,12,74,321,ai4bharat,tam
18,9,58,244,ai4bharat,tam
12,8,42,179,ai4bharat,tam
35,19,121,515,ai4bharat,tam
18,10,53,230,ai4bharat,tam
27,16,87,357,ai4bharat,tam
30,25,152,662,ai4bharat,tam
26,18,122,508,ai4bharat,tam
32,16,101,439,ai4bharat,tam
22,11,67,290,ai4bharat,tam
37,19,116,526,ai4bharat,tam
24,14,97,424,ai4bharat,tam
16,10,68,293,ai4bharat,tam
37,22,146,623,ai4bharat,tam
23,7,61,275,ai4bharat,tam
51,24,152,605,ai4bharat,tam
14,9,56,249,ai4bharat,tam
47,23,126,527,ai4bharat,tam
27,18,104,425,ai4bharat,tam
14,11,60,242,ai4bharat,tam
41,18,104,425,ai4bharat,tam
28,15,84,361,ai4bharat,tam
44,24,161,708,ai4bharat,tam
15,8,44,189,ai4bharat,tam
40,27,155,651,ai4bharat,tam
37,20,126,527,ai4bharat,tam
44,23,116,478,ai4bharat,tam
27,13,80,339,ai4bharat,tam
21,12,69,303,ai4bharat,tam
33,18,118,519,ai4bharat,tam
23,13,95,415,ai4bharat,tam
23,15,86,355,ai4bharat,tam
28,17,89,368,ai4bharat,tam
15,9,55,231,ai4bharat,tam
30,15,93,391,ai4bharat,tam
18,11,67,303,ai4bharat,tam
29,18,97,415,ai4bharat,tam
28,14,97,406,ai4bharat,tam
36,25,146,591,ai4bharat,tam
20,12,80,335,ai4bharat,tam
20,13,71,308,ai4bharat,tam
14,9,48,213,ai4bharat,tam
31,17,123,524,ai4bharat,tam
24,13,82,329,ai4bharat,tam
19,12,81,340,ai4bharat,tam
22,16,98,435,ai4bharat,tam
40,23,139,562,ai4bharat,tam
32,16,92,388,ai4bharat,tam
18,11,63,293,ai4bharat,tam
14,9,53,237,ai4bharat,tam
37,21,125,532,ai4bharat,tam
14,8,50,215,ai4bharat,tam
19,12,71,316,ai4bharat,tam
29,16,115,497,ai4bharat,tam
15,10,59,250,ai4bharat,tam
29,16,106,441,ai4bharat,tam
38,20,139,607,ai4bharat,tam
17,10,58,251,ai4bharat,tam
26,14,85,377,ai4bharat,tam
32,14,86,346,ai4bharat,tam
33,19,109,482,ai4bharat,tam
29,18,92,379,ai4bharat,tam
19,13,80,350,ai4bharat,tam
20,10,64,273,ai4bharat,tam
24,18,91,374,ai4bharat,tam
17,10,66,287,ai4bharat,tam
33,17,119,543,ai4bharat,tam
29,17,85,308,ai4bharat,tel
53,28,130,651,ai4bharat,tel
36,26,119,509,ai4bharat,tel
58,32,152,702,ai4bharat,tel
38,26,112,477,ai4bharat,tel
30,18,70,306,ai4bharat,tel
10,7,28,114,ai4bharat,tel
24,18,82,380,ai4bharat,tel
17,8,46,148,ai4bharat,tel
18,11,44,221,ai4bharat,tel
30,20,99,484,ai4bharat,tel
39,23,103,487,ai4bharat,tel
41,17,86,427,ai4bharat,tel
37,21,104,551,ai4bharat,tel
43,29,125,580,ai4bharat,tel
40,21,112,546,ai4bharat,tel
42,26,127,578,ai4bharat,tel
33,17,72,287,ai4bharat,tel
40,22,108,425,ai4bharat,tel
64,39,175,704,ai4bharat,tel
21,13,51,268,ai4bharat,tel
15,10,44,214,ai4bharat,tel
47,24,111,554,ai4bharat,tel
48,28,121,539,ai4bharat,tel
22,19,87,448,ai4bharat,tel
20,13,54,248,ai4bharat,tel
27,18,92,404,ai4bharat,tel
40,24,114,545,ai4bharat,tel
28,18,67,319,ai4bharat,tel
17,10,48,222,ai4bharat,tel
50,32,136,600,ai4bharat,tel
46,32,141,640,ai4bharat,tel
25,19,74,319,ai4bharat,tel
33,23,89,417,ai4bharat,tel
14,10,47,226,ai4bharat,tel
20,10,52,213,ai4bharat,tel
38,23,101,469,ai4bharat,tel
22,13,67,323,ai4bharat,tel
25,13,54,290,ai4bharat,tel
12,8,34,173,ai4bharat,tel
31,20,84,422,ai4bharat,tel
30,9,48,213,ai4bharat,tel
29,14,73,250,ai4bharat,tel
20,10,54,194,ai4bharat,tel
21,12,50,238,ai4bharat,tel
32,17,85,399,ai4bharat,tel
32,19,89,405,ai4bharat,tel
17,13,55,227,ai4bharat,tel
23,14,71,338,ai4bharat,tel
24,16,77,314,ai4bharat,tel
19,11,43,184,ai4bharat,tel
31,22,95,397,ai4bharat,tel
24,17,84,318,ai4bharat,tel
28,21,84,432,ai4bharat,tel
43,28,129,601,ai4bharat,tel
47,27,108,558,ai4bharat,tel
45,27,119,605,ai4bharat,tel
38,24,106,492,ai4bharat,tel
21,13,65,317,ai4bharat,tel
14,10,46,227,ai4bharat,tel
24,13,66,276,ai4bharat,tel
22,16,66,301,ai4bharat,tel
25,17,73,338,ai4bharat,tel
32,23,112,522,ai4bharat,tel
29,20,93,434,ai4bharat,tel
28,17,67,302,ai4bharat,tel
21,14,57,300,ai4bharat,tel
19,16,69,332,ai4bharat,tel
25,15,72,247,ai4bharat,tel
28,20,75,357,ai4bharat,tel
20,14,61,299,ai4bharat,tel
44,32,135,620,ai4bharat,tel
35,21,114,497,ai4bharat,tel
40,25,133,579,ai4bharat,tel
30,20,101,401,ai4bharat,tel
35,18,83,421,ai4bharat,tel
37,22,104,505,ai4bharat,tel
22,10,58,289,ai4bharat,tel
17,8,41,115,ai4bharat,tel
35,20,89,443,ai4bharat,tel
27,14,67,293,ai4bharat,tel
22,13,55,255,ai4bharat,tel
26,16,80,283,ai4bharat,tel
31,20,87,389,ai4bharat,tel
13,8,33,149,ai4bharat,tel
25,13,61,328,ai4bharat,tel
62,30,148,539,ai4bharat,tel
25,21,95,460,ai4bharat,tel
23,15,70,343,ai4bharat,tel
24,17,68,344,ai4bharat,tel
28,11,61,307,ai4bharat,tel
19,14,65,350,ai4bharat,tel
29,22,84,385,ai4bharat,tel
12,8,35,182,ai4bharat,tel
30,16,81,402,ai4bharat,tel
24,14,56,267,ai4bharat,tel
27,13,61,307,ai4bharat,tel
29,14,65,268,ai4bharat,tel
25,18,82,327,ai4bharat,tel
26,16,79,357,ai4bharat,tel
21,13,54,249,ai4bharat,tel
36,21,101,422,ai4bharat,tel
40,23,97,411,ai4bharat,tel
11,9,44,225,ai4bharat,tel
17,12,49,253,ai4bharat,tel
23,13,53,301,ai4bharat,tel
9,7,33,181,ai4bharat,tel
37,24,124,475,ai4bharat,tel
51,22,116,481,ai4bharat,tel
21,12,49,225,ai4bharat,tel
22,11,53,245,ai4bharat,tel
10,9,35,156,ai4bharat,tel
14,9,38,186,ai4bharat,tel
19,10,42,209,ai4bharat,tel
41,26,113,552,ai4bharat,tel
28,21,87,436,ai4bharat,tel
25,21,99,499,ai4bharat,tel
31,18,77,371,ai4bharat,tel
16,10,41,161,ai4bharat,tel
41,25,121,543,ai4bharat,tel
42,22,125,338,ai4bharat,tel
29,23,99,401,ai4bharat,tel
17,10,54,257,ai4bharat,tel
13,11,39,178,ai4bharat,tel
18,13,50,221,ai4bharat,tel
38,19,102,477,ai4bharat,tel
9,8,32,152,ai4bharat,tel
35,18,100,479,ai4bharat,tel
20,13,68,325,ai4bharat,tel
25,18,81,341,ai4bharat,tel
19,12,65,287,ai4bharat,tel
32,24,100,465,ai4bharat,tel
29,18,89,402,ai4bharat,tel
17,11,53,285,ai4bharat,tel
22,11,50,175,ai4bharat,tel
23,12,58,301,ai4bharat,tel
13,10,46,186,ai4bharat,tel
23,10,50,223,ai4bharat,tel
27,13,63,271,ai4bharat,tel
24,13,57,257,ai4bharat,tel
28,18,90,442,ai4bharat,tel
37,19,86,372,ai4bharat,tel
22,13,66,338,ai4bharat,tel
20,13,55,287,ai4bharat,tel
21,12,53,214,ai4bharat,tel
28,16,71,351,ai4bharat,tel
30,13,67,343,ai4bharat,tel
23,17,72,362,ai4bharat,tel
20,14,61,288,ai4bharat,tel
20,14,65,314,ai4bharat,tel
26,17,67,355,ai4bharat,tel
34,20,115,362,ai4bharat,tel
36,22,94,404,ai4bharat,tel
25,16,64,304,ai4bharat,tel
25,14,78,336,ai4bharat,tel
28,18,78,385,ai4bharat,tel
39,26,103,519,ai4bharat,tel
17,11,56,273,ai4bharat,tel
32,21,92,349,ai4bharat,tel
21,11,49,263,ai4bharat,tel
18,12,58,208,ai4bharat,tel
82,44,202,969,ai4bharat,tel
37,22,96,446,ai4bharat,tel
24,16,65,313,ai4bharat,tel
14,7,29,181,ai4bharat,tel
47,29,141,623,ai4bharat,tel
29,18,87,467,ai4bharat,tel
28,20,89,334,ai4bharat,tel
38,25,112,507,ai4bharat,tel
28,18,74,299,ai4bharat,tel
24,16,69,343,ai4bharat,tel
19,9,44,209,ai4bharat,tel
17,12,52,198,ai4bharat,tel
22,14,55,273,ai4bharat,tel
31,15,89,351,ai4bharat,tel
22,11,53,263,ai4bharat,tel
34,17,79,451,ai4bharat,tel
30,18,79,272,ai4bharat,tel
17,10,47,144,ai4bharat,tel
14,11,41,210,ai4bharat,tel
29,14,64,375,ai4bharat,tel
22,9,45,197,ai4bharat,tel
25,17,75,350,ai4bharat,tel
50,18,89,382,ai4bharat,tel
35,21,92,452,ai4bharat,tel
31,18,76,334,ai4bharat,tel
13,5,38,99,ai4bharat,tel
33,10,73,225,ai4bharat,tel
35,14,81,312,ai4bharat,tel
43,21,105,457,ai4bharat,tel
25,12,61,321,ai4bharat,tel
38,21,84,389,ai4bharat,tel
31,17,103,345,ai4bharat,tel
50,34,144,627,ai4bharat,tel
20,13,55,276,ai4bharat,tel
21,11,59,272,ai4bharat,tel
40,24,119,518,ai4bharat,tel
55,37,155,802,ai4bharat,tel
24,12,60,295,ai4bharat,tel
25,14,67,301,ai4bharat,tel
44,22,91,494,ai4bharat,tel
44,22,99,483,ai4bharat,tel
39,19,90,472,ai4bharat,tel
57,29,125,619,ai4bharat,tel
25,17,75,327,ai4bharat,tel
38,23,110,438,ai4bharat,tel
20,12,50,206,ai4bharat,tel
38,22,121,397,ai4bharat,tel
31,14,62,329,ai4bharat,tel
18,9,46,261,ai4bharat,tel
22,13,55,266,ai4bharat,tel
34,20,87,423,ai4bharat,tel
17,9,39,195,ai4bharat,tel
23,13,50,213,ai4bharat,tel
29,17,83,363,ai4bharat,tel
33,19,91,431,ai4bharat,tel
21,11,45,224,ai4bharat,tel
28,14,72,391,ai4bharat,tel
32,17,72,376,ai4bharat,tel
27,16,73,344,ai4bharat,tel
10,9,37,183,ai4bharat,tel
16,13,50,226,ai4bharat,tel
26,18,78,353,ai4bharat,tel
27,18,65,280,ai4bharat,tel
16,8,36,167,ai4bharat,tel
18,11,44,223,ai4bharat,tel
25,17,81,329,ai4bharat,tel
25,12,54,267,ai4bharat,tel
29,17,69,290,ai4bharat,tel
16,11,45,194,ai4bharat,tel
19,9,45,180,ai4bharat,tel
20,12,50,247,ai4bharat,tel
34,20,86,410,ai4bharat,tel
14,6,29,136,ai4bharat,tel
41,18,79,345,ai4bharat,tel
26,14,53,237,ai4bharat,tel
41,23,90,462,ai4bharat,tel
32,17,83,407,ai4bharat,tel
24,14,67,351,ai4bharat,tel
21,10,48,246,ai4bharat,tel
38,21,88,414,ai4bharat,tel
29,17,75,351,ai4bharat,tel
23,16,66,313,ai4bharat,tel
20,10,46,203,ai4bharat,tel
28,18,69,324,ai4bharat,tel
16,8,35,147,ai4bharat,tel
28,16,70,284,ai4bharat,tel
70,41,182,793,ai4bharat,tel
41,22,104,452,ai4bharat,tel
27,15,61,312,ai4bharat,tel
32,21,86,415,ai4bharat,tel
18,14,56,241,ai4bharat,tel
25,17,77,424,ai4bharat,tel
10,7,29,125,ai4bharat,tel
15,10,40,168,ai4bharat,tel
29,22,94,432,ai4bharat,tel
29,15,72,342,ai4bharat,tel
27,14,75,371,ai4bharat,tel
25,12,58,274,ai4bharat,tel
32,14,68,335,ai4bharat,tel
22,17,67,321,ai4bharat,tel
23,16,64,311,ai4bharat,tel
9,7,25,119,ai4bharat,tel
21,12,54,275,ai4bharat,tel
30,16,71,388,ai4bharat,tel
40,25,115,479,ai4bharat,tel
32,17,73,369,ai4bharat,tel
32,22,86,407,ai4bharat,tel
25,13,52,277,ai4bharat,tel
30,13,57,261,ai4bharat,tel
31,14,65,330,ai4bharat,tel
48,23,98,482,ai4bharat,tel
25,10,46,212,ai4bharat,tel
19,10,55,248,ai4bharat,tel
32,22,91,367,ai4bharat,tel
77,42,181,765,ai4bharat,tel
36,24,100,488,ai4bharat,tel
16,11,48,243,ai4bharat,tel
40,24,106,508,ai4bharat,tel
30,14,55,255,ai4bharat,tel
19,10,51,247,ai4bharat,tel
16,8,40,214,ai4bharat,tel
7,6,23,103,ai4bharat,tel
19,15,64,315,ai4bharat,tel
15,9,36,189,ai4bharat,tel
16,8,36,190,ai4bharat,tel
23,11,46,212,ai4bharat,tel
27,18,77,382,ai4bharat,tel
32,20,87,433,ai4bharat,tel
31,17,109,389,ai4bharat,tel
29,16,71,350,ai4bharat,tel
29,15,74,364,ai4bharat,tel
28,15,67,285,ai4bharat,tel
29,21,109,519,ai4bharat,tel
35,17,85,438,ai4bharat,tel
36,20,99,495,ai4bharat,tel
40,26,107,481,ai4bharat,tel
25,14,63,305,ai4bharat,tel
17,10,47,148,ai4bharat,tel
26,18,82,396,ai4bharat,tel
21,12,63,251,ai4bharat,tel
19,11,55,259,ai4bharat,tel
30,18,76,331,ai4bharat,tel
23,15,75,302,ai4bharat,tel
29,17,89,340,ai4bharat,tel
17,8,52,232,ai4bharat,tel
23,12,62,176,ai4bharat,tel
19,12,51,273,ai4bharat,tel
15,9,40,192,ai4bharat,tel
31,15,64,324,ai4bharat,tel
17,7,31,145,ai4bharat,tel
18,11,51,249,ai4bharat,tel
19,12,53,210,ai4bharat,tel
27,17,73,334,ai4bharat,tel
17,8,37,206,ai4bharat,tel
20,13,60,281,ai4bharat,tel
20,12,56,286,ai4bharat,tel
23,14,70,348,ai4bharat,tel
22,15,68,333,ai4bharat,tel
10,7,29,148,ai4bharat,tel
45,24,106,497,ai4bharat,tel
45,22,113,494,ai4bharat,tel
27,19,82,327,ai4bharat,tel
40,24,109,535,ai4bharat,tel
25,18,77,364,ai4bharat,tel
30,22,97,468,ai4bharat,tel
44,27,113,478,ai4bharat,tel
17,10,58,253,ai4bharat,tel
29,22,117,438,ai4bharat,tel
22,18,77,363,ai4bharat,tel
34,17,83,393,ai4bharat,tel
35,17,76,414,ai4bharat,tel
26,20,77,332,ai4bharat,tel
17,9,43,189,ai4bharat,tel
11,8,37,153,ai4bharat,tel
38,26,101,503,ai4bharat,tel
42,25,133,689,ai4bharat,tel
31,19,83,406,ai4bharat,tel
24,15,69,321,ai4bharat,tel
27,15,63,315,ai4bharat,tel
82,43,193,968,ai4bharat,tel
18,10,46,215,ai4bharat,tel
32,16,71,340,ai4bharat,tel
52,27,134,605,ai4bharat,tel
22,14,57,257,ai4bharat,tel
23,13,50,225,ai4bharat,tel
23,14,59,261,ai4bharat,tel
30,15,71,349,ai4bharat,tel
20,12,50,215,ai4bharat,tel
30,19,74,329,ai4bharat,tel
31,16,75,349,ai4bharat,tel
29,13,64,301,ai4bharat,tel
44,24,111,527,ai4bharat,tel
20,13,53,245,ai4bharat,tel
20,13,59,299,ai4bharat,tel
33,16,85,456,ai4bharat,tel
23,14,59,275,ai4bharat,tel
21,16,69,314,ai4bharat,tel
15,10,44,182,ai4bharat,tel
27,17,59,281,ai4bharat,tel
38,20,83,376,ai4bharat,tel
17,12,50,229,ai4bharat,tel
18,11,45,237,ai4bharat,tel
25,15,58,242,ai4bharat,tel
23,16,74,335,ai4bharat,tel
42,27,105,490,ai4bharat,tel
35,20,82,352,ai4bharat,tel
34,14,64,295,ai4bharat,tel
26,14,52,244,ai4bharat,tel
45,21,104,471,ai4bharat,tel
28,15,75,345,ai4bharat,tel
40,24,102,445,ai4bharat,tel
51,36,147,659,ai4bharat,tel
37,27,116,520,ai4bharat,tel
17,12,51,205,ai4bharat,tel
28,18,86,410,ai4bharat,tel
25,17,74,326,ai4bharat,tel
34,21,91,429,ai4bharat,tel
31,16,80,372,ai4bharat,tel
36,11,62,276,ai4bharat,tel
32,22,89,423,ai4bharat,tel
28,14,73,240,ai4bharat,tel
37,25,107,463,ai4bharat,tel
40,26,104,442,ai4bharat,tel
25,16,61,239,ai4bharat,tel
46,26,112,494,ai4bharat,tel
26,15,69,324,ai4bharat,tel
20,14,67,291,ai4bharat,tel
39,21,89,382,ai4bharat,tel
35,15,72,295,ai4bharat,tel
25,13,66,311,ai4bharat,tel
26,16,71,323,ai4bharat,tel
26,12,59,306,ai4bharat,tel
10,7,28,136,ai4bharat,tel
13,8,35,177,ai4bharat,tel
22,7,34,139,ai4bharat,tel
20,14,59,292,ai4bharat,tel
15,10,46,161,ai4bharat,tel
48,32,129,646,ai4bharat,tel
19,10,48,233,ai4bharat,tel
39,18,84,412,ai4bharat,tel
22,14,62,297,ai4bharat,tel
18,13,44,172,ai4bharat,tel
35,18,91,390,ai4bharat,tel
43,26,114,456,ai4bharat,tel
14,7,33,146,ai4bharat,tel
30,15,59,321,ai4bharat,tel
32,17,93,361,ai4bharat,tel
29,14,75,278,ai4bharat,tel
23,16,65,342,ai4bharat,tel
29,16,70,275,ai4bharat,tel
49,28,122,547,ai4bharat,tel
32,17,87,453,ai4bharat,tel
22,13,72,320,ai4bharat,tel
30,18,81,383,ai4bharat,tel
26,15,72,345,ai4bharat,tel
14,11,44,216,ai4bharat,tel
28,15,70,340,ai4bharat,tel
29,23,96,393,ai4bharat,tel
44,18,83,386,ai4bharat,tel
24,15,70,352,ai4bharat,tel
26,14,63,275,ai4bharat,tel
30,14,78,293,ai4bharat,tel
23,15,60,281,ai4bharat,tel
49,28,126,593,ai4bharat,tel
42,23,102,451,ai4bharat,tel
56,25,130,540,ai4bharat,tel
28,18,95,186,ai4bharat,tel
23,13,63,310,ai4bharat,tel
16,11,52,243,ai4bharat,tel
30,18,78,336,ai4bharat,tel
24,18,75,379,ai4bharat,tel
17,9,44,149,ai4bharat,tel
30,16,67,321,ai4bharat,tel
23,15,68,297,ai4bharat,tel
32,17,77,354,ai4bharat,tel
28,17,80,367,ai4bharat,tel
17,12,64,237,ai4bharat,tel
18,13,60,287,ai4bharat,tel
15,11,46,230,ai4bharat,tel
26,16,78,381,ai4bharat,tel
27,20,83,430,ai4bharat,tel
26,7,43,211,ai4bharat,tel
40,25,128,586,ai4bharat,tel
26,17,81,398,ai4bharat,tel
28,14,67,330,ai4bharat,tel
19,13,57,229,ai4bharat,tel
24,16,75,363,ai4bharat,tel
18,12,61,317,ai4bharat,tel
37,21,86,373,ai4bharat,tel
30,23,90,399,ai4bharat,tel
41,25,110,509,ai4bharat,tel
19,12,52,237,ai4bharat,tel
33,19,84,387,ai4bharat,tel
42,26,117,574,ai4bharat,tel
23,17,80,392,ai4bharat,tel
34,16,66,292,ai4bharat,tel
20,13,53,244,ai4bharat,tel
44,25,119,486,ai4bharat,tel
19,12,51,253,ai4bharat,tel
22,15,61,283,ai4bharat,tel
26,19,80,349,ai4bharat,tel
35,25,109,484,ai4bharat,tel
16,9,43,121,ai4bharat,tel
31,16,74,359,ai4bharat,tel
55,26,115,524,ai4bharat,tel
40,18,85,410,ai4bharat,tel
26,18,79,344,ai4bharat,tel
39,27,94,417,ai4bharat,tel
37,21,86,424,ai4bharat,tel
38,23,95,464,ai4bharat,tel
60,33,148,638,ai4bharat,tel
27,17,70,345,ai4bharat,tel
20,13,51,220,ai4bharat,tel
31,15,67,289,ai4bharat,tel
20,11,60,213,ai4bharat,tel
38,23,95,499,ai4bharat,tel
25,16,76,312,ai4bharat,tel
18,11,52,276,ai4bharat,tel
33,19,87,320,ai4bharat,tel
24,16,66,283,ai4bharat,tel
44,33,139,646,ai4bharat,tel
45,30,151,733,ai4bharat,tel
11,10,49,226,ai4bharat,tel
30,19,86,459,ai4bharat,tel
32,22,104,455,ai4bharat,tel
29,14,61,299,ai4bharat,tel
51,29,139,650,ai4bharat,tel
29,13,74,383,ai4bharat,tel
25,17,71,294,ai4bharat,tel
31,25,104,450,ai4bharat,tel
19,12,49,246,ai4bharat,tel
17,13,52,185,ai4bharat,tel
14,7,35,202,ai4bharat,tel
24,14,64,276,ai4bharat,tel
36,27,132,609,ai4bharat,tel
21,15,75,343,ai4bharat,tel
34,22,101,469,ai4bharat,tel
21,15,70,345,ai4bharat,tel
27,20,84,405,ai4bharat,tel
25,13,57,269,ai4bharat,tel
28,14,74,324,ai4bharat,tel
30,18,78,350,ai4bharat,tel
56,29,162,786,ai4bharat,tel
57,35,170,846,ai4bharat,tel
17,12,59,291,ai4bharat,tel
18,11,57,267,ai4bharat,tel
42,22,108,530,ai4bharat,tel
28,18,83,397,ai4bharat,tel
33,25,108,539,ai4bharat,tel
41,25,126,440,ai4bharat,tel
38,20,104,546,ai4bharat,tel
22,15,63,284,ai4bharat,tel
23,13,54,244,ai4bharat,tel
15,10,45,193,ai4bharat,tel
24,15,72,344,ai4bharat,tel
15,10,40,199,ai4bharat,tel
10,8,40,186,ai4bharat,tel
15,11,49,242,ai4bharat,tel
30,13,81,310,ai4bharat,tel
36,19,102,464,ai4bharat,tel
31,17,82,407,ai4bharat,tel
23,13,59,302,ai4bharat,tel
42,24,101,489,ai4bharat,tel
23,15,69,339,ai4bharat,tel
27,12,61,287,ai4bharat,tel
23,13,58,314,ai4bharat,tel
25,13,62,301,ai4bharat,tel
34,19,85,378,ai4bharat,tel
35,13,70,260,ai4bharat,tel
28,18,79,359,ai4bharat,tel
40,21,98,447,ai4bharat,tel
36,21,99,433,ai4bharat,tel
26,17,75,352,ai4bharat,tel
28,16,76,406,ai4bharat,tel
37,24,100,467,ai4bharat,tel
37,20,89,363,ai4bharat,tel
23,15,62,291,ai4bharat,tel
25,20,78,387,ai4bharat,tel
23,14,60,300,ai4bharat,tel
28,18,76,350,ai4bharat,tel
30,14,64,313,ai4bharat,tel
35,15,70,346,ai4bharat,tel
39,19,95,486,ai4bharat,tel
34,24,113,514,ai4bharat,tel
23,14,63,336,ai4bharat,tel
54,20,105,492,ai4bharat,tel
33,17,83,368,ai4bharat,tel
74,42,199,943,ai4bharat,tel
26,17,89,391,ai4bharat,tel
36,26,114,521,ai4bharat,tel
37,22,115,551,ai4bharat,tel
23,13,62,293,ai4bharat,tel
25,16,71,330,ai4bharat,tel
23,14,67,317,ai4bharat,tel
27,13,63,314,ai4bharat,tel
52,30,132,592,ai4bharat,tel
14,6,27,149,ai4bharat,tel
33,23,100,471,ai4bharat,tel
31,19,88,432,ai4bharat,tel
20,13,55,248,ai4bharat,tel
23,13,59,265,ai4bharat,tel
38,22,95,410,ai4bharat,tel
19,7,36,178,ai4bharat,tel
45,20,122,439,ai4bharat,tel
31,20,101,490,ai4bharat,tel
38,20,93,459,ai4bharat,tel
32,20,91,412,ai4bharat,tel
49,30,125,638,ai4bharat,tel
23,12,75,205,ai4bharat,tel
27,16,73,377,ai4bharat,tel
33,20,84,368,ai4bharat,tel
31,18,72,315,ai4bharat,tel
43,14,73,343,ai4bharat,tel
20,10,45,194,ai4bharat,tel
14,10,41,199,ai4bharat,tel
31,16,64,286,ai4bharat,tel
21,15,67,321,ai4bharat,tel
38,24,99,436,ai4bharat,tel
29,18,86,395,ai4bharat,tel
26,15,70,298,ai4bharat,tel
14,10,37,154,ai4bharat,tel
22,12,51,225,ai4bharat,tel
26,16,70,311,ai4bharat,tel
41,24,107,523,ai4bharat,tel
39,21,99,448,ai4bharat,tel
26,15,65,292,ai4bharat,tel
16,11,48,220,ai4bharat,tel
21,15,56,283,ai4bharat,tel
12,9,36,168,ai4bharat,tel
22,14,70,355,ai4bharat,tel
28,20,86,453,ai4bharat,tel
40,23,124,558,ai4bharat,tel
26,12,55,303,ai4bharat,tel
16,10,48,253,ai4bharat,tel
21,11,48,265,ai4bharat,tel
31,18,85,390,ai4bharat,tel
41,19,94,437,ai4bharat,tel
26,14,63,312,ai4bharat,tel
19,13,59,202,ai4bharat,tel
24,12,64,247,ai4bharat,tel
37,22,81,386,ai4bharat,tel
45,26,120,562,ai4bharat,tel
31,14,74,338,ai4bharat,tel
27,16,78,392,ai4bharat,tel
31,19,98,440,ai4bharat,tel
22,10,50,233,ai4bharat,tel
23,16,65,290,ai4bharat,tel
26,17,73,368,ai4bharat,tel
30,21,99,486,ai4bharat,tel
21,17,75,378,ai4bharat,tel
20,15,64,312,ai4bharat,tel
36,21,104,495,ai4bharat,tel
30,25,98,478,ai4bharat,tel
21,14,65,320,ai4bharat,tel
29,17,87,450,ai4bharat,tel
34,18,80,343,ai4bharat,tel
17,12,53,231,ai4bharat,tel
33,19,102,474,ai4bharat,tel
20,11,48,221,ai4bharat,tel
19,11,56,284,ai4bharat,tel
22,10,41,173,ai4bharat,tel
20,11,47,260,ai4bharat,tel
33,24,101,482,ai4bharat,tel
16,8,43,208,ai4bharat,tel
23,17,70,302,ai4bharat,tel
15,9,36,163,ai4bharat,tel
18,13,49,216,ai4bharat,tel
25,14,60,228,ai4bharat,tel
34,17,82,404,ai4bharat,tel
35,18,79,373,ai4bharat,tel
21,17,64,267,ai4bharat,tel
18,10,48,217,ai4bharat,tel
23,18,81,364,ai4bharat,tel
13,6,26,117,ai4bharat,tel
36,27,118,516,ai4bharat,tel
35,21,97,465,ai4bharat,tel
45,26,113,519,ai4bharat,tel
26,14,65,318,ai4bharat,tel
21,12,54,255,ai4bharat,tel
19,11,46,210,ai4bharat,tel
24,16,68,314,ai4bharat,tel
24,11,49,231,ai4bharat,tel
13,9,37,178,ai4bharat,tel
16,10,47,225,ai4bharat,tel
23,12,55,307,ai4bharat,tel
14,9,41,204,ai4bharat,tel
30,15,64,346,ai4bharat,tel
28,18,69,331,ai4bharat,tel
25,16,64,324,ai4bharat,tel
22,12,47,233,ai4bharat,tel
22,15,60,239,ai4bharat,tel
14,9,33,162,ai4bharat,tel
22,15,60,277,ai4bharat,tel
22,15,71,363,ai4bharat,tel
32,14,76,389,ai4bharat,tel
33,26,107,539,ai4bharat,tel
27,16,71,282,ai4bharat,tel
47,24,122,574,ai4bharat,tel
32,21,107,490,ai4bharat,tel
32,22,90,453,ai4bharat,tel
15,9,38,184,ai4bharat,tel
16,10,46,205,ai4bharat,tel
20,14,54,267,ai4bharat,tel
19,11,48,242,ai4bharat,tel
35,26,111,537,ai4bharat,tel
33,18,90,273,ai4bharat,tel
30,14,67,336,ai4bharat,tel
33,21,101,466,ai4bharat,tel
31,19,89,425,ai4bharat,tel
26,16,84,411,ai4bharat,tel
26,15,74,376,ai4bharat,tel
26,12,65,300,ai4bharat,tel
36,19,94,492,ai4bharat,tel
17,11,51,248,ai4bharat,tel
39,25,113,502,ai4bharat,tel
22,16,75,362,ai4bharat,tel
25,19,95,403,ai4bharat,tel
40,26,111,504,ai4bharat,tel
21,13,64,270,ai4bharat,tel
25,17,85,381,ai4bharat,tel
19,13,63,311,ai4bharat,tel
32,20,100,496,ai4bharat,tel
31,19,90,431,ai4bharat,tel
37,20,96,524,ai4bharat,tel
34,20,86,428,ai4bharat,tel
45,30,149,744,ai4bharat,tel
41,23,107,551,ai4bharat,tel
26,16,83,401,ai4bharat,tel
42,24,128,583,ai4bharat,tel
23,14,69,375,ai4bharat,tel
67,34,192,917,ai4bharat,tel
38,20,94,438,ai4bharat,tel
29,16,70,332,ai4bharat,tel
21,13,55,271,ai4bharat,tel
31,15,63,283,ai4bharat,tel
28,14,66,295,ai4bharat,tel
14,9,36,201,ai4bharat,tel
20,10,50,221,ai4bharat,tel
25,20,74,356,ai4bharat,tel
26,14,59,294,ai4bharat,tel
30,17,84,413,ai4bharat,tel
23,12,52,259,ai4bharat,tel
20,14,60,300,ai4bharat,tel
15,8,39,164,ai4bharat,tel
31,18,94,417,ai4bharat,tel
31,18,86,386,ai4bharat,tel
43,18,91,448,ai4bharat,tel
29,19,78,359,ai4bharat,tel
42,17,78,402,ai4bharat,tel
18,10,54,209,ai4bharat,tel
42,20,92,442,ai4bharat,tel
20,13,55,206,ai4bharat,tel
30,17,72,352,ai4bharat,tel
29,19,91,443,ai4bharat,tel
34,15,66,343,ai4bharat,tel
36,17,77,354,ai4bharat,tel
26,12,69,256,ai4bharat,tel
25,16,66,303,ai4bharat,tel
20,15,63,272,ai4bharat,tel
22,15,64,208,ai4bharat,tel
26,17,74,319,ai4bharat,tel
39,19,85,394,ai4bharat,tel
34,16,79,345,ai4bharat,tel
23,13,77,326,ai4bharat,tel
20,14,56,261,ai4bharat,tel
26,18,76,381,ai4bharat,tel
22,16,59,292,ai4bharat,tel
34,20,78,377,ai4bharat,tel
27,15,58,265,ai4bharat,tel
31,18,69,327,ai4bharat,tel
30,21,94,440,ai4bharat,tel
38,20,85,400,ai4bharat,tel
27,15,77,346,ai4bharat,tel
28,19,79,332,ai4bharat,tel
29,14,65,274,ai4bharat,tel
38,21,96,389,ai4bharat,tel
45,22,112,457,ai4bharat,tel
15,14,57,270,ai4bharat,tel
28,17,74,363,ai4bharat,tel
32,19,85,339,ai4bharat,tel
50,21,100,446,ai4bharat,tel
27,21,77,318,ai4bharat,tel
26,18,75,321,ai4bharat,tel
24,14,61,321,ai4bharat,tel
32,17,77,399,ai4bharat,tel
39,21,92,412,ai4bharat,tel
45,21,105,449,ai4bharat,tel
14,6,34,183,ai4bharat,tel
28,14,62,298,ai4bharat,tel
21,9,45,246,ai4bharat,tel
18,10,45,244,ai4bharat,tel
15,12,48,225,ai4bharat,tel
28,18,69,334,ai4bharat,tel
27,13,69,183,ai4bharat,tel
20,13,49,274,ai4bharat,tel
25,17,71,398,ai4bharat,tel
36,24,121,624,ai4bharat,tel
23,13,57,317,ai4bharat,tel
28,13,65,340,ai4bharat,tel
29,13,69,262,ai4bharat,tel
35,24,107,530,ai4bharat,tel
28,14,67,286,ai4bharat,tel
30,16,80,359,ai4bharat,tel
34,21,93,392,ai4bharat,tel
37,15,67,284,ai4bharat,tel
53,22,108,466,ai4bharat,tel
50,19,107,469,ai4bharat,tel
25,15,60,238,ai4bharat,tel
16,11,51,199,ai4bharat,tel
37,16,81,382,ai4bharat,tel
20,13,59,276,ai4bharat,tel
32,20,86,401,ai4bharat,tel
25,16,69,303,ai4bharat,tel
35,19,88,432,ai4bharat,tel
25,17,65,282,ai4bharat,tel
31,17,72,390,ai4bharat,tel
24,14,63,298,ai4bharat,tel
37,23,105,399,ai4bharat,tel
19,11,45,252,ai4bharat,tel
24,13,62,275,ai4bharat,tel
45,22,91,407,ai4bharat,tel
22,11,52,252,ai4bharat,tel
31,17,78,349,ai4bharat,tel
26,11,62,262,ai4bharat,tel
35,25,99,423,ai4bharat,tel
28,18,74,338,ai4bharat,tel
30,17,70,345,ai4bharat,tel
19,13,62,319,ai4bharat,tel
37,23,89,453,ai4bharat,tel
33,22,86,451,ai4bharat,tel
34,24,102,432,ai4bharat,tel
20,14,57,252,ai4bharat,tel
31,22,96,470,ai4bharat,tel
23,16,68,323,ai4bharat,tel
21,12,59,310,ai4bharat,tel
13,10,39,196,ai4bharat,tel
31,23,95,448,ai4bharat,tel
31,17,82,389,ai4bharat,tel
38,23,111,529,ai4bharat,tel
31,19,97,467,ai4bharat,tel
53,21,96,429,ai4bharat,tel
33,19,86,425,ai4bharat,tel
26,18,68,343,ai4bharat,tel
20,12,53,259,ai4bharat,tel
24,15,63,272,ai4bharat,tel
20,17,71,334,ai4bharat,tel
18,11,54,260,ai4bharat,tel
30,17,78,373,ai4bharat,tel
30,18,85,399,ai4bharat,tel
25,11,57,284,ai4bharat,tel
38,21,91,344,ai4bharat,tel
22,16,69,321,ai4bharat,tel
23,16,62,288,ai4bharat,tel
28,18,81,365,ai4bharat,tel
23,19,87,390,ai4bharat,tel
32,14,71,249,ai4bharat,tel
34,20,83,400,ai4bharat,tel
29,19,79,384,ai4bharat,tel
26,15,73,340,ai4bharat,tel
19,12,56,298,ai4bharat,tel
19,12,51,259,ai4bharat,tel
33,24,104,470,ai4bharat,tel
17,10,44,206,ai4bharat,tel
37,19,86,480,ai4bharat,tel
30,19,89,404,ai4bharat,tel
19,15,64,331,ai4bharat,tel
27,18,81,413,ai4bharat,tel
35,20,117,368,ai4bharat,tel
43,24,102,468,ai4bharat,tel
42,26,119,454,ai4bharat,tel
26,14,64,279,ai4bharat,tel
34,19,81,391,ai4bharat,tel
30,15,65,346,ai4bharat,tel
40,22,88,381,ai4bharat,tel
29,17,80,350,ai4bharat,tel
25,15,67,283,ai4bharat,tel
15,9,38,145,ai4bharat,tel
32,22,112,523,ai4bharat,tel
26,16,76,324,ai4bharat,tel
29,19,71,330,ai4bharat,tel
53,26,119,536,ai4bharat,tel
20,10,39,187,ai4bharat,tel
26,16,69,323,ai4bharat,tel
47,20,100,526,ai4bharat,tel
26,15,57,247,ai4bharat,tel
44,24,100,469,ai4bharat,tel
43,25,94,430,ai4bharat,tel
36,21,94,484,ai4bharat,tel
45,21,84,449,ai4bharat,tel
39,23,103,490,ai4bharat,tel
20,13,48,211,ai4bharat,tel
35,19,89,440,ai4bharat,tel
26,15,53,302,ai4bharat,tel
44,25,108,506,ai4bharat,tel
13,9,35,168,ai4bharat,tel
49,34,132,664,ai4bharat,tel
37,26,110,545,ai4bharat,tel
13,8,32,156,ai4bharat,tel
23,18,66,316,ai4bharat,tel
37,23,92,401,ai4bharat,tel
26,19,87,422,ai4bharat,tel
21,15,69,319,ai4bharat,tel
21,14,69,329,ai4bharat,tel
32,20,84,369,ai4bharat,tel
41,26,101,460,ai4bharat,tel
23,14,62,297,ai4bharat,tel
51,28,149,653,ai4bharat,tel
31,18,71,367,ai4bharat,tel
23,17,74,339,ai4bharat,tel
23,12,64,308,ai4bharat,tel
19,12,56,270,ai4bharat,tel
28,16,79,359,ai4bharat,tel
29,21,101,443,ai4bharat,tel
21,14,74,337,ai4bharat,tel
38,19,90,375,ai4bharat,tel
20,12,56,273,ai4bharat,tel
23,19,88,452,ai4bharat,tel
16,9,42,228,ai4bharat,tel
22,13,73,250,ai4bharat,tel
19,13,63,299,ai4bharat,tel
23,19,74,332,ai4bharat,tel
38,13,74,327,ai4bharat,tel
26,15,83,429,ai4bharat,tel
35,22,85,391,ai4bharat,tel
17,12,51,258,ai4bharat,tel
19,15,62,261,ai4bharat,tel
28,15,61,306,ai4bharat,tel
27,17,65,288,ai4bharat,tel
33,22,87,417,ai4bharat,tel
21,13,63,307,ai4bharat,tel
19,13,50,215,ai4bharat,tel
31,20,82,379,ai4bharat,tel
26,18,71,334,ai4bharat,tel
22,15,69,342,ai4bharat,tel
24,18,74,371,ai4bharat,tel
25,17,81,378,ai4bharat,tel
16,12,54,240,ai4bharat,tel
19,14,56,252,ai4bharat,tel
21,13,55,275,ai4bharat,tel
26,19,72,326,ai4bharat,tel
21,10,38,182,ai4bharat,tel
20,8,42,215,ai4bharat,tel
34,19,88,367,ai4bharat,tel
34,15,68,355,ai4bharat,tel
33,15,71,371,ai4bharat,tel
25,13,55,296,ai4bharat,tel
47,18,93,466,ai4bharat,tel
37,21,79,360,ai4bharat,tel
22,13,54,247,ai4bharat,tel
34,26,93,417,ai4bharat,tel
30,14,62,298,ai4bharat,tel
21,13,56,272,ai4bharat,tel
19,11,52,279,ai4bharat,tel
31,18,91,446,ai4bharat,tel
26,19,78,380,ai4bharat,tel
12,9,38,195,ai4bharat,tel
37,19,82,368,ai4bharat,tel
12,7,27,125,ai4bharat,tel
28,17,70,300,ai4bharat,tel
24,14,56,245,ai4bharat,tel
34,17,77,364,ai4bharat,tel
18,11,66,206,ai4bharat,tel
20,14,58,314,ai4bharat,tel
21,15,66,281,ai4bharat,tel
40,25,102,464,ai4bharat,tel
42,22,103,458,ai4bharat,tel
26,17,70,315,ai4bharat,tel
41,17,87,349,ai4bharat,tel
39,23,106,509,ai4bharat,tel
20,17,68,308,ai4bharat,tel
25,17,71,354,ai4bharat,tel
29,18,81,379,ai4bharat,tel
38,26,105,448,ai4bharat,tel
38,24,98,445,ai4bharat,tel
22,16,63,299,ai4bharat,tel
36,26,112,548,ai4bharat,tel
21,10,51,246,ai4bharat,tel
14,7,32,151,ai4bharat,tel
40,26,104,500,ai4bharat,tel
22,12,56,265,ai4bharat,tel
15,6,27,148,ai4bharat,tel
32,19,85,354,ai4bharat,tel
34,23,92,428,ai4bharat,tel
57,32,150,691,ai4bharat,tel
28,14,61,314,ai4bharat,tel
20,9,42,216,ai4bharat,tel
13,9,36,159,ai4bharat,tel
41,27,123,561,ai4bharat,tel
22,12,46,226,ai4bharat,tel
50,15,81,383,ai4bharat,tel
23,14,68,339,ai4bharat,tel
53,23,108,466,ai4bharat,tel
26,14,70,270,ai4bharat,tel
25,12,44,231,ai4bharat,tel
36,21,100,476,ai4bharat,tel
24,15,64,310,ai4bharat,tel
15,10,51,242,ai4bharat,tel
42,24,111,515,ai4bharat,tel
21,9,44,205,ai4bharat,tel
50,26,135,543,ai4bharat,tel
21,11,48,243,ai4bharat,tel
42,22,99,392,ai4bharat,tel
27,17,71,321,ai4bharat,tel
14,10,36,169,ai4bharat,tel
44,20,92,427,ai4bharat,tel
25,12,55,283,ai4bharat,tel
42,26,115,569,ai4bharat,tel
18,9,37,187,ai4bharat,tel
45,30,126,584,ai4bharat,tel
38,21,101,470,ai4bharat,tel
38,23,92,413,ai4bharat,tel
26,17,66,306,ai4bharat,tel
17,10,40,208,ai4bharat,tel
36,22,100,440,ai4bharat,tel
22,11,55,237,ai4bharat,tel
28,17,70,316,ai4bharat,tel
25,14,68,198,ai4bharat,tel
16,8,41,200,ai4bharat,tel
29,19,94,432,ai4bharat,tel
19,9,40,211,ai4bharat,tel
23,15,69,356,ai4bharat,tel
21,11,58,269,ai4bharat,tel
24,19,77,363,ai4bharat,tel
20,13,69,319,ai4bharat,tel
26,13,51,245,ai4bharat,tel
16,10,37,175,ai4bharat,tel
31,20,78,373,ai4bharat,tel
22,14,69,342,ai4bharat,tel
24,12,69,334,ai4bharat,tel
23,18,84,389,ai4bharat,tel
43,25,112,504,ai4bharat,tel
38,18,77,376,ai4bharat,tel
28,14,59,312,ai4bharat,tel
17,7,34,166,ai4bharat,tel
49,22,102,420,ai4bharat,tel
19,10,43,220,ai4bharat,tel
22,17,73,345,ai4bharat,tel
24,13,69,385,ai4bharat,tel
19,12,47,222,ai4bharat,tel
27,16,65,320,ai4bharat,tel
34,20,99,534,ai4bharat,tel
21,11,49,232,ai4bharat,tel
29,16,67,310,ai4bharat,tel
33,15,74,349,ai4bharat,tel
36,17,80,395,ai4bharat,tel
19,13,56,257,ai4bharat,tel
23,16,72,330,ai4bharat,tel
30,13,62,306,ai4bharat,tel
23,17,69,325,ai4bharat,tel
20,13,55,271,ai4bharat,tel
14,10,43,199,ai4bharat,tel
